0 verbose cli C:\Program Files\nodejs\node.exe C:\Program Files\nodejs\node_modules\npm\bin\npm-cli.js
1 info using npm@11.9.0
2 info using node@v24.14.0
3 silly config load:file:C:\Program Files\nodejs\node_modules\npm\npmrc
4 silly config load:file:C:\Users\Stephen\Documents\New project\.npmrc
5 silly config load:file:C:\Users\Stephen\.npmrc
6 silly config load:file:C:\Users\Stephen\AppData\Roaming\npm\etc\npmrc
7 verbose title npm install
8 verbose argv "install" "--cache" ".\\.npm-cache"
9 verbose logfile logs-max:10 dir:C:\Users\Stephen\Documents\New project\.npm-cache\_logs\2026-05-11T12_31_05_114Z-
10 verbose logfile C:\Users\Stephen\Documents\New project\.npm-cache\_logs\2026-05-11T12_31_05_114Z-debug-0.log
11 silly logfile done cleaning log files
12 silly packumentCache heap:4496293888 maxSize:1124073472 maxEntrySize:562036736
13 silly idealTree buildDeps
14 silly fetch manifest @eslint/js@^9.27.0
15 silly packumentCache full:https://registry.npmjs.org/@eslint%2fjs cache-miss
16 http fetch GET 200 https://registry.npmjs.org/npm 189ms
17 http fetch GET 200 https://registry.npmjs.org/@eslint%2fjs 162ms (cache miss)
18 silly packumentCache full:https://registry.npmjs.org/@eslint%2fjs set size:undefined disposed:false
19 silly fetch manifest concurrently@^9.1.2
20 silly packumentCache full:https://registry.npmjs.org/concurrently cache-miss
21 http fetch GET 200 https://registry.npmjs.org/concurrently 56ms (cache miss)
22 silly packumentCache full:https://registry.npmjs.org/concurrently set size:undefined disposed:false
23 silly fetch manifest eslint@^9.27.0
24 silly packumentCache full:https://registry.npmjs.org/eslint cache-miss
25 http fetch GET 200 https://registry.npmjs.org/eslint 87ms (cache miss)
26 silly packumentCache full:https://registry.npmjs.org/eslint set size:undefined disposed:false
27 silly fetch manifest jiti@*
28 silly packumentCache full:https://registry.npmjs.org/jiti cache-miss
29 http fetch GET 200 https://registry.npmjs.org/jiti 74ms (cache miss)
30 silly packumentCache full:https://registry.npmjs.org/jiti set size:undefined disposed:false
31 silly fetch manifest eslint-config-prettier@^10.1.5
32 silly packumentCache full:https://registry.npmjs.org/eslint-config-prettier cache-miss
33 http fetch GET 200 https://registry.npmjs.org/eslint-config-prettier 51ms (cache miss)
34 silly packumentCache full:https://registry.npmjs.org/eslint-config-prettier set size:undefined disposed:false
35 silly fetch manifest globals@^16.1.0
36 silly packumentCache full:https://registry.npmjs.org/globals cache-miss
37 http fetch GET 200 https://registry.npmjs.org/globals 51ms (cache miss)
38 silly packumentCache full:https://registry.npmjs.org/globals set size:undefined disposed:false
39 silly fetch manifest prettier@^3.5.3
40 silly packumentCache full:https://registry.npmjs.org/prettier cache-miss
41 http fetch GET 200 https://registry.npmjs.org/prettier 57ms (cache miss)
42 silly packumentCache full:https://registry.npmjs.org/prettier set size:undefined disposed:false
43 silly fetch manifest typescript-eslint@^8.32.1
44 silly packumentCache full:https://registry.npmjs.org/typescript-eslint cache-miss
45 http fetch GET 200 https://registry.npmjs.org/typescript-eslint 134ms (cache miss)
46 silly packumentCache full:https://registry.npmjs.org/typescript-eslint set size:undefined disposed:false
47 silly fetch manifest typescript@>=4.8.4 <6.1.0
48 silly packumentCache full:https://registry.npmjs.org/typescript cache-miss
49 http fetch GET 200 https://registry.npmjs.org/typescript 330ms (cache miss)
50 silly packumentCache full:https://registry.npmjs.org/typescript set size:undefined disposed:false
51 silly placeDep ROOT @erp/backend@0.1.0 OK for: drafting-design-erp@0.1.0 want: file:C:\Users\Stephen\Documents\New project\apps\backend
52 silly placeDep ROOT @erp/frontend@0.1.0 OK for: drafting-design-erp@0.1.0 want: file:C:\Users\Stephen\Documents\New project\apps\frontend
53 silly placeDep ROOT @eslint/js@9.39.4 OK for: drafting-design-erp@0.1.0 want: ^9.27.0
54 silly placeDep ROOT concurrently@9.2.1 OK for: drafting-design-erp@0.1.0 want: ^9.1.2
55 silly placeDep ROOT eslint@9.39.4 OK for: drafting-design-erp@0.1.0 want: ^9.27.0
56 silly placeDep ROOT eslint-config-prettier@10.1.8 OK for: drafting-design-erp@0.1.0 want: ^10.1.5
57 silly placeDep ROOT globals@16.5.0 OK for: drafting-design-erp@0.1.0 want: ^16.1.0
58 silly placeDep ROOT prettier@3.8.3 OK for: drafting-design-erp@0.1.0 want: ^3.5.3
59 silly placeDep ROOT typescript-eslint@8.59.2 OK for: drafting-design-erp@0.1.0 want: ^8.32.1
60 silly placeDep ROOT typescript@6.0.3 OK for: typescript-eslint@8.59.2 want: >=4.8.4 <6.1.0
61 silly fetch manifest rxjs@7.8.2
62 silly packumentCache full:https://registry.npmjs.org/rxjs cache-miss
63 silly fetch manifest chalk@4.1.2
64 silly packumentCache full:https://registry.npmjs.org/chalk cache-miss
65 silly fetch manifest yargs@17.7.2
66 silly packumentCache full:https://registry.npmjs.org/yargs cache-miss
67 silly fetch manifest tree-kill@1.2.2
68 silly packumentCache full:https://registry.npmjs.org/tree-kill cache-miss
69 silly fetch manifest shell-quote@1.8.3
70 silly packumentCache full:https://registry.npmjs.org/shell-quote cache-miss
71 silly fetch manifest supports-color@8.1.1
72 silly packumentCache full:https://registry.npmjs.org/supports-color cache-miss
73 silly fetch manifest ajv@^6.14.0
74 silly packumentCache full:https://registry.npmjs.org/ajv cache-miss
75 silly fetch manifest chalk@^4.0.0
76 silly packumentCache full:https://registry.npmjs.org/chalk cache-miss
77 silly fetch manifest debug@^4.3.2
78 silly packumentCache full:https://registry.npmjs.org/debug cache-miss
79 silly fetch manifest espree@^10.4.0
80 silly packumentCache full:https://registry.npmjs.org/espree cache-miss
81 silly fetch manifest ignore@^5.2.0
82 silly packumentCache full:https://registry.npmjs.org/ignore cache-miss
83 silly fetch manifest esquery@^1.5.0
84 silly packumentCache full:https://registry.npmjs.org/esquery cache-miss
85 silly fetch manifest esutils@^2.0.2
86 silly packumentCache full:https://registry.npmjs.org/esutils cache-miss
87 silly fetch manifest find-up@^5.0.0
88 silly packumentCache full:https://registry.npmjs.org/find-up cache-miss
89 silly fetch manifest is-glob@^4.0.0
90 silly packumentCache full:https://registry.npmjs.org/is-glob cache-miss
91 http fetch GET 200 https://registry.npmjs.org/rxjs 87ms (cache miss)
92 silly packumentCache full:https://registry.npmjs.org/rxjs set size:undefined disposed:false
93 silly fetch manifest minimatch@^3.1.5
94 silly packumentCache full:https://registry.npmjs.org/minimatch cache-miss
95 http fetch GET 200 https://registry.npmjs.org/yargs 96ms (cache miss)
96 silly packumentCache full:https://registry.npmjs.org/yargs set size:undefined disposed:false
97 silly fetch manifest optionator@^0.9.3
98 silly packumentCache full:https://registry.npmjs.org/optionator cache-miss
99 http fetch GET 200 https://registry.npmjs.org/shell-quote 118ms (cache miss)
100 silly packumentCache full:https://registry.npmjs.org/shell-quote set size:undefined disposed:false
101 silly fetch manifest cross-spawn@^7.0.6
102 silly packumentCache full:https://registry.npmjs.org/cross-spawn cache-miss
103 http fetch GET 200 https://registry.npmjs.org/tree-kill 129ms (cache miss)
104 silly packumentCache full:https://registry.npmjs.org/tree-kill set size:undefined disposed:false
105 silly fetch manifest glob-parent@^6.0.2
106 silly packumentCache full:https://registry.npmjs.org/glob-parent cache-miss
107 http fetch GET 200 https://registry.npmjs.org/chalk 149ms (cache miss)
108 silly packumentCache full:https://registry.npmjs.org/chalk set size:undefined disposed:false
109 silly fetch manifest imurmurhash@^0.1.4
110 silly packumentCache full:https://registry.npmjs.org/imurmurhash cache-miss
111 http fetch GET 200 https://registry.npmjs.org/chalk 149ms (cache miss)
112 silly packumentCache full:https://registry.npmjs.org/chalk set size:undefined disposed:false
113 silly fetch manifest @eslint/core@^0.17.0
114 silly packumentCache full:https://registry.npmjs.org/@eslint%2fcore cache-miss
115 http fetch GET 200 https://registry.npmjs.org/esquery 154ms (cache miss)
116 silly packumentCache full:https://registry.npmjs.org/esquery set size:undefined disposed:false
117 silly fetch manifest eslint-scope@^8.4.0
118 silly packumentCache full:https://registry.npmjs.org/eslint-scope cache-miss
119 http fetch GET 200 https://registry.npmjs.org/is-glob 158ms (cache miss)
120 silly packumentCache full:https://registry.npmjs.org/is-glob set size:undefined disposed:false
121 silly fetch manifest lodash.merge@^4.6.2
122 silly packumentCache full:https://registry.npmjs.org/lodash.merge cache-miss
123 http fetch GET 200 https://registry.npmjs.org/esutils 163ms (cache miss)
124 silly packumentCache full:https://registry.npmjs.org/esutils set size:undefined disposed:false
125 silly fetch manifest @humanfs/node@^0.16.6
126 silly packumentCache full:https://registry.npmjs.org/@humanfs%2fnode cache-miss
127 http fetch GET 200 https://registry.npmjs.org/find-up 164ms (cache miss)
128 silly packumentCache full:https://registry.npmjs.org/find-up set size:undefined disposed:false
129 silly fetch manifest @types/estree@^1.0.6
130 silly packumentCache full:https://registry.npmjs.org/@types%2festree cache-miss
131 http fetch GET 200 https://registry.npmjs.org/optionator 67ms (cache miss)
132 silly packumentCache full:https://registry.npmjs.org/optionator set size:undefined disposed:false
133 silly fetch manifest fast-deep-equal@^3.1.3
134 silly packumentCache full:https://registry.npmjs.org/fast-deep-equal cache-miss
135 http fetch GET 200 https://registry.npmjs.org/supports-color 174ms (cache miss)
136 silly packumentCache full:https://registry.npmjs.org/supports-color set size:undefined disposed:false
137 silly fetch manifest natural-compare@^1.4.0
138 silly packumentCache full:https://registry.npmjs.org/natural-compare cache-miss
139 http fetch GET 200 https://registry.npmjs.org/debug 175ms (cache miss)
140 silly packumentCache full:https://registry.npmjs.org/debug set size:undefined disposed:false
141 silly fetch manifest @eslint/eslintrc@^3.3.5
142 silly packumentCache full:https://registry.npmjs.org/@eslint%2feslintrc cache-miss
143 http fetch GET 200 https://registry.npmjs.org/minimatch 89ms (cache miss)
144 silly packumentCache full:https://registry.npmjs.org/minimatch set size:undefined disposed:false
145 silly fetch manifest file-entry-cache@^8.0.0
146 silly packumentCache full:https://registry.npmjs.org/file-entry-cache cache-miss
147 http fetch GET 200 https://registry.npmjs.org/espree 191ms (cache miss)
148 silly packumentCache full:https://registry.npmjs.org/espree set size:undefined disposed:false
149 silly fetch manifest @eslint/plugin-kit@^0.4.1
150 silly packumentCache full:https://registry.npmjs.org/@eslint%2fplugin-kit cache-miss
151 http fetch GET 200 https://registry.npmjs.org/ignore 194ms (cache miss)
152 silly packumentCache full:https://registry.npmjs.org/ignore set size:undefined disposed:false
153 silly fetch manifest eslint-visitor-keys@^4.2.1
154 silly packumentCache full:https://registry.npmjs.org/eslint-visitor-keys cache-miss
155 http fetch GET 200 https://registry.npmjs.org/glob-parent 67ms (cache miss)
156 silly packumentCache full:https://registry.npmjs.org/glob-parent set size:undefined disposed:false
157 silly fetch manifest @eslint/config-array@^0.21.2
158 silly packumentCache full:https://registry.npmjs.org/@eslint%2fconfig-array cache-miss
159 http fetch GET 200 https://registry.npmjs.org/cross-spawn 81ms (cache miss)
160 silly packumentCache full:https://registry.npmjs.org/cross-spawn set size:undefined disposed:false
161 silly fetch manifest @humanwhocodes/retry@^0.4.2
162 silly packumentCache full:https://registry.npmjs.org/@humanwhocodes%2fretry cache-miss
163 http fetch GET 200 https://registry.npmjs.org/imurmurhash 58ms (cache miss)
164 silly packumentCache full:https://registry.npmjs.org/imurmurhash set size:undefined disposed:false
165 silly fetch manifest escape-string-regexp@^4.0.0
166 silly packumentCache full:https://registry.npmjs.org/escape-string-regexp cache-miss
167 http fetch GET 200 https://registry.npmjs.org/eslint-scope 59ms (cache miss)
168 silly packumentCache full:https://registry.npmjs.org/eslint-scope set size:undefined disposed:false
169 silly fetch manifest @eslint/config-helpers@^0.4.2
170 silly packumentCache full:https://registry.npmjs.org/@eslint%2fconfig-helpers cache-miss
171 http fetch GET 200 https://registry.npmjs.org/lodash.merge 59ms (cache miss)
172 silly packumentCache full:https://registry.npmjs.org/lodash.merge set size:undefined disposed:false
173 silly fetch manifest @eslint-community/regexpp@^4.12.1
174 silly packumentCache full:https://registry.npmjs.org/@eslint-community%2fregexpp cache-miss
175 http fetch GET 200 https://registry.npmjs.org/@eslint%2fcore 72ms (cache miss)
176 silly packumentCache full:https://registry.npmjs.org/@eslint%2fcore set size:undefined disposed:false
177 silly fetch manifest @eslint-community/eslint-utils@^4.8.0
178 silly packumentCache full:https://registry.npmjs.org/@eslint-community%2feslint-utils cache-miss
179 http fetch GET 200 https://registry.npmjs.org/natural-compare 53ms (cache miss)
180 silly packumentCache full:https://registry.npmjs.org/natural-compare set size:undefined disposed:false
181 silly fetch manifest @humanwhocodes/module-importer@^1.0.1
182 silly packumentCache full:https://registry.npmjs.org/@humanwhocodes%2fmodule-importer cache-miss
183 http fetch GET 200 https://registry.npmjs.org/ajv 232ms (cache miss)
184 silly packumentCache full:https://registry.npmjs.org/ajv set size:undefined disposed:false
185 silly fetch manifest json-stable-stringify-without-jsonify@^1.0.1
186 silly packumentCache full:https://registry.npmjs.org/json-stable-stringify-without-jsonify cache-miss
187 http fetch GET 200 https://registry.npmjs.org/@humanfs%2fnode 77ms (cache miss)
188 silly packumentCache full:https://registry.npmjs.org/@humanfs%2fnode set size:undefined disposed:false
189 silly fetch manifest @typescript-eslint/utils@8.59.2
190 silly packumentCache full:https://registry.npmjs.org/@typescript-eslint%2futils cache-miss
191 http fetch GET 200 https://registry.npmjs.org/fast-deep-equal 77ms (cache miss)
192 silly packumentCache full:https://registry.npmjs.org/fast-deep-equal set size:undefined disposed:false
193 silly fetch manifest @typescript-eslint/parser@8.59.2
194 silly packumentCache full:https://registry.npmjs.org/@typescript-eslint%2fparser cache-miss
195 http fetch GET 200 https://registry.npmjs.org/@types%2festree 86ms (cache miss)
196 silly packumentCache full:https://registry.npmjs.org/@types%2festree set size:undefined disposed:false
197 silly fetch manifest @typescript-eslint/eslint-plugin@8.59.2
198 silly packumentCache full:https://registry.npmjs.org/@typescript-eslint%2feslint-plugin cache-miss
199 http fetch GET 200 https://registry.npmjs.org/file-entry-cache 68ms (cache miss)
200 silly packumentCache full:https://registry.npmjs.org/file-entry-cache set size:undefined disposed:false
201 silly fetch manifest @typescript-eslint/typescript-estree@8.59.2
202 silly packumentCache full:https://registry.npmjs.org/@typescript-eslint%2ftypescript-estree cache-miss
203 http fetch GET 200 https://registry.npmjs.org/escape-string-regexp 52ms (cache miss)
204 silly packumentCache full:https://registry.npmjs.org/escape-string-regexp set size:undefined disposed:false
205 http fetch GET 200 https://registry.npmjs.org/@eslint%2feslintrc 83ms (cache miss)
206 silly packumentCache full:https://registry.npmjs.org/@eslint%2feslintrc set size:undefined disposed:false
207 http fetch GET 200 https://registry.npmjs.org/eslint-visitor-keys 67ms (cache miss)
208 silly packumentCache full:https://registry.npmjs.org/eslint-visitor-keys set size:undefined disposed:false
209 http fetch GET 200 https://registry.npmjs.org/@eslint%2fplugin-kit 72ms (cache miss)
210 silly packumentCache full:https://registry.npmjs.org/@eslint%2fplugin-kit set size:undefined disposed:false
211 http fetch GET 200 https://registry.npmjs.org/@humanwhocodes%2fretry 67ms (cache miss)
212 silly packumentCache full:https://registry.npmjs.org/@humanwhocodes%2fretry set size:undefined disposed:false
213 http fetch GET 200 https://registry.npmjs.org/@eslint%2fconfig-array 73ms (cache miss)
214 silly packumentCache full:https://registry.npmjs.org/@eslint%2fconfig-array set size:undefined disposed:false
215 http fetch GET 200 https://registry.npmjs.org/json-stable-stringify-without-jsonify 43ms (cache miss)
216 silly packumentCache full:https://registry.npmjs.org/json-stable-stringify-without-jsonify set size:undefined disposed:false
217 http fetch GET 200 https://registry.npmjs.org/@eslint%2fconfig-helpers 66ms (cache miss)
218 silly packumentCache full:https://registry.npmjs.org/@eslint%2fconfig-helpers set size:undefined disposed:false
219 http fetch GET 200 https://registry.npmjs.org/@humanwhocodes%2fmodule-importer 55ms (cache miss)
220 silly packumentCache full:https://registry.npmjs.org/@humanwhocodes%2fmodule-importer set size:undefined disposed:false
221 http fetch GET 200 https://registry.npmjs.org/@eslint-community%2feslint-utils 61ms (cache miss)
222 silly packumentCache full:https://registry.npmjs.org/@eslint-community%2feslint-utils set size:undefined disposed:false
223 http fetch GET 200 https://registry.npmjs.org/@eslint-community%2fregexpp 66ms (cache miss)
224 silly packumentCache full:https://registry.npmjs.org/@eslint-community%2fregexpp set size:undefined disposed:false
225 http fetch GET 200 https://registry.npmjs.org/@typescript-eslint%2futils 799ms (cache miss)
226 silly packumentCache full:https://registry.npmjs.org/@typescript-eslint%2futils set size:undefined disposed:false
227 http fetch GET 200 https://registry.npmjs.org/@typescript-eslint%2fparser 845ms (cache miss)
228 silly packumentCache full:https://registry.npmjs.org/@typescript-eslint%2fparser set size:undefined disposed:false
229 http fetch GET 200 https://registry.npmjs.org/@typescript-eslint%2feslint-plugin 967ms (cache miss)
230 silly packumentCache full:https://registry.npmjs.org/@typescript-eslint%2feslint-plugin set size:undefined disposed:false
231 http fetch GET 200 https://registry.npmjs.org/@typescript-eslint%2ftypescript-estree 1100ms (cache miss)
232 silly packumentCache full:https://registry.npmjs.org/@typescript-eslint%2ftypescript-estree set size:undefined disposed:false
233 silly fetch manifest cors@^2.8.5
234 silly packumentCache full:https://registry.npmjs.org/cors cache-miss
235 http fetch GET 200 https://registry.npmjs.org/cors 46ms (cache miss)
236 silly packumentCache full:https://registry.npmjs.org/cors set size:undefined disposed:false
237 silly fetch manifest dotenv@^16.5.0
238 silly packumentCache full:https://registry.npmjs.org/dotenv cache-miss
239 http fetch GET 200 https://registry.npmjs.org/dotenv 56ms (cache miss)
240 silly packumentCache full:https://registry.npmjs.org/dotenv set size:undefined disposed:false
241 silly fetch manifest express@^5.1.0
242 silly packumentCache full:https://registry.npmjs.org/express cache-miss
243 http fetch GET 200 https://registry.npmjs.org/express 73ms (cache miss)
244 silly packumentCache full:https://registry.npmjs.org/express set size:undefined disposed:false
245 silly fetch manifest helmet@^8.1.0
246 silly packumentCache full:https://registry.npmjs.org/helmet cache-miss
247 http fetch GET 200 https://registry.npmjs.org/helmet 50ms (cache miss)
248 silly packumentCache full:https://registry.npmjs.org/helmet set size:undefined disposed:false
249 silly fetch manifest zod@^3.24.4
250 silly packumentCache full:https://registry.npmjs.org/zod cache-miss
251 http fetch GET 200 https://registry.npmjs.org/zod 120ms (cache miss)
252 silly packumentCache full:https://registry.npmjs.org/zod set size:undefined disposed:false
253 silly fetch manifest @types/cors@^2.8.18
254 silly packumentCache full:https://registry.npmjs.org/@types%2fcors cache-miss
255 http fetch GET 200 https://registry.npmjs.org/@types%2fcors 49ms (cache miss)
256 silly packumentCache full:https://registry.npmjs.org/@types%2fcors set size:undefined disposed:false
257 silly fetch manifest @types/express@^5.0.2
258 silly packumentCache full:https://registry.npmjs.org/@types%2fexpress cache-miss
259 http fetch GET 200 https://registry.npmjs.org/@types%2fexpress 55ms (cache miss)
260 silly packumentCache full:https://registry.npmjs.org/@types%2fexpress set size:undefined disposed:false
261 silly fetch manifest @types/node@^22.15.18
262 silly packumentCache full:https://registry.npmjs.org/@types%2fnode cache-miss
263 http fetch GET 200 https://registry.npmjs.org/@types%2fnode 281ms (cache miss)
264 silly packumentCache full:https://registry.npmjs.org/@types%2fnode set size:undefined disposed:false
265 silly fetch manifest tsx@^4.19.4
266 silly packumentCache full:https://registry.npmjs.org/tsx cache-miss
267 http fetch GET 200 https://registry.npmjs.org/tsx 53ms (cache miss)
268 silly packumentCache full:https://registry.npmjs.org/tsx set size:undefined disposed:false
269 silly fetch manifest typescript@^5.8.3
270 silly packumentCache full:https://registry.npmjs.org/typescript cache-miss
271 http cache https://registry.npmjs.org/typescript 38ms (cache hit)
272 silly packumentCache full:https://registry.npmjs.org/typescript set size:15409943 disposed:false
273 silly placeDep ROOT @types/cors@2.8.19 OK for: @erp/backend@0.1.0 want: ^2.8.18
274 silly placeDep ROOT @types/express@5.0.6 OK for: @erp/backend@0.1.0 want: ^5.0.2
275 silly placeDep ROOT @types/node@22.19.18 OK for: @erp/backend@0.1.0 want: ^22.15.18
276 silly placeDep ROOT cors@2.8.6 OK for: @erp/backend@0.1.0 want: ^2.8.5
277 silly placeDep ROOT dotenv@16.6.1 OK for: @erp/backend@0.1.0 want: ^16.5.0
278 silly placeDep ROOT express@5.2.1 OK for: @erp/backend@0.1.0 want: ^5.1.0
279 silly placeDep ROOT helmet@8.1.0 OK for: @erp/backend@0.1.0 want: ^8.1.0
280 silly placeDep ROOT tsx@4.21.0 OK for: @erp/backend@0.1.0 want: ^4.19.4
281 silly placeDep apps/backend typescript@5.9.3 OK for: @erp/backend@0.1.0 want: ^5.8.3
282 silly placeDep ROOT zod@3.25.76 OK for: @erp/backend@0.1.0 want: ^3.24.4
283 silly fetch manifest @types/node@*
284 silly packumentCache full:https://registry.npmjs.org/@types%2fnode cache-miss
285 silly fetch manifest @types/body-parser@*
286 silly packumentCache full:https://registry.npmjs.org/@types%2fbody-parser cache-miss
287 silly fetch manifest @types/serve-static@^2
288 silly packumentCache full:https://registry.npmjs.org/@types%2fserve-static cache-miss
289 silly fetch manifest @types/express-serve-static-core@^5.0.0
290 silly packumentCache full:https://registry.npmjs.org/@types%2fexpress-serve-static-core cache-miss
291 silly fetch manifest undici-types@~6.21.0
292 silly packumentCache full:https://registry.npmjs.org/undici-types cache-miss
293 silly fetch manifest object-assign@^4
294 silly packumentCache full:https://registry.npmjs.org/object-assign cache-miss
295 silly fetch manifest vary@^1
296 silly packumentCache full:https://registry.npmjs.org/vary cache-miss
297 silly fetch manifest qs@^6.14.0
298 silly packumentCache full:https://registry.npmjs.org/qs cache-miss
299 silly fetch manifest depd@^2.0.0
300 silly packumentCache full:https://registry.npmjs.org/depd cache-miss
301 silly fetch manifest etag@^1.8.1
302 silly packumentCache full:https://registry.npmjs.org/etag cache-miss
303 silly fetch manifest once@^1.4.0
304 silly packumentCache full:https://registry.npmjs.org/once cache-miss
305 silly fetch manifest send@^1.1.0
306 silly packumentCache full:https://registry.npmjs.org/send cache-miss
307 silly fetch manifest vary@^1.1.2
308 silly packumentCache full:https://registry.npmjs.org/vary cache-miss
309 silly fetch manifest debug@^4.4.0
310 silly packumentCache full:https://registry.npmjs.org/debug cache-miss
311 silly fetch manifest fresh@^2.0.0
312 silly packumentCache full:https://registry.npmjs.org/fresh cache-miss
313 http cache https://registry.npmjs.org/debug 16ms (cache hit)
314 silly packumentCache full:https://registry.npmjs.org/debug set size:195840 disposed:false
315 silly fetch manifest cookie@^0.7.1
316 silly packumentCache full:https://registry.npmjs.org/cookie cache-miss
317 http cache https://registry.npmjs.org/@types%2fnode 41ms (cache hit)
318 silly packumentCache full:https://registry.npmjs.org/@types%2fnode set size:10990115 disposed:false
319 silly fetch manifest router@^2.2.0
320 silly packumentCache full:https://registry.npmjs.org/router cache-miss
321 http fetch GET 200 https://registry.npmjs.org/vary 132ms (cache miss)
322 silly packumentCache full:https://registry.npmjs.org/vary set size:undefined disposed:false
323 silly fetch manifest accepts@^2.0.0
324 silly packumentCache full:https://registry.npmjs.org/accepts cache-miss
325 http fetch GET 200 https://registry.npmjs.org/fresh 135ms (cache miss)
326 silly packumentCache full:https://registry.npmjs.org/fresh set size:undefined disposed:false
327 silly fetch manifest type-is@^2.0.1
328 silly packumentCache full:https://registry.npmjs.org/type-is cache-miss
329 http fetch GET 200 https://registry.npmjs.org/object-assign 138ms (cache miss)
330 silly packumentCache full:https://registry.npmjs.org/object-assign set size:undefined disposed:false
331 silly fetch manifest parseurl@^1.3.3
332 silly packumentCache full:https://registry.npmjs.org/parseurl cache-miss
333 http fetch GET 200 https://registry.npmjs.org/etag 138ms (cache miss)
334 silly packumentCache full:https://registry.npmjs.org/etag set size:undefined disposed:false
335 silly fetch manifest statuses@^2.0.1
336 silly packumentCache full:https://registry.npmjs.org/statuses cache-miss
337 http fetch GET 200 https://registry.npmjs.org/vary 140ms (cache miss)
338 silly packumentCache full:https://registry.npmjs.org/vary set size:undefined disposed:false
339 silly fetch manifest encodeurl@^2.0.0
340 silly packumentCache full:https://registry.npmjs.org/encodeurl cache-miss
341 http fetch GET 200 https://registry.npmjs.org/once 142ms (cache miss)
342 silly packumentCache full:https://registry.npmjs.org/once set size:undefined disposed:false
343 silly fetch manifest mime-types@^3.0.0
344 silly packumentCache full:https://registry.npmjs.org/mime-types cache-miss
345 http fetch GET 200 https://registry.npmjs.org/depd 144ms (cache miss)
346 silly packumentCache full:https://registry.npmjs.org/depd set size:undefined disposed:false
347 silly fetch manifest proxy-addr@^2.0.7
348 silly packumentCache full:https://registry.npmjs.org/proxy-addr cache-miss
349 http fetch GET 200 https://registry.npmjs.org/@types%2fbody-parser 146ms (cache miss)
350 silly packumentCache full:https://registry.npmjs.org/@types%2fbody-parser set size:undefined disposed:false
351 silly fetch manifest body-parser@^2.2.1
352 silly packumentCache full:https://registry.npmjs.org/body-parser cache-miss
353 http fetch GET 200 https://registry.npmjs.org/@types%2fserve-static 149ms (cache miss)
354 silly packumentCache full:https://registry.npmjs.org/@types%2fserve-static set size:undefined disposed:false
355 silly fetch manifest escape-html@^1.0.3
356 silly packumentCache full:https://registry.npmjs.org/escape-html cache-miss
357 http fetch GET 200 https://registry.npmjs.org/cookie 130ms (cache miss)
358 silly packumentCache full:https://registry.npmjs.org/cookie set size:undefined disposed:false
359 silly fetch manifest http-errors@^2.0.0
360 silly packumentCache full:https://registry.npmjs.org/http-errors cache-miss
361 http fetch GET 200 https://registry.npmjs.org/send 154ms (cache miss)
362 silly packumentCache full:https://registry.npmjs.org/send set size:undefined disposed:false
363 silly fetch manifest on-finished@^2.4.1
364 silly packumentCache full:https://registry.npmjs.org/on-finished cache-miss
365 http fetch GET 200 https://registry.npmjs.org/undici-types 159ms (cache miss)
366 silly packumentCache full:https://registry.npmjs.org/undici-types set size:undefined disposed:false
367 silly fetch manifest content-type@^1.0.5
368 silly packumentCache full:https://registry.npmjs.org/content-type cache-miss
369 http fetch GET 200 https://registry.npmjs.org/@types%2fexpress-serve-static-core 164ms (cache miss)
370 silly packumentCache full:https://registry.npmjs.org/@types%2fexpress-serve-static-core set size:undefined disposed:false
371 silly fetch manifest finalhandler@^2.1.0
372 silly packumentCache full:https://registry.npmjs.org/finalhandler cache-miss
373 http fetch GET 200 https://registry.npmjs.org/qs 167ms (cache miss)
374 silly packumentCache full:https://registry.npmjs.org/qs set size:undefined disposed:false
375 silly fetch manifest range-parser@^1.2.1
376 silly packumentCache full:https://registry.npmjs.org/range-parser cache-miss
377 http fetch GET 200 https://registry.npmjs.org/router 75ms (cache miss)
378 silly packumentCache full:https://registry.npmjs.org/router set size:undefined disposed:false
379 silly fetch manifest serve-static@^2.2.0
380 silly packumentCache full:https://registry.npmjs.org/serve-static cache-miss
381 http fetch GET 200 https://registry.npmjs.org/parseurl 56ms (cache miss)
382 silly packumentCache full:https://registry.npmjs.org/parseurl set size:undefined disposed:false
383 silly fetch manifest cookie-signature@^1.2.1
384 silly packumentCache full:https://registry.npmjs.org/cookie-signature cache-miss
385 http fetch GET 200 https://registry.npmjs.org/accepts 66ms (cache miss)
386 silly packumentCache full:https://registry.npmjs.org/accepts set size:undefined disposed:false
387 silly fetch manifest merge-descriptors@^2.0.0
388 silly packumentCache full:https://registry.npmjs.org/merge-descriptors cache-miss
389 http fetch GET 200 https://registry.npmjs.org/statuses 66ms (cache miss)
390 silly packumentCache full:https://registry.npmjs.org/statuses set size:undefined disposed:false
391 silly fetch manifest content-disposition@^1.0.0
392 silly packumentCache full:https://registry.npmjs.org/content-disposition cache-miss
393 http fetch GET 200 https://registry.npmjs.org/encodeurl 68ms (cache miss)
394 silly packumentCache full:https://registry.npmjs.org/encodeurl set size:undefined disposed:false
395 silly fetch manifest esbuild@~0.27.0
396 silly packumentCache full:https://registry.npmjs.org/esbuild cache-miss
397 http fetch GET 200 https://registry.npmjs.org/type-is 73ms (cache miss)
398 silly packumentCache full:https://registry.npmjs.org/type-is set size:undefined disposed:false
399 silly fetch manifest get-tsconfig@^4.7.5
400 silly packumentCache full:https://registry.npmjs.org/get-tsconfig cache-miss
401 http fetch GET 200 https://registry.npmjs.org/proxy-addr 68ms (cache miss)
402 silly packumentCache full:https://registry.npmjs.org/proxy-addr set size:undefined disposed:false
403 silly fetch manifest fsevents@~2.3.3
404 silly packumentCache full:https://registry.npmjs.org/fsevents cache-miss
405 http fetch GET 200 https://registry.npmjs.org/on-finished 61ms (cache miss)
406 silly packumentCache full:https://registry.npmjs.org/on-finished set size:undefined disposed:false
407 http fetch GET 200 https://registry.npmjs.org/mime-types 76ms (cache miss)
408 silly packumentCache full:https://registry.npmjs.org/mime-types set size:undefined disposed:false
409 http fetch GET 200 https://registry.npmjs.org/http-errors 70ms (cache miss)
410 silly packumentCache full:https://registry.npmjs.org/http-errors set size:undefined disposed:false
411 http fetch GET 200 https://registry.npmjs.org/content-type 63ms (cache miss)
412 silly packumentCache full:https://registry.npmjs.org/content-type set size:undefined disposed:false
413 http fetch GET 200 https://registry.npmjs.org/range-parser 55ms (cache miss)
414 silly packumentCache full:https://registry.npmjs.org/range-parser set size:undefined disposed:false
415 http fetch GET 200 https://registry.npmjs.org/escape-html 78ms (cache miss)
416 silly packumentCache full:https://registry.npmjs.org/escape-html set size:undefined disposed:false
417 http fetch GET 200 https://registry.npmjs.org/finalhandler 65ms (cache miss)
418 silly packumentCache full:https://registry.npmjs.org/finalhandler set size:undefined disposed:false
419 http fetch GET 200 https://registry.npmjs.org/body-parser 85ms (cache miss)
420 silly packumentCache full:https://registry.npmjs.org/body-parser set size:undefined disposed:false
421 http fetch GET 200 https://registry.npmjs.org/cookie-signature 43ms (cache miss)
422 silly packumentCache full:https://registry.npmjs.org/cookie-signature set size:undefined disposed:false
423 http fetch GET 200 https://registry.npmjs.org/serve-static 58ms (cache miss)
424 silly packumentCache full:https://registry.npmjs.org/serve-static set size:undefined disposed:false
425 http fetch GET 200 https://registry.npmjs.org/merge-descriptors 41ms (cache miss)
426 silly packumentCache full:https://registry.npmjs.org/merge-descriptors set size:undefined disposed:false
427 http fetch GET 200 https://registry.npmjs.org/content-disposition 40ms (cache miss)
428 silly packumentCache full:https://registry.npmjs.org/content-disposition set size:undefined disposed:false
429 http fetch GET 200 https://registry.npmjs.org/get-tsconfig 46ms (cache miss)
430 silly packumentCache full:https://registry.npmjs.org/get-tsconfig set size:undefined disposed:false
431 http fetch GET 200 https://registry.npmjs.org/fsevents 46ms (cache miss)
432 silly packumentCache full:https://registry.npmjs.org/fsevents set size:undefined disposed:false
433 http fetch GET 200 https://registry.npmjs.org/esbuild 120ms (cache miss)
434 silly packumentCache full:https://registry.npmjs.org/esbuild set size:undefined disposed:false
435 silly fetch manifest @vitejs/plugin-react@^4.4.1
436 silly packumentCache full:https://registry.npmjs.org/@vitejs%2fplugin-react cache-miss
437 http fetch GET 200 https://registry.npmjs.org/@vitejs%2fplugin-react 88ms (cache miss)
438 silly packumentCache full:https://registry.npmjs.org/@vitejs%2fplugin-react set size:undefined disposed:false
439 silly fetch manifest vite@^6.3.5
440 silly packumentCache full:https://registry.npmjs.org/vite cache-miss
441 http fetch GET 200 https://registry.npmjs.org/vite 1246ms (cache miss)
442 silly packumentCache full:https://registry.npmjs.org/vite set size:undefined disposed:false
443 silly fetch manifest @types/node@^18.0.0 || ^20.0.0 || >=22.0.0
444 silly packumentCache full:https://registry.npmjs.org/@types%2fnode cache-miss
445 http cache https://registry.npmjs.org/@types%2fnode 30ms (cache hit)
446 silly packumentCache full:https://registry.npmjs.org/@types%2fnode set size:10990115 disposed:false
447 silly fetch manifest jiti@>=1.21.0
448 silly packumentCache full:https://registry.npmjs.org/jiti cache-miss
449 http cache https://registry.npmjs.org/jiti 21ms (cache hit)
450 silly packumentCache full:https://registry.npmjs.org/jiti set size:387989 disposed:false
451 silly fetch manifest less@*
452 silly packumentCache full:https://registry.npmjs.org/less cache-miss
453 http fetch GET 200 https://registry.npmjs.org/less 66ms (cache miss)
454 silly packumentCache full:https://registry.npmjs.org/less set size:undefined disposed:false
455 silly fetch manifest lightningcss@^1.21.0
456 silly packumentCache full:https://registry.npmjs.org/lightningcss cache-miss
457 http fetch GET 200 https://registry.npmjs.org/lightningcss 50ms (cache miss)
458 silly packumentCache full:https://registry.npmjs.org/lightningcss set size:undefined disposed:false
459 silly fetch manifest sass@*
460 silly packumentCache full:https://registry.npmjs.org/sass cache-miss
461 http fetch GET 200 https://registry.npmjs.org/sass 79ms (cache miss)
462 silly packumentCache full:https://registry.npmjs.org/sass set size:undefined disposed:false
463 silly fetch manifest sass-embedded@*
464 silly packumentCache full:https://registry.npmjs.org/sass-embedded cache-miss
465 http fetch GET 200 https://registry.npmjs.org/sass-embedded 60ms (cache miss)
466 silly packumentCache full:https://registry.npmjs.org/sass-embedded set size:undefined disposed:false
467 silly fetch manifest stylus@*
468 silly packumentCache full:https://registry.npmjs.org/stylus cache-miss
469 http fetch GET 200 https://registry.npmjs.org/stylus 62ms (cache miss)
470 silly packumentCache full:https://registry.npmjs.org/stylus set size:undefined disposed:false
471 silly fetch manifest sugarss@*
472 silly packumentCache full:https://registry.npmjs.org/sugarss cache-miss
473 http fetch GET 200 https://registry.npmjs.org/sugarss 45ms (cache miss)
474 silly packumentCache full:https://registry.npmjs.org/sugarss set size:undefined disposed:false
475 silly fetch manifest postcss@^8.5.3
476 silly packumentCache full:https://registry.npmjs.org/postcss cache-miss
477 http fetch GET 200 https://registry.npmjs.org/postcss 92ms (cache miss)
478 silly packumentCache full:https://registry.npmjs.org/postcss set size:undefined disposed:false
479 silly fetch manifest terser@^5.16.0
480 silly packumentCache full:https://registry.npmjs.org/terser cache-miss
481 http fetch GET 200 https://registry.npmjs.org/terser 106ms (cache miss)
482 silly packumentCache full:https://registry.npmjs.org/terser set size:undefined disposed:false
483 silly fetch manifest tsx@^4.8.1
484 silly packumentCache full:https://registry.npmjs.org/tsx cache-miss
485 http cache https://registry.npmjs.org/tsx 7ms (cache hit)
486 silly packumentCache full:https://registry.npmjs.org/tsx set size:289592 disposed:false
487 silly fetch manifest yaml@^2.4.2
488 silly packumentCache full:https://registry.npmjs.org/yaml cache-miss
489 http fetch GET 200 https://registry.npmjs.org/yaml 51ms (cache miss)
490 silly packumentCache full:https://registry.npmjs.org/yaml set size:undefined disposed:false
491 silly fetch manifest axios@^1.9.0
492 silly packumentCache full:https://registry.npmjs.org/axios cache-miss
493 http fetch GET 200 https://registry.npmjs.org/axios 70ms (cache miss)
494 silly packumentCache full:https://registry.npmjs.org/axios set size:undefined disposed:false
495 silly fetch manifest lucide-react@^0.511.0
496 silly packumentCache full:https://registry.npmjs.org/lucide-react cache-miss
497 http fetch GET 200 https://registry.npmjs.org/lucide-react 131ms (cache miss)
498 silly packumentCache full:https://registry.npmjs.org/lucide-react set size:undefined disposed:false
499 silly fetch manifest react@^19.1.0
500 silly packumentCache full:https://registry.npmjs.org/react cache-miss
501 http fetch GET 200 https://registry.npmjs.org/react 311ms (cache miss)
502 silly packumentCache full:https://registry.npmjs.org/react set size:undefined disposed:false
503 silly fetch manifest react-dom@^19.1.0
504 silly packumentCache full:https://registry.npmjs.org/react-dom cache-miss
505 http fetch GET 200 https://registry.npmjs.org/react-dom 219ms (cache miss)
506 silly packumentCache full:https://registry.npmjs.org/react-dom set size:undefined disposed:false
507 silly fetch manifest react-router-dom@^7.6.0
508 silly packumentCache full:https://registry.npmjs.org/react-router-dom cache-miss
509 http fetch GET 200 https://registry.npmjs.org/react-router-dom 219ms (cache miss)
510 silly packumentCache full:https://registry.npmjs.org/react-router-dom set size:undefined disposed:false
511 silly fetch manifest @types/react@^19.1.4
512 silly packumentCache full:https://registry.npmjs.org/@types%2freact cache-miss
513 http fetch GET 200 https://registry.npmjs.org/@types%2freact 116ms (cache miss)
514 silly packumentCache full:https://registry.npmjs.org/@types%2freact set size:undefined disposed:false
515 silly fetch manifest @types/react-dom@^19.1.5
516 silly packumentCache full:https://registry.npmjs.org/@types%2freact-dom cache-miss
517 http fetch GET 200 https://registry.npmjs.org/@types%2freact-dom 70ms (cache miss)
518 silly packumentCache full:https://registry.npmjs.org/@types%2freact-dom set size:undefined disposed:false
519 silly fetch manifest autoprefixer@^10.4.21
520 silly packumentCache full:https://registry.npmjs.org/autoprefixer cache-miss
521 http fetch GET 200 https://registry.npmjs.org/autoprefixer 71ms (cache miss)
522 silly packumentCache full:https://registry.npmjs.org/autoprefixer set size:undefined disposed:false
523 silly fetch manifest tailwindcss@^3.4.17
524 silly packumentCache full:https://registry.npmjs.org/tailwindcss cache-miss
525 http fetch GET 200 https://registry.npmjs.org/tailwindcss 282ms (cache miss)
526 silly packumentCache full:https://registry.npmjs.org/tailwindcss set size:undefined disposed:false
527 silly placeDep ROOT @types/react@19.2.14 OK for: @erp/frontend@0.1.0 want: ^19.1.4
528 silly placeDep ROOT @types/react-dom@19.2.3 OK for: @erp/frontend@0.1.0 want: ^19.1.5
529 silly placeDep ROOT @vitejs/plugin-react@4.7.0 OK for: @erp/frontend@0.1.0 want: ^4.4.1
530 silly placeDep ROOT vite@6.4.2 OK for: @vitejs/plugin-react@4.7.0 want: ^4.2.0 || ^5.0.0 || ^6.0.0 || ^7.0.0
531 silly placeDep ROOT autoprefixer@10.5.0 OK for: @erp/frontend@0.1.0 want: ^10.4.21
532 silly placeDep ROOT postcss@8.5.14 OK for: autoprefixer@10.5.0 want: ^8.1.0
533 silly placeDep ROOT axios@1.16.0 OK for: @erp/frontend@0.1.0 want: ^1.9.0
534 silly placeDep ROOT lucide-react@0.511.0 OK for: @erp/frontend@0.1.0 want: ^0.511.0
535 silly placeDep ROOT react@19.2.6 OK for: lucide-react@0.511.0 want: ^16.5.1 || ^17.0.0 || ^18.0.0 || ^19.0.0
536 silly placeDep ROOT react-dom@19.2.6 OK for: @erp/frontend@0.1.0 want: ^19.1.0
537 silly placeDep ROOT react-router-dom@7.15.0 OK for: @erp/frontend@0.1.0 want: ^7.6.0
538 silly placeDep ROOT tailwindcss@3.4.19 OK for: @erp/frontend@0.1.0 want: ^3.4.17
539 silly placeDep apps/frontend typescript@5.9.3 OK for: @erp/frontend@0.1.0 want: ^5.8.3
540 silly fetch manifest csstype@^3.2.2
541 silly packumentCache full:https://registry.npmjs.org/csstype cache-miss
542 silly fetch manifest @babel/core@^7.28.0
543 silly packumentCache full:https://registry.npmjs.org/@babel%2fcore cache-miss
544 silly fetch manifest react-refresh@^0.17.0
545 silly packumentCache full:https://registry.npmjs.org/react-refresh cache-miss
546 silly fetch manifest @types/babel__core@^7.20.5
547 silly packumentCache full:https://registry.npmjs.org/@types%2fbabel__core cache-miss
548 silly fetch manifest @rolldown/pluginutils@1.0.0-beta.27
549 silly packumentCache full:https://registry.npmjs.org/@rolldown%2fpluginutils cache-miss
550 silly fetch manifest @babel/plugin-transform-react-jsx-self@^7.27.1
551 silly packumentCache full:https://registry.npmjs.org/@babel%2fplugin-transform-react-jsx-self cache-miss
552 silly fetch manifest @babel/plugin-transform-react-jsx-source@^7.27.1
553 silly packumentCache full:https://registry.npmjs.org/@babel%2fplugin-transform-react-jsx-source cache-miss
554 silly fetch manifest fdir@^6.4.4
555 silly packumentCache full:https://registry.npmjs.org/fdir cache-miss
556 silly fetch manifest rollup@^4.34.9
557 silly packumentCache full:https://registry.npmjs.org/rollup cache-miss
558 silly fetch manifest esbuild@^0.25.0
559 silly packumentCache full:https://registry.npmjs.org/esbuild cache-miss
560 silly fetch manifest picomatch@^4.0.2
561 silly packumentCache full:https://registry.npmjs.org/picomatch cache-miss
562 silly fetch manifest tinyglobby@^0.2.13
563 silly packumentCache full:https://registry.npmjs.org/tinyglobby cache-miss
564 silly fetch manifest browserslist@^4.28.2
565 silly packumentCache full:https://registry.npmjs.org/browserslist cache-miss
566 silly fetch manifest caniuse-lite@^1.0.30001787
567 silly packumentCache full:https://registry.npmjs.org/caniuse-lite cache-miss
568 silly fetch manifest fraction.js@^5.3.4
569 silly packumentCache full:https://registry.npmjs.org/fraction.js cache-miss
570 http cache https://registry.npmjs.org/esbuild 27ms (cache hit)
571 silly packumentCache full:https://registry.npmjs.org/esbuild set size:1254708 disposed:false
572 silly fetch manifest picocolors@^1.1.1
573 silly packumentCache full:https://registry.npmjs.org/picocolors cache-miss
574 http fetch GET 200 https://registry.npmjs.org/tinyglobby 46ms (cache miss)
575 silly packumentCache full:https://registry.npmjs.org/tinyglobby set size:undefined disposed:false
576 silly fetch manifest postcss-value-parser@^4.2.0
577 silly packumentCache full:https://registry.npmjs.org/postcss-value-parser cache-miss
578 http fetch GET 200 https://registry.npmjs.org/fdir 53ms (cache miss)
579 silly packumentCache full:https://registry.npmjs.org/fdir set size:undefined disposed:false
580 silly fetch manifest nanoid@^3.3.11
581 silly packumentCache full:https://registry.npmjs.org/nanoid cache-miss
582 http fetch GET 200 https://registry.npmjs.org/csstype 64ms (cache miss)
583 silly packumentCache full:https://registry.npmjs.org/csstype set size:undefined disposed:false
584 silly fetch manifest picocolors@^1.1.1
585 silly packumentCache full:https://registry.npmjs.org/picocolors cache-miss
586 http fetch GET 200 https://registry.npmjs.org/fraction.js 65ms (cache miss)
587 silly packumentCache full:https://registry.npmjs.org/fraction.js set size:undefined disposed:false
588 silly fetch manifest source-map-js@^1.2.1
589 silly packumentCache full:https://registry.npmjs.org/source-map-js cache-miss
590 http fetch GET 200 https://registry.npmjs.org/@babel%2fplugin-transform-react-jsx-source 80ms (cache miss)
591 silly packumentCache full:https://registry.npmjs.org/@babel%2fplugin-transform-react-jsx-source set size:undefined disposed:false
592 silly fetch manifest form-data@^4.0.5
593 silly packumentCache full:https://registry.npmjs.org/form-data cache-miss
594 http fetch GET 200 https://registry.npmjs.org/@types%2fbabel__core 95ms (cache miss)
595 silly packumentCache full:https://registry.npmjs.org/@types%2fbabel__core set size:undefined disposed:false
596 silly fetch manifest proxy-from-env@^2.1.0
597 silly packumentCache full:https://registry.npmjs.org/proxy-from-env cache-miss
598 http fetch GET 200 https://registry.npmjs.org/picomatch 98ms (cache miss)
599 silly packumentCache full:https://registry.npmjs.org/picomatch set size:undefined disposed:false
600 silly fetch manifest follow-redirects@^1.16.0
601 silly packumentCache full:https://registry.npmjs.org/follow-redirects cache-miss
602 http fetch GET 200 https://registry.npmjs.org/picocolors 68ms (cache miss)
603 silly packumentCache full:https://registry.npmjs.org/picocolors set size:undefined disposed:false
604 silly fetch manifest scheduler@^0.27.0
605 silly packumentCache full:https://registry.npmjs.org/scheduler cache-miss
606 http fetch GET 200 https://registry.npmjs.org/@rolldown%2fpluginutils 103ms (cache miss)
607 silly packumentCache full:https://registry.npmjs.org/@rolldown%2fpluginutils set size:undefined disposed:false
608 silly fetch manifest react-router@7.15.0
609 silly packumentCache full:https://registry.npmjs.org/react-router cache-miss
610 http fetch GET 200 https://registry.npmjs.org/picocolors 46ms (cache miss)
611 silly packumentCache full:https://registry.npmjs.org/picocolors set size:undefined disposed:false
612 silly fetch manifest arg@^5.0.2
613 silly packumentCache full:https://registry.npmjs.org/arg cache-miss
614 http fetch GET 200 https://registry.npmjs.org/postcss-value-parser 66ms (cache miss)
615 silly packumentCache full:https://registry.npmjs.org/postcss-value-parser set size:undefined disposed:false
616 silly fetch manifest dlv@^1.1.3
617 silly packumentCache full:https://registry.npmjs.org/dlv cache-miss
618 http fetch GET 200 https://registry.npmjs.org/nanoid 65ms (cache miss)
619 silly packumentCache full:https://registry.npmjs.org/nanoid set size:undefined disposed:false
620 silly fetch manifest jiti@^1.21.7
621 silly packumentCache full:https://registry.npmjs.org/jiti cache-hit
622 silly fetch manifest is-glob@^4.0.3
623 silly packumentCache full:https://registry.npmjs.org/is-glob cache-miss
624 http cache https://registry.npmjs.org/is-glob 9ms (cache hit)
625 silly packumentCache full:https://registry.npmjs.org/is-glob set size:40530 disposed:false
626 silly fetch manifest resolve@^1.22.8
627 silly packumentCache full:https://registry.npmjs.org/resolve cache-miss
628 http fetch GET 200 https://registry.npmjs.org/source-map-js 70ms (cache miss)
629 silly packumentCache full:https://registry.npmjs.org/source-map-js set size:undefined disposed:false
630 silly fetch manifest sucrase@^3.35.0
631 silly packumentCache full:https://registry.npmjs.org/sucrase cache-miss
632 http fetch GET 200 https://registry.npmjs.org/proxy-from-env 60ms (cache miss)
633 silly packumentCache full:https://registry.npmjs.org/proxy-from-env set size:undefined disposed:false
634 silly fetch manifest chokidar@^3.6.0
635 silly packumentCache full:https://registry.npmjs.org/chokidar cache-miss
636 http fetch GET 200 https://registry.npmjs.org/form-data 75ms (cache miss)
637 silly packumentCache full:https://registry.npmjs.org/form-data set size:undefined disposed:false
638 silly fetch manifest fast-glob@^3.3.2
639 silly packumentCache full:https://registry.npmjs.org/fast-glob cache-miss
640 http fetch GET 200 https://registry.npmjs.org/dlv 54ms (cache miss)
641 silly packumentCache full:https://registry.npmjs.org/dlv set size:undefined disposed:false
642 silly fetch manifest lilconfig@^3.1.3
643 silly packumentCache full:https://registry.npmjs.org/lilconfig cache-miss
644 http fetch GET 200 https://registry.npmjs.org/follow-redirects 112ms (cache miss)
645 silly packumentCache full:https://registry.npmjs.org/follow-redirects set size:undefined disposed:false
646 silly fetch manifest didyoumean@^1.2.2
647 silly packumentCache full:https://registry.npmjs.org/didyoumean cache-miss
648 http fetch GET 200 https://registry.npmjs.org/arg 108ms (cache miss)
649 silly packumentCache full:https://registry.npmjs.org/arg set size:undefined disposed:false
650 silly fetch manifest micromatch@^4.0.8
651 silly packumentCache full:https://registry.npmjs.org/micromatch cache-miss
652 http fetch GET 200 https://registry.npmjs.org/@babel%2fplugin-transform-react-jsx-self 224ms (cache miss)
653 silly packumentCache full:https://registry.npmjs.org/@babel%2fplugin-transform-react-jsx-self set size:undefined disposed:false
654 silly fetch manifest postcss-js@^4.0.1
655 silly packumentCache full:https://registry.npmjs.org/postcss-js cache-miss
656 http fetch GET 200 https://registry.npmjs.org/didyoumean 73ms (cache miss)
657 silly packumentCache full:https://registry.npmjs.org/didyoumean set size:undefined disposed:false
658 silly fetch manifest object-hash@^3.0.0
659 silly packumentCache full:https://registry.npmjs.org/object-hash cache-miss
660 http fetch GET 200 https://registry.npmjs.org/postcss-js 79ms (cache miss)
661 silly packumentCache full:https://registry.npmjs.org/postcss-js set size:undefined disposed:false
662 silly fetch manifest normalize-path@^3.0.0
663 silly packumentCache full:https://registry.npmjs.org/normalize-path cache-miss
664 http fetch GET 200 https://registry.npmjs.org/micromatch 97ms (cache miss)
665 silly packumentCache full:https://registry.npmjs.org/micromatch set size:undefined disposed:false
666 silly fetch manifest postcss-import@^15.1.0
667 silly packumentCache full:https://registry.npmjs.org/postcss-import cache-miss
668 http fetch GET 200 https://registry.npmjs.org/resolve 191ms (cache miss)
669 silly packumentCache full:https://registry.npmjs.org/resolve set size:undefined disposed:false
670 silly fetch manifest postcss-nested@^6.2.0
671 silly packumentCache full:https://registry.npmjs.org/postcss-nested cache-miss
672 http fetch GET 200 https://registry.npmjs.org/fast-glob 175ms (cache miss)
673 silly packumentCache full:https://registry.npmjs.org/fast-glob set size:undefined disposed:false
674 silly fetch manifest @alloc/quick-lru@^5.2.0
675 silly packumentCache full:https://registry.npmjs.org/@alloc%2fquick-lru cache-miss
676 http fetch GET 200 https://registry.npmjs.org/sucrase 225ms (cache miss)
677 silly packumentCache full:https://registry.npmjs.org/sucrase set size:undefined disposed:false
678 silly fetch manifest postcss-load-config@^4.0.2 || ^5.0 || ^6.0
679 silly packumentCache full:https://registry.npmjs.org/postcss-load-config cache-miss
680 http fetch GET 200 https://registry.npmjs.org/react-router 279ms (cache miss)
681 silly packumentCache full:https://registry.npmjs.org/react-router set size:undefined disposed:false
682 silly fetch manifest postcss-selector-parser@^6.1.2
683 silly packumentCache full:https://registry.npmjs.org/postcss-selector-parser cache-miss
684 http fetch GET 200 https://registry.npmjs.org/rollup 404ms (cache miss)
685 silly packumentCache full:https://registry.npmjs.org/rollup set size:undefined disposed:false
686 http fetch GET 200 https://registry.npmjs.org/@alloc%2fquick-lru 129ms (cache miss)
687 silly packumentCache full:https://registry.npmjs.org/@alloc%2fquick-lru set size:undefined disposed:false
688 http fetch GET 200 https://registry.npmjs.org/chokidar 313ms (cache miss)
689 silly packumentCache full:https://registry.npmjs.org/chokidar set size:undefined disposed:false
690 http fetch GET 200 https://registry.npmjs.org/normalize-path 167ms (cache miss)
691 silly packumentCache full:https://registry.npmjs.org/normalize-path set size:undefined disposed:false
692 http fetch GET 200 https://registry.npmjs.org/object-hash 184ms (cache miss)
693 silly packumentCache full:https://registry.npmjs.org/object-hash set size:undefined disposed:false
694 http fetch GET 200 https://registry.npmjs.org/postcss-load-config 106ms (cache miss)
695 silly packumentCache full:https://registry.npmjs.org/postcss-load-config set size:undefined disposed:false
696 http fetch GET 200 https://registry.npmjs.org/postcss-selector-parser 77ms (cache miss)
697 silly packumentCache full:https://registry.npmjs.org/postcss-selector-parser set size:undefined disposed:false
698 http fetch GET 200 https://registry.npmjs.org/postcss-import 162ms (cache miss)
699 silly packumentCache full:https://registry.npmjs.org/postcss-import set size:undefined disposed:false
700 http fetch GET 200 https://registry.npmjs.org/@babel%2fcore 486ms (cache miss)
701 silly packumentCache full:https://registry.npmjs.org/@babel%2fcore set size:undefined disposed:false
702 http fetch GET 200 https://registry.npmjs.org/caniuse-lite 492ms (cache miss)
703 silly packumentCache full:https://registry.npmjs.org/caniuse-lite set size:undefined disposed:false
704 http fetch GET 200 https://registry.npmjs.org/scheduler 417ms (cache miss)
705 silly packumentCache full:https://registry.npmjs.org/scheduler set size:undefined disposed:false
706 http fetch GET 200 https://registry.npmjs.org/lilconfig 377ms (cache miss)
707 silly packumentCache full:https://registry.npmjs.org/lilconfig set size:undefined disposed:false
708 http fetch GET 200 https://registry.npmjs.org/browserslist 557ms (cache miss)
709 silly packumentCache full:https://registry.npmjs.org/browserslist set size:undefined disposed:false
710 http fetch GET 200 https://registry.npmjs.org/react-refresh 573ms (cache miss)
711 silly packumentCache full:https://registry.npmjs.org/react-refresh set size:undefined disposed:false
712 http fetch GET 200 https://registry.npmjs.org/postcss-nested 337ms (cache miss)
713 silly packumentCache full:https://registry.npmjs.org/postcss-nested set size:undefined disposed:false
714 silly placeDep ROOT @types/body-parser@1.19.6 OK for: @types/express@5.0.6 want: *
715 silly placeDep ROOT @types/express-serve-static-core@5.1.1 OK for: @types/express@5.0.6 want: ^5.0.0
716 silly placeDep ROOT @types/serve-static@2.2.0 OK for: @types/express@5.0.6 want: ^2
717 silly fetch manifest @types/connect@*
718 silly packumentCache full:https://registry.npmjs.org/@types%2fconnect cache-miss
719 silly fetch manifest @types/qs@*
720 silly packumentCache full:https://registry.npmjs.org/@types%2fqs cache-miss
721 silly fetch manifest @types/send@*
722 silly packumentCache full:https://registry.npmjs.org/@types%2fsend cache-miss
723 silly fetch manifest @types/range-parser@*
724 silly packumentCache full:https://registry.npmjs.org/@types%2frange-parser cache-miss
725 silly fetch manifest @types/http-errors@*
726 silly packumentCache full:https://registry.npmjs.org/@types%2fhttp-errors cache-miss
727 http fetch GET 200 https://registry.npmjs.org/@types%2frange-parser 52ms (cache miss)
728 silly packumentCache full:https://registry.npmjs.org/@types%2frange-parser set size:undefined disposed:false
729 http fetch GET 200 https://registry.npmjs.org/@types%2fconnect 57ms (cache miss)
730 silly packumentCache full:https://registry.npmjs.org/@types%2fconnect set size:undefined disposed:false
731 http fetch GET 200 https://registry.npmjs.org/@types%2fsend 59ms (cache miss)
732 silly packumentCache full:https://registry.npmjs.org/@types%2fsend set size:undefined disposed:false
733 http fetch GET 200 https://registry.npmjs.org/@types%2fhttp-errors 74ms (cache miss)
734 silly packumentCache full:https://registry.npmjs.org/@types%2fhttp-errors set size:undefined disposed:false
735 http fetch GET 200 https://registry.npmjs.org/@types%2fqs 113ms (cache miss)
736 silly packumentCache full:https://registry.npmjs.org/@types%2fqs set size:undefined disposed:false
737 silly placeDep ROOT @types/connect@3.4.38 OK for: @types/body-parser@1.19.6 want: *
738 silly placeDep ROOT @types/qs@6.15.1 OK for: @types/express-serve-static-core@5.1.1 want: *
739 silly placeDep ROOT @types/range-parser@1.2.7 OK for: @types/express-serve-static-core@5.1.1 want: *
740 silly placeDep ROOT @types/send@1.2.1 OK for: @types/express-serve-static-core@5.1.1 want: *
741 silly placeDep ROOT undici-types@6.21.0 OK for: @types/node@22.19.18 want: ~6.21.0
742 silly placeDep ROOT csstype@3.2.3 OK for: @types/react@19.2.14 want: ^3.2.2
743 silly placeDep ROOT @types/http-errors@2.0.5 OK for: @types/serve-static@2.2.0 want: *
744 silly placeDep ROOT @babel/core@7.29.0 OK for: @vitejs/plugin-react@4.7.0 want: ^7.28.0
745 silly placeDep ROOT @babel/plugin-transform-react-jsx-self@7.27.1 OK for: @vitejs/plugin-react@4.7.0 want: ^7.27.1
746 silly placeDep ROOT @babel/plugin-transform-react-jsx-source@7.27.1 OK for: @vitejs/plugin-react@4.7.0 want: ^7.27.1
747 silly placeDep ROOT @rolldown/pluginutils@1.0.0-beta.27 OK for: @vitejs/plugin-react@4.7.0 want: 1.0.0-beta.27
748 silly placeDep ROOT @types/babel__core@7.20.5 OK for: @vitejs/plugin-react@4.7.0 want: ^7.20.5
749 silly placeDep ROOT react-refresh@0.17.0 OK for: @vitejs/plugin-react@4.7.0 want: ^0.17.0
750 silly fetch manifest debug@^4.1.0
751 silly packumentCache full:https://registry.npmjs.org/debug cache-hit
752 silly fetch manifest json5@^2.2.3
753 silly packumentCache full:https://registry.npmjs.org/json5 cache-miss
754 silly fetch manifest semver@^6.3.1
755 silly packumentCache full:https://registry.npmjs.org/semver cache-miss
756 silly fetch manifest gensync@^1.0.0-beta.2
757 silly packumentCache full:https://registry.npmjs.org/gensync cache-miss
758 silly fetch manifest @babel/types@^7.29.0
759 silly packumentCache full:https://registry.npmjs.org/@babel%2ftypes cache-miss
760 silly fetch manifest @babel/parser@^7.29.0
761 silly packumentCache full:https://registry.npmjs.org/@babel%2fparser cache-miss
762 silly fetch manifest @babel/helpers@^7.28.6
763 silly packumentCache full:https://registry.npmjs.org/@babel%2fhelpers cache-miss
764 silly fetch manifest @babel/template@^7.28.6
765 silly packumentCache full:https://registry.npmjs.org/@babel%2ftemplate cache-miss
766 silly fetch manifest @babel/traverse@^7.29.0
767 silly packumentCache full:https://registry.npmjs.org/@babel%2ftraverse cache-miss
768 silly fetch manifest @babel/generator@^7.29.0
769 silly packumentCache full:https://registry.npmjs.org/@babel%2fgenerator cache-miss
770 silly fetch manifest @babel/code-frame@^7.29.0
771 silly packumentCache full:https://registry.npmjs.org/@babel%2fcode-frame cache-miss
772 silly fetch manifest convert-source-map@^2.0.0
773 silly packumentCache full:https://registry.npmjs.org/convert-source-map cache-miss
774 silly fetch manifest @jridgewell/remapping@^2.3.5
775 silly packumentCache full:https://registry.npmjs.org/@jridgewell%2fremapping cache-miss
776 silly fetch manifest @babel/helper-module-transforms@^7.28.6
777 silly packumentCache full:https://registry.npmjs.org/@babel%2fhelper-module-transforms cache-miss
778 silly fetch manifest @babel/helper-compilation-targets@^7.28.6
779 silly packumentCache full:https://registry.npmjs.org/@babel%2fhelper-compilation-targets cache-miss
780 silly fetch manifest @babel/helper-plugin-utils@^7.27.1
781 silly packumentCache full:https://registry.npmjs.org/@babel%2fhelper-plugin-utils cache-miss
782 http fetch GET 200 https://registry.npmjs.org/gensync 43ms (cache miss)
783 silly packumentCache full:https://registry.npmjs.org/gensync set size:undefined disposed:false
784 silly fetch manifest @babel/helper-plugin-utils@^7.27.1
785 silly packumentCache full:https://registry.npmjs.org/@babel%2fhelper-plugin-utils cache-miss
786 http fetch GET 200 https://registry.npmjs.org/convert-source-map 49ms (cache miss)
787 silly packumentCache full:https://registry.npmjs.org/convert-source-map set size:undefined disposed:false
788 silly fetch manifest @babel/types@^7.20.7
789 silly packumentCache full:https://registry.npmjs.org/@babel%2ftypes cache-miss
790 http fetch GET 200 https://registry.npmjs.org/json5 58ms (cache miss)
791 silly packumentCache full:https://registry.npmjs.org/json5 set size:undefined disposed:false
792 silly fetch manifest @babel/parser@^7.20.7
793 silly packumentCache full:https://registry.npmjs.org/@babel%2fparser cache-miss
794 http fetch GET 200 https://registry.npmjs.org/@babel%2ftemplate 79ms (cache miss)
795 silly packumentCache full:https://registry.npmjs.org/@babel%2ftemplate set size:undefined disposed:false
796 silly fetch manifest @types/babel__template@*
797 silly packumentCache full:https://registry.npmjs.org/@types%2fbabel__template cache-miss
798 http fetch GET 200 https://registry.npmjs.org/@jridgewell%2fremapping 88ms (cache miss)
799 silly packumentCache full:https://registry.npmjs.org/@jridgewell%2fremapping set size:undefined disposed:false
800 silly fetch manifest @types/babel__traverse@*
801 silly packumentCache full:https://registry.npmjs.org/@types%2fbabel__traverse cache-miss
802 http fetch GET 200 https://registry.npmjs.org/@babel%2ftypes 93ms (cache miss)
803 silly packumentCache full:https://registry.npmjs.org/@babel%2ftypes set size:undefined disposed:false
804 silly fetch manifest @types/babel__generator@*
805 silly packumentCache full:https://registry.npmjs.org/@types%2fbabel__generator cache-miss
806 http fetch GET 200 https://registry.npmjs.org/@babel%2fhelper-plugin-utils 81ms (cache miss)
807 silly packumentCache full:https://registry.npmjs.org/@babel%2fhelper-plugin-utils set size:undefined disposed:false
808 http fetch GET 200 https://registry.npmjs.org/@babel%2fparser 130ms (cache miss)
809 silly packumentCache full:https://registry.npmjs.org/@babel%2fparser set size:undefined disposed:false
810 http fetch GET 200 https://registry.npmjs.org/@babel%2ftypes 90ms (cache miss)
811 silly packumentCache full:https://registry.npmjs.org/@babel%2ftypes set size:undefined disposed:false
812 http fetch GET 200 https://registry.npmjs.org/@babel%2fhelper-plugin-utils 152ms (cache miss)
813 silly packumentCache full:https://registry.npmjs.org/@babel%2fhelper-plugin-utils set size:undefined disposed:false
814 http fetch GET 200 https://registry.npmjs.org/semver 159ms (cache miss)
815 silly packumentCache full:https://registry.npmjs.org/semver set size:undefined disposed:false
816 http fetch GET 200 https://registry.npmjs.org/@babel%2fhelper-compilation-targets 162ms (cache miss)
817 silly packumentCache full:https://registry.npmjs.org/@babel%2fhelper-compilation-targets set size:undefined disposed:false
818 http fetch GET 200 https://registry.npmjs.org/@types%2fbabel__template 85ms (cache miss)
819 silly packumentCache full:https://registry.npmjs.org/@types%2fbabel__template set size:undefined disposed:false
820 http fetch GET 200 https://registry.npmjs.org/@types%2fbabel__generator 72ms (cache miss)
821 silly packumentCache full:https://registry.npmjs.org/@types%2fbabel__generator set size:undefined disposed:false
822 http fetch GET 200 https://registry.npmjs.org/@types%2fbabel__traverse 79ms (cache miss)
823 silly packumentCache full:https://registry.npmjs.org/@types%2fbabel__traverse set size:undefined disposed:false
824 http fetch GET 200 https://registry.npmjs.org/@babel%2fhelpers 171ms (cache miss)
825 silly packumentCache full:https://registry.npmjs.org/@babel%2fhelpers set size:undefined disposed:false
826 http fetch GET 200 https://registry.npmjs.org/@babel%2fgenerator 174ms (cache miss)
827 silly packumentCache full:https://registry.npmjs.org/@babel%2fgenerator set size:undefined disposed:false
828 http fetch GET 200 https://registry.npmjs.org/@babel%2fcode-frame 180ms (cache miss)
829 silly packumentCache full:https://registry.npmjs.org/@babel%2fcode-frame set size:undefined disposed:false
830 http fetch GET 200 https://registry.npmjs.org/@babel%2fparser 131ms (cache miss)
831 silly packumentCache full:https://registry.npmjs.org/@babel%2fparser set size:undefined disposed:false
832 http fetch GET 200 https://registry.npmjs.org/@babel%2ftraverse 222ms (cache miss)
833 silly packumentCache full:https://registry.npmjs.org/@babel%2ftraverse set size:undefined disposed:false
834 http fetch GET 200 https://registry.npmjs.org/@babel%2fhelper-module-transforms 235ms (cache miss)
835 silly packumentCache full:https://registry.npmjs.org/@babel%2fhelper-module-transforms set size:undefined disposed:false
836 silly fetch manifest @babel/core@^7.0.0
837 silly packumentCache full:https://registry.npmjs.org/@babel%2fcore cache-miss
838 http cache https://registry.npmjs.org/@babel%2fcore 7ms (cache hit)
839 silly packumentCache full:https://registry.npmjs.org/@babel%2fcore set size:764052 disposed:false
840 silly placeDep ROOT @babel/code-frame@7.29.0 OK for: @babel/core@7.29.0 want: ^7.29.0
841 silly placeDep ROOT @babel/generator@7.29.1 OK for: @babel/core@7.29.0 want: ^7.29.0
842 silly placeDep ROOT @babel/helper-compilation-targets@7.28.6 OK for: @babel/core@7.29.0 want: ^7.28.6
843 silly placeDep ROOT @babel/helper-module-transforms@7.28.6 OK for: @babel/core@7.29.0 want: ^7.28.6
844 silly placeDep ROOT @babel/helpers@7.29.2 OK for: @babel/core@7.29.0 want: ^7.28.6
845 silly placeDep ROOT @babel/parser@7.29.3 OK for: @babel/core@7.29.0 want: ^7.29.0
846 silly placeDep ROOT @babel/template@7.28.6 OK for: @babel/core@7.29.0 want: ^7.28.6
847 silly placeDep ROOT @babel/traverse@7.29.0 OK for: @babel/core@7.29.0 want: ^7.29.0
848 silly placeDep ROOT @babel/types@7.29.0 OK for: @babel/core@7.29.0 want: ^7.29.0
849 silly placeDep ROOT @jridgewell/remapping@2.3.5 OK for: @babel/core@7.29.0 want: ^2.3.5
850 silly placeDep ROOT convert-source-map@2.0.0 OK for: @babel/core@7.29.0 want: ^2.0.0
851 silly placeDep ROOT debug@4.4.3 OK for: @babel/core@7.29.0 want: ^4.1.0
852 silly placeDep ROOT gensync@1.0.0-beta.2 OK for: @babel/core@7.29.0 want: ^1.0.0-beta.2
853 silly placeDep ROOT json5@2.2.3 OK for: @babel/core@7.29.0 want: ^2.2.3
854 silly placeDep ROOT semver@6.3.1 OK for: @babel/core@7.29.0 want: ^6.3.1
855 silly fetch manifest js-tokens@^4.0.0
856 silly packumentCache full:https://registry.npmjs.org/js-tokens cache-miss
857 silly fetch manifest @babel/helper-validator-identifier@^7.28.5
858 silly packumentCache full:https://registry.npmjs.org/@babel%2fhelper-validator-identifier cache-miss
859 silly fetch manifest jsesc@^3.0.2
860 silly packumentCache full:https://registry.npmjs.org/jsesc cache-miss
861 silly fetch manifest @jridgewell/gen-mapping@^0.3.12
862 silly packumentCache full:https://registry.npmjs.org/@jridgewell%2fgen-mapping cache-miss
863 silly fetch manifest @jridgewell/trace-mapping@^0.3.28
864 silly packumentCache full:https://registry.npmjs.org/@jridgewell%2ftrace-mapping cache-miss
865 silly fetch manifest lru-cache@^5.1.1
866 silly packumentCache full:https://registry.npmjs.org/lru-cache cache-miss
867 silly fetch manifest browserslist@^4.24.0
868 silly packumentCache full:https://registry.npmjs.org/browserslist cache-miss
869 silly fetch manifest @babel/compat-data@^7.28.6
870 silly packumentCache full:https://registry.npmjs.org/@babel%2fcompat-data cache-miss
871 silly fetch manifest @babel/helper-validator-option@^7.27.1
872 silly packumentCache full:https://registry.npmjs.org/@babel%2fhelper-validator-option cache-miss
873 silly fetch manifest @babel/traverse@^7.28.6
874 silly packumentCache full:https://registry.npmjs.org/@babel%2ftraverse cache-miss
875 silly fetch manifest @babel/helper-module-imports@^7.28.6
876 silly packumentCache full:https://registry.npmjs.org/@babel%2fhelper-module-imports cache-miss
877 silly fetch manifest @babel/helper-validator-identifier@^7.28.5
878 silly packumentCache full:https://registry.npmjs.org/@babel%2fhelper-validator-identifier cache-miss
879 silly fetch manifest @babel/types@^7.28.6
880 silly packumentCache full:https://registry.npmjs.org/@babel%2ftypes cache-miss
881 silly fetch manifest debug@^4.3.1
882 silly packumentCache full:https://registry.npmjs.org/debug cache-hit
883 silly fetch manifest @babel/helper-globals@^7.28.0
884 silly packumentCache full:https://registry.npmjs.org/@babel%2fhelper-globals cache-miss
885 silly fetch manifest @babel/helper-string-parser@^7.27.1
886 silly packumentCache full:https://registry.npmjs.org/@babel%2fhelper-string-parser cache-miss
887 http cache https://registry.npmjs.org/@babel%2ftypes 15ms (cache hit)
888 silly packumentCache full:https://registry.npmjs.org/@babel%2ftypes set size:489931 disposed:false
889 silly fetch manifest @babel/helper-validator-identifier@^7.28.5
890 silly packumentCache full:https://registry.npmjs.org/@babel%2fhelper-validator-identifier cache-miss
891 http cache https://registry.npmjs.org/browserslist 21ms (cache hit)
892 silly packumentCache full:https://registry.npmjs.org/browserslist set size:504681 disposed:false
893 silly fetch manifest @jridgewell/gen-mapping@^0.3.5
894 silly packumentCache full:https://registry.npmjs.org/@jridgewell%2fgen-mapping cache-miss
895 http cache https://registry.npmjs.org/@babel%2ftraverse 26ms (cache hit)
896 silly packumentCache full:https://registry.npmjs.org/@babel%2ftraverse set size:550946 disposed:false
897 silly fetch manifest @jridgewell/trace-mapping@^0.3.24
898 silly packumentCache full:https://registry.npmjs.org/@jridgewell%2ftrace-mapping cache-miss
899 http fetch GET 200 https://registry.npmjs.org/jsesc 47ms (cache miss)
900 silly packumentCache full:https://registry.npmjs.org/jsesc set size:undefined disposed:false
901 silly fetch manifest ms@^2.1.3
902 silly packumentCache full:https://registry.npmjs.org/ms cache-miss
903 http fetch GET 200 https://registry.npmjs.org/js-tokens 49ms (cache miss)
904 silly packumentCache full:https://registry.npmjs.org/js-tokens set size:undefined disposed:false
905 http fetch GET 200 https://registry.npmjs.org/@babel%2fhelper-validator-identifier 68ms (cache miss)
906 silly packumentCache full:https://registry.npmjs.org/@babel%2fhelper-validator-identifier set size:undefined disposed:false
907 http fetch GET 200 https://registry.npmjs.org/lru-cache 71ms (cache miss)
908 silly packumentCache full:https://registry.npmjs.org/lru-cache set size:undefined disposed:false
909 http fetch GET 200 https://registry.npmjs.org/@babel%2fhelper-validator-identifier 76ms (cache miss)
910 silly packumentCache full:https://registry.npmjs.org/@babel%2fhelper-validator-identifier set size:undefined disposed:false
911 http fetch GET 200 https://registry.npmjs.org/@babel%2fhelper-validator-option 75ms (cache miss)
912 silly packumentCache full:https://registry.npmjs.org/@babel%2fhelper-validator-option set size:undefined disposed:false
913 http fetch GET 200 https://registry.npmjs.org/@babel%2fhelper-globals 75ms (cache miss)
914 silly packumentCache full:https://registry.npmjs.org/@babel%2fhelper-globals set size:undefined disposed:false
915 http fetch GET 200 https://registry.npmjs.org/@babel%2fhelper-string-parser 82ms (cache miss)
916 silly packumentCache full:https://registry.npmjs.org/@babel%2fhelper-string-parser set size:undefined disposed:false
917 http fetch GET 200 https://registry.npmjs.org/@jridgewell%2ftrace-mapping 88ms (cache miss)
918 silly packumentCache full:https://registry.npmjs.org/@jridgewell%2ftrace-mapping set size:undefined disposed:false
919 http fetch GET 200 https://registry.npmjs.org/@jridgewell%2fgen-mapping 94ms (cache miss)
920 silly packumentCache full:https://registry.npmjs.org/@jridgewell%2fgen-mapping set size:undefined disposed:false
921 http fetch GET 200 https://registry.npmjs.org/@babel%2fhelper-module-imports 95ms (cache miss)
922 silly packumentCache full:https://registry.npmjs.org/@babel%2fhelper-module-imports set size:undefined disposed:false
923 http fetch GET 200 https://registry.npmjs.org/@babel%2fhelper-validator-identifier 78ms (cache miss)
924 silly packumentCache full:https://registry.npmjs.org/@babel%2fhelper-validator-identifier set size:undefined disposed:false
925 http fetch GET 200 https://registry.npmjs.org/@jridgewell%2fgen-mapping 75ms (cache miss)
926 silly packumentCache full:https://registry.npmjs.org/@jridgewell%2fgen-mapping set size:undefined disposed:false
927 http fetch GET 200 https://registry.npmjs.org/@babel%2fcompat-data 99ms (cache miss)
928 silly packumentCache full:https://registry.npmjs.org/@babel%2fcompat-data set size:undefined disposed:false
929 http fetch GET 200 https://registry.npmjs.org/ms 55ms (cache miss)
930 silly packumentCache full:https://registry.npmjs.org/ms set size:undefined disposed:false
931 http fetch GET 200 https://registry.npmjs.org/@jridgewell%2ftrace-mapping 143ms (cache miss)
932 silly packumentCache full:https://registry.npmjs.org/@jridgewell%2ftrace-mapping set size:undefined disposed:false
933 silly placeDep ROOT @babel/helper-validator-identifier@7.28.5 OK for: @babel/code-frame@7.29.0 want: ^7.28.5
934 silly placeDep ROOT js-tokens@4.0.0 OK for: @babel/code-frame@7.29.0 want: ^4.0.0
935 silly placeDep ROOT picocolors@1.1.1 OK for: @babel/code-frame@7.29.0 want: ^1.1.1
936 silly placeDep ROOT @jridgewell/gen-mapping@0.3.13 OK for: @babel/generator@7.29.1 want: ^0.3.12
937 silly placeDep ROOT @jridgewell/trace-mapping@0.3.31 OK for: @babel/generator@7.29.1 want: ^0.3.28
938 silly placeDep ROOT jsesc@3.1.0 OK for: @babel/generator@7.29.1 want: ^3.0.2
939 silly fetch manifest @jridgewell/sourcemap-codec@^1.5.0
940 silly packumentCache full:https://registry.npmjs.org/@jridgewell%2fsourcemap-codec cache-miss
941 silly fetch manifest @jridgewell/resolve-uri@^3.1.0
942 silly packumentCache full:https://registry.npmjs.org/@jridgewell%2fresolve-uri cache-miss
943 silly fetch manifest @jridgewell/sourcemap-codec@^1.4.14
944 silly packumentCache full:https://registry.npmjs.org/@jridgewell%2fsourcemap-codec cache-miss
945 http fetch GET 200 https://registry.npmjs.org/@jridgewell%2fsourcemap-codec 58ms (cache miss)
946 silly packumentCache full:https://registry.npmjs.org/@jridgewell%2fsourcemap-codec set size:undefined disposed:false
947 http fetch GET 200 https://registry.npmjs.org/@jridgewell%2fresolve-uri 65ms (cache miss)
948 silly packumentCache full:https://registry.npmjs.org/@jridgewell%2fresolve-uri set size:undefined disposed:false
949 http fetch GET 200 https://registry.npmjs.org/@jridgewell%2fsourcemap-codec 66ms (cache miss)
950 silly packumentCache full:https://registry.npmjs.org/@jridgewell%2fsourcemap-codec set size:undefined disposed:false
951 silly placeDep ROOT @babel/compat-data@7.29.3 OK for: @babel/helper-compilation-targets@7.28.6 want: ^7.28.6
952 silly placeDep ROOT @babel/helper-validator-option@7.27.1 OK for: @babel/helper-compilation-targets@7.28.6 want: ^7.27.1
953 silly placeDep ROOT browserslist@4.28.2 OK for: @babel/helper-compilation-targets@7.28.6 want: ^4.24.0
954 silly placeDep ROOT lru-cache@5.1.1 OK for: @babel/helper-compilation-targets@7.28.6 want: ^5.1.1
955 silly fetch manifest baseline-browser-mapping@^2.10.12
956 silly packumentCache full:https://registry.npmjs.org/baseline-browser-mapping cache-miss
957 silly fetch manifest caniuse-lite@^1.0.30001782
958 silly packumentCache full:https://registry.npmjs.org/caniuse-lite cache-miss
959 silly fetch manifest electron-to-chromium@^1.5.328
960 silly packumentCache full:https://registry.npmjs.org/electron-to-chromium cache-miss
961 silly fetch manifest node-releases@^2.0.36
962 silly packumentCache full:https://registry.npmjs.org/node-releases cache-miss
963 silly fetch manifest update-browserslist-db@^1.2.3
964 silly packumentCache full:https://registry.npmjs.org/update-browserslist-db cache-miss
965 silly fetch manifest yallist@^3.0.2
966 silly packumentCache full:https://registry.npmjs.org/yallist cache-miss
967 http cache https://registry.npmjs.org/caniuse-lite 12ms (cache hit)
968 silly packumentCache full:https://registry.npmjs.org/caniuse-lite set size:2291079 disposed:false
969 http fetch GET 200 https://registry.npmjs.org/yallist 43ms (cache miss)
970 silly packumentCache full:https://registry.npmjs.org/yallist set size:undefined disposed:false
971 http fetch GET 200 https://registry.npmjs.org/update-browserslist-db 47ms (cache miss)
972 silly packumentCache full:https://registry.npmjs.org/update-browserslist-db set size:undefined disposed:false
973 http fetch GET 200 https://registry.npmjs.org/baseline-browser-mapping 51ms (cache miss)
974 silly packumentCache full:https://registry.npmjs.org/baseline-browser-mapping set size:undefined disposed:false
975 http fetch GET 200 https://registry.npmjs.org/node-releases 66ms (cache miss)
976 silly packumentCache full:https://registry.npmjs.org/node-releases set size:undefined disposed:false
977 http fetch GET 200 https://registry.npmjs.org/electron-to-chromium 342ms (cache miss)
978 silly packumentCache full:https://registry.npmjs.org/electron-to-chromium set size:undefined disposed:false
979 silly placeDep ROOT @babel/helper-module-imports@7.28.6 OK for: @babel/helper-module-transforms@7.28.6 want: ^7.28.6
980 silly placeDep ROOT @babel/helper-plugin-utils@7.28.6 OK for: @babel/plugin-transform-react-jsx-self@7.27.1 want: ^7.27.1
981 silly placeDep ROOT @babel/helper-globals@7.28.0 OK for: @babel/traverse@7.29.0 want: ^7.28.0
982 silly placeDep ROOT @babel/helper-string-parser@7.27.1 OK for: @babel/types@7.29.0 want: ^7.27.1
983 silly placeDep ROOT @jridgewell/sourcemap-codec@1.5.5 OK for: @jridgewell/gen-mapping@0.3.13 want: ^1.5.0
984 silly placeDep ROOT @jridgewell/resolve-uri@3.1.2 OK for: @jridgewell/trace-mapping@0.3.31 want: ^3.1.0
985 silly placeDep ROOT @types/babel__generator@7.27.0 OK for: @types/babel__core@7.20.5 want: *
986 silly placeDep ROOT @types/babel__template@7.4.4 OK for: @types/babel__core@7.20.5 want: *
987 silly placeDep ROOT @types/babel__traverse@7.28.0 OK for: @types/babel__core@7.20.5 want: *
988 silly placeDep ROOT caniuse-lite@1.0.30001792 OK for: autoprefixer@10.5.0 want: ^1.0.30001787
989 silly placeDep ROOT fraction.js@5.3.4 OK for: autoprefixer@10.5.0 want: ^5.3.4
990 silly placeDep ROOT postcss-value-parser@4.2.0 OK for: autoprefixer@10.5.0 want: ^4.2.0
991 silly placeDep ROOT follow-redirects@1.16.0 OK for: axios@1.16.0 want: ^1.16.0
992 silly placeDep ROOT form-data@4.0.5 OK for: axios@1.16.0 want: ^4.0.5
993 silly placeDep ROOT proxy-from-env@2.1.0 OK for: axios@1.16.0 want: ^2.1.0
994 silly fetch manifest asynckit@^0.4.0
995 silly packumentCache full:https://registry.npmjs.org/asynckit cache-miss
996 silly fetch manifest combined-stream@^1.0.8
997 silly packumentCache full:https://registry.npmjs.org/combined-stream cache-miss
998 silly fetch manifest es-set-tostringtag@^2.1.0
999 silly packumentCache full:https://registry.npmjs.org/es-set-tostringtag cache-miss
1000 silly fetch manifest hasown@^2.0.2
1001 silly packumentCache full:https://registry.npmjs.org/hasown cache-miss
1002 silly fetch manifest mime-types@^2.1.12
1003 silly packumentCache full:https://registry.npmjs.org/mime-types cache-miss
1004 http cache https://registry.npmjs.org/mime-types 12ms (cache hit)
1005 silly packumentCache full:https://registry.npmjs.org/mime-types set size:139110 disposed:false
1006 http fetch GET 200 https://registry.npmjs.org/es-set-tostringtag 42ms (cache miss)
1007 silly packumentCache full:https://registry.npmjs.org/es-set-tostringtag set size:undefined disposed:false
1008 http fetch GET 200 https://registry.npmjs.org/asynckit 44ms (cache miss)
1009 silly packumentCache full:https://registry.npmjs.org/asynckit set size:undefined disposed:false
1010 http fetch GET 200 https://registry.npmjs.org/hasown 45ms (cache miss)
1011 silly packumentCache full:https://registry.npmjs.org/hasown set size:undefined disposed:false
1012 http fetch GET 200 https://registry.npmjs.org/combined-stream 56ms (cache miss)
1013 silly packumentCache full:https://registry.npmjs.org/combined-stream set size:undefined disposed:false
1014 silly fetch manifest browserslist@>= 4.21.0
1015 silly packumentCache full:https://registry.npmjs.org/browserslist cache-hit
1016 silly placeDep ROOT baseline-browser-mapping@2.10.29 OK for: browserslist@4.28.2 want: ^2.10.12
1017 silly placeDep ROOT electron-to-chromium@1.5.353 OK for: browserslist@4.28.2 want: ^1.5.328
1018 silly placeDep ROOT node-releases@2.0.38 OK for: browserslist@4.28.2 want: ^2.0.36
1019 silly placeDep ROOT update-browserslist-db@1.2.3 OK for: browserslist@4.28.2 want: ^1.2.3
1020 silly fetch manifest escalade@^3.2.0
1021 silly packumentCache full:https://registry.npmjs.org/escalade cache-miss
1022 http fetch GET 200 https://registry.npmjs.org/escalade 41ms (cache miss)
1023 silly packumentCache full:https://registry.npmjs.org/escalade set size:undefined disposed:false
1024 silly placeDep ROOT chalk@4.1.2 OK for: concurrently@9.2.1 want: 4.1.2
1025 silly placeDep ROOT rxjs@7.8.2 OK for: concurrently@9.2.1 want: 7.8.2
1026 silly placeDep ROOT shell-quote@1.8.3 OK for: concurrently@9.2.1 want: 1.8.3
1027 silly placeDep ROOT supports-color@8.1.1 OK for: concurrently@9.2.1 want: 8.1.1
1028 silly placeDep ROOT tree-kill@1.2.2 OK for: concurrently@9.2.1 want: 1.2.2
1029 silly placeDep ROOT yargs@17.7.2 OK for: concurrently@9.2.1 want: 17.7.2
1030 silly fetch manifest ansi-styles@^4.1.0
1031 silly packumentCache full:https://registry.npmjs.org/ansi-styles cache-miss
1032 silly fetch manifest supports-color@^7.1.0
1033 silly packumentCache full:https://registry.npmjs.org/supports-color cache-miss
1034 silly fetch manifest tslib@^2.1.0
1035 silly packumentCache full:https://registry.npmjs.org/tslib cache-miss
1036 silly fetch manifest has-flag@^4.0.0
1037 silly packumentCache full:https://registry.npmjs.org/has-flag cache-miss
1038 silly fetch manifest y18n@^5.0.5
1039 silly packumentCache full:https://registry.npmjs.org/y18n cache-miss
1040 silly fetch manifest cliui@^8.0.1
1041 silly packumentCache full:https://registry.npmjs.org/cliui cache-miss
1042 silly fetch manifest escalade@^3.1.1
1043 silly packumentCache full:https://registry.npmjs.org/escalade cache-miss
1044 silly fetch manifest string-width@^4.2.3
1045 silly packumentCache full:https://registry.npmjs.org/string-width cache-miss
1046 silly fetch manifest yargs-parser@^21.1.1
1047 silly packumentCache full:https://registry.npmjs.org/yargs-parser cache-miss
1048 silly fetch manifest get-caller-file@^2.0.5
1049 silly packumentCache full:https://registry.npmjs.org/get-caller-file cache-miss
1050 silly fetch manifest require-directory@^2.1.1
1051 silly packumentCache full:https://registry.npmjs.org/require-directory cache-miss
1052 http cache https://registry.npmjs.org/escalade 22ms (cache hit)
1053 silly packumentCache full:https://registry.npmjs.org/escalade set size:33724 disposed:false
1054 http cache https://registry.npmjs.org/supports-color 24ms (cache hit)
1055 silly packumentCache full:https://registry.npmjs.org/supports-color set size:118680 disposed:false
1056 http fetch GET 200 https://registry.npmjs.org/has-flag 56ms (cache miss)
1057 silly packumentCache full:https://registry.npmjs.org/has-flag set size:undefined disposed:false
1058 http fetch GET 200 https://registry.npmjs.org/get-caller-file 58ms (cache miss)
1059 silly packumentCache full:https://registry.npmjs.org/get-caller-file set size:undefined disposed:false
1060 http fetch GET 200 https://registry.npmjs.org/cliui 62ms (cache miss)
1061 silly packumentCache full:https://registry.npmjs.org/cliui set size:undefined disposed:false
1062 http fetch GET 200 https://registry.npmjs.org/require-directory 63ms (cache miss)
1063 silly packumentCache full:https://registry.npmjs.org/require-directory set size:undefined disposed:false
1064 http fetch GET 200 https://registry.npmjs.org/string-width 65ms (cache miss)
1065 silly packumentCache full:https://registry.npmjs.org/string-width set size:undefined disposed:false
1066 http fetch GET 200 https://registry.npmjs.org/y18n 69ms (cache miss)
1067 silly packumentCache full:https://registry.npmjs.org/y18n set size:undefined disposed:false
1068 http fetch GET 200 https://registry.npmjs.org/ansi-styles 74ms (cache miss)
1069 silly packumentCache full:https://registry.npmjs.org/ansi-styles set size:undefined disposed:false
1070 http fetch GET 200 https://registry.npmjs.org/yargs-parser 75ms (cache miss)
1071 silly packumentCache full:https://registry.npmjs.org/yargs-parser set size:undefined disposed:false
1072 http fetch GET 200 https://registry.npmjs.org/tslib 95ms (cache miss)
1073 silly packumentCache full:https://registry.npmjs.org/tslib set size:undefined disposed:false
1074 silly placeDep ROOT ansi-styles@4.3.0 OK for: chalk@4.1.2 want: ^4.1.0
1075 silly placeDep node_modules/chalk supports-color@7.2.0 OK for: chalk@4.1.2 want: ^7.1.0
1076 silly fetch manifest color-convert@^2.0.1
1077 silly packumentCache full:https://registry.npmjs.org/color-convert cache-miss
1078 http fetch GET 200 https://registry.npmjs.org/color-convert 56ms (cache miss)
1079 silly packumentCache full:https://registry.npmjs.org/color-convert set size:undefined disposed:false
1080 silly placeDep ROOT color-convert@2.0.1 OK for: ansi-styles@4.3.0 want: ^2.0.1
1081 silly fetch manifest color-name@~1.1.4
1082 silly packumentCache full:https://registry.npmjs.org/color-name cache-miss
1083 http fetch GET 200 https://registry.npmjs.org/color-name 42ms (cache miss)
1084 silly packumentCache full:https://registry.npmjs.org/color-name set size:undefined disposed:false
1085 silly placeDep ROOT color-name@1.1.4 OK for: color-convert@2.0.1 want: ~1.1.4
1086 silly placeDep ROOT object-assign@4.1.1 OK for: cors@2.8.6 want: ^4
1087 silly placeDep ROOT vary@1.1.2 OK for: cors@2.8.6 want: ^1
1088 silly placeDep ROOT ms@2.1.3 OK for: debug@4.4.3 want: ^2.1.3
1089 silly fetch manifest eslint@^6.0.0 || ^7.0.0 || >=8.0.0
1090 silly packumentCache full:https://registry.npmjs.org/eslint cache-miss
1091 http cache https://registry.npmjs.org/eslint 13ms (cache hit)
1092 silly packumentCache full:https://registry.npmjs.org/eslint set size:1990528 disposed:false
1093 silly placeDep ROOT @eslint-community/eslint-utils@4.9.1 OK for: eslint@9.39.4 want: ^4.8.0
1094 silly placeDep ROOT @eslint-community/regexpp@4.12.2 OK for: eslint@9.39.4 want: ^4.12.1
1095 silly placeDep ROOT @eslint/config-array@0.21.2 OK for: eslint@9.39.4 want: ^0.21.2
1096 silly placeDep ROOT @eslint/config-helpers@0.4.2 OK for: eslint@9.39.4 want: ^0.4.2
1097 silly placeDep ROOT @eslint/core@0.17.0 OK for: eslint@9.39.4 want: ^0.17.0
1098 silly placeDep ROOT @eslint/eslintrc@3.3.5 OK for: eslint@9.39.4 want: ^3.3.5
1099 silly placeDep ROOT @eslint/plugin-kit@0.4.1 OK for: eslint@9.39.4 want: ^0.4.1
1100 silly placeDep ROOT @humanfs/node@0.16.8 OK for: eslint@9.39.4 want: ^0.16.6
1101 silly placeDep ROOT @humanwhocodes/module-importer@1.0.1 OK for: eslint@9.39.4 want: ^1.0.1
1102 silly placeDep ROOT @humanwhocodes/retry@0.4.3 OK for: eslint@9.39.4 want: ^0.4.2
1103 silly placeDep ROOT @types/estree@1.0.9 OK for: eslint@9.39.4 want: ^1.0.6
1104 silly placeDep ROOT ajv@6.15.0 OK for: eslint@9.39.4 want: ^6.14.0
1105 silly placeDep ROOT cross-spawn@7.0.6 OK for: eslint@9.39.4 want: ^7.0.6
1106 silly placeDep ROOT escape-string-regexp@4.0.0 OK for: eslint@9.39.4 want: ^4.0.0
1107 silly placeDep ROOT eslint-scope@8.4.0 OK for: eslint@9.39.4 want: ^8.4.0
1108 silly placeDep ROOT eslint-visitor-keys@4.2.1 OK for: eslint@9.39.4 want: ^4.2.1
1109 silly placeDep ROOT espree@10.4.0 OK for: eslint@9.39.4 want: ^10.4.0
1110 silly placeDep ROOT esquery@1.7.0 OK for: eslint@9.39.4 want: ^1.5.0
1111 silly placeDep ROOT esutils@2.0.3 OK for: eslint@9.39.4 want: ^2.0.2
1112 silly placeDep ROOT fast-deep-equal@3.1.3 OK for: eslint@9.39.4 want: ^3.1.3
1113 silly placeDep ROOT file-entry-cache@8.0.0 OK for: eslint@9.39.4 want: ^8.0.0
1114 silly placeDep ROOT find-up@5.0.0 OK for: eslint@9.39.4 want: ^5.0.0
1115 silly placeDep ROOT glob-parent@6.0.2 OK for: eslint@9.39.4 want: ^6.0.2
1116 silly placeDep ROOT ignore@5.3.2 OK for: eslint@9.39.4 want: ^5.2.0
1117 silly placeDep ROOT imurmurhash@0.1.4 OK for: eslint@9.39.4 want: ^0.1.4
1118 silly placeDep ROOT is-glob@4.0.3 OK for: eslint@9.39.4 want: ^4.0.0
1119 silly placeDep ROOT json-stable-stringify-without-jsonify@1.0.1 OK for: eslint@9.39.4 want: ^1.0.1
1120 silly placeDep ROOT lodash.merge@4.6.2 OK for: eslint@9.39.4 want: ^4.6.2
1121 silly placeDep ROOT minimatch@3.1.5 OK for: eslint@9.39.4 want: ^3.1.5
1122 silly placeDep ROOT natural-compare@1.4.0 OK for: eslint@9.39.4 want: ^1.4.0
1123 silly placeDep ROOT optionator@0.9.4 OK for: eslint@9.39.4 want: ^0.9.3
1124 silly fetch manifest eslint-visitor-keys@^3.4.3
1125 silly packumentCache full:https://registry.npmjs.org/eslint-visitor-keys cache-miss
1126 silly fetch manifest @eslint/object-schema@^2.1.7
1127 silly packumentCache full:https://registry.npmjs.org/@eslint%2fobject-schema cache-miss
1128 silly fetch manifest @types/json-schema@^7.0.15
1129 silly packumentCache full:https://registry.npmjs.org/@types%2fjson-schema cache-miss
1130 silly fetch manifest espree@^10.0.1
1131 silly packumentCache full:https://registry.npmjs.org/espree cache-miss
1132 silly fetch manifest globals@^14.0.0
1133 silly packumentCache full:https://registry.npmjs.org/globals cache-miss
1134 silly fetch manifest import-fresh@^3.2.1
1135 silly packumentCache full:https://registry.npmjs.org/import-fresh cache-miss
1136 silly fetch manifest js-yaml@^4.1.1
1137 silly packumentCache full:https://registry.npmjs.org/js-yaml cache-miss
1138 silly fetch manifest strip-json-comments@^3.1.1
1139 silly packumentCache full:https://registry.npmjs.org/strip-json-comments cache-miss
1140 silly fetch manifest levn@^0.4.1
1141 silly packumentCache full:https://registry.npmjs.org/levn cache-miss
1142 silly fetch manifest @humanwhocodes/retry@^0.4.0
1143 silly packumentCache full:https://registry.npmjs.org/@humanwhocodes%2fretry cache-miss
1144 silly fetch manifest @humanfs/core@^0.19.2
1145 silly packumentCache full:https://registry.npmjs.org/@humanfs%2fcore cache-miss
1146 silly fetch manifest @humanfs/types@^0.15.0
1147 silly packumentCache full:https://registry.npmjs.org/@humanfs%2ftypes cache-miss
1148 silly fetch manifest uri-js@^4.2.2
1149 silly packumentCache full:https://registry.npmjs.org/uri-js cache-miss
1150 silly fetch manifest fast-deep-equal@^3.1.1
1151 silly packumentCache full:https://registry.npmjs.org/fast-deep-equal cache-miss
1152 silly fetch manifest json-schema-traverse@^0.4.1
1153 silly packumentCache full:https://registry.npmjs.org/json-schema-traverse cache-miss
1154 http cache https://registry.npmjs.org/globals 20ms (cache hit)
1155 silly packumentCache full:https://registry.npmjs.org/globals set size:315985 disposed:false
1156 silly fetch manifest fast-json-stable-stringify@^2.0.0
1157 silly packumentCache full:https://registry.npmjs.org/fast-json-stable-stringify cache-miss
1158 http cache https://registry.npmjs.org/@humanwhocodes%2fretry 22ms (cache hit)
1159 silly packumentCache full:https://registry.npmjs.org/@humanwhocodes%2fretry set size:42348 disposed:false
1160 silly fetch manifest which@^2.0.1
1161 silly packumentCache full:https://registry.npmjs.org/which cache-miss
1162 http cache https://registry.npmjs.org/eslint-visitor-keys 26ms (cache hit)
1163 silly packumentCache full:https://registry.npmjs.org/eslint-visitor-keys set size:69949 disposed:false
1164 silly fetch manifest path-key@^3.1.0
1165 silly packumentCache full:https://registry.npmjs.org/path-key cache-miss
1166 http cache https://registry.npmjs.org/espree 27ms (cache hit)
1167 silly packumentCache full:https://registry.npmjs.org/espree set size:326080 disposed:false
1168 silly fetch manifest shebang-command@^2.0.0
1169 silly packumentCache full:https://registry.npmjs.org/shebang-command cache-miss
1170 http cache https://registry.npmjs.org/fast-deep-equal 26ms (cache hit)
1171 silly packumentCache full:https://registry.npmjs.org/fast-deep-equal set size:48634 disposed:false
1172 silly fetch manifest esrecurse@^4.3.0
1173 silly packumentCache full:https://registry.npmjs.org/esrecurse cache-miss
1174 http fetch GET 200 https://registry.npmjs.org/levn 43ms (cache miss)
1175 silly packumentCache full:https://registry.npmjs.org/levn set size:undefined disposed:false
1176 silly fetch manifest estraverse@^5.2.0
1177 silly packumentCache full:https://registry.npmjs.org/estraverse cache-miss
1178 http fetch GET 200 https://registry.npmjs.org/strip-json-comments 49ms (cache miss)
1179 silly packumentCache full:https://registry.npmjs.org/strip-json-comments set size:undefined disposed:false
1180 silly fetch manifest acorn@^8.15.0
1181 silly packumentCache full:https://registry.npmjs.org/acorn cache-miss
1182 http fetch GET 200 https://registry.npmjs.org/uri-js 62ms (cache miss)
1183 silly packumentCache full:https://registry.npmjs.org/uri-js set size:undefined disposed:false
1184 silly fetch manifest acorn-jsx@^5.3.2
1185 silly packumentCache full:https://registry.npmjs.org/acorn-jsx cache-miss
1186 http fetch GET 200 https://registry.npmjs.org/import-fresh 71ms (cache miss)
1187 silly packumentCache full:https://registry.npmjs.org/import-fresh set size:undefined disposed:false
1188 silly fetch manifest estraverse@^5.1.0
1189 silly packumentCache full:https://registry.npmjs.org/estraverse cache-miss
1190 http fetch GET 200 https://registry.npmjs.org/js-yaml 72ms (cache miss)
1191 silly packumentCache full:https://registry.npmjs.org/js-yaml set size:undefined disposed:false
1192 silly fetch manifest flat-cache@^4.0.0
1193 silly packumentCache full:https://registry.npmjs.org/flat-cache cache-miss
1194 http fetch GET 200 https://registry.npmjs.org/json-schema-traverse 71ms (cache miss)
1195 silly packumentCache full:https://registry.npmjs.org/json-schema-traverse set size:undefined disposed:false
1196 silly fetch manifest locate-path@^6.0.0
1197 silly packumentCache full:https://registry.npmjs.org/locate-path cache-miss
1198 http fetch GET 200 https://registry.npmjs.org/@humanfs%2ftypes 74ms (cache miss)
1199 silly packumentCache full:https://registry.npmjs.org/@humanfs%2ftypes set size:undefined disposed:false
1200 silly fetch manifest path-exists@^4.0.0
1201 silly packumentCache full:https://registry.npmjs.org/path-exists cache-miss
1202 http fetch GET 200 https://registry.npmjs.org/@eslint%2fobject-schema 79ms (cache miss)
1203 silly packumentCache full:https://registry.npmjs.org/@eslint%2fobject-schema set size:undefined disposed:false
1204 silly fetch manifest is-extglob@^2.1.1
1205 silly packumentCache full:https://registry.npmjs.org/is-extglob cache-miss
1206 http fetch GET 200 https://registry.npmjs.org/@humanfs%2fcore 77ms (cache miss)
1207 silly packumentCache full:https://registry.npmjs.org/@humanfs%2fcore set size:undefined disposed:false
1208 silly fetch manifest brace-expansion@^1.1.7
1209 silly packumentCache full:https://registry.npmjs.org/brace-expansion cache-miss
1210 http fetch GET 200 https://registry.npmjs.org/fast-json-stable-stringify 59ms (cache miss)
1211 silly packumentCache full:https://registry.npmjs.org/fast-json-stable-stringify set size:undefined disposed:false
1212 silly fetch manifest prelude-ls@^1.2.1
1213 silly packumentCache full:https://registry.npmjs.org/prelude-ls cache-miss
1214 http fetch GET 200 https://registry.npmjs.org/@types%2fjson-schema 84ms (cache miss)
1215 silly packumentCache full:https://registry.npmjs.org/@types%2fjson-schema set size:undefined disposed:false
1216 silly fetch manifest deep-is@^0.1.3
1217 silly packumentCache full:https://registry.npmjs.org/deep-is cache-miss
1218 http fetch GET 200 https://registry.npmjs.org/shebang-command 57ms (cache miss)
1219 silly packumentCache full:https://registry.npmjs.org/shebang-command set size:undefined disposed:false
1220 silly fetch manifest word-wrap@^1.2.5
1221 silly packumentCache full:https://registry.npmjs.org/word-wrap cache-miss
1222 http fetch GET 200 https://registry.npmjs.org/path-key 62ms (cache miss)
1223 silly packumentCache full:https://registry.npmjs.org/path-key set size:undefined disposed:false
1224 silly fetch manifest type-check@^0.4.0
1225 silly packumentCache full:https://registry.npmjs.org/type-check cache-miss
1226 http fetch GET 200 https://registry.npmjs.org/esrecurse 59ms (cache miss)
1227 silly packumentCache full:https://registry.npmjs.org/esrecurse set size:undefined disposed:false
1228 silly fetch manifest fast-levenshtein@^2.0.6
1229 silly packumentCache full:https://registry.npmjs.org/fast-levenshtein cache-miss
1230 http fetch GET 200 https://registry.npmjs.org/which 69ms (cache miss)
1231 silly packumentCache full:https://registry.npmjs.org/which set size:undefined disposed:false
1232 http fetch GET 200 https://registry.npmjs.org/estraverse 52ms (cache miss)
1233 silly packumentCache full:https://registry.npmjs.org/estraverse set size:undefined disposed:false
1234 http fetch GET 200 https://registry.npmjs.org/acorn 59ms (cache miss)
1235 silly packumentCache full:https://registry.npmjs.org/acorn set size:undefined disposed:false
1236 http fetch GET 200 https://registry.npmjs.org/estraverse 42ms (cache miss)
1237 silly packumentCache full:https://registry.npmjs.org/estraverse set size:undefined disposed:false
1238 http fetch GET 200 https://registry.npmjs.org/acorn-jsx 50ms (cache miss)
1239 silly packumentCache full:https://registry.npmjs.org/acorn-jsx set size:undefined disposed:false
1240 http fetch GET 200 https://registry.npmjs.org/locate-path 56ms (cache miss)
1241 silly packumentCache full:https://registry.npmjs.org/locate-path set size:undefined disposed:false
1242 http fetch GET 200 https://registry.npmjs.org/prelude-ls 50ms (cache miss)
1243 silly packumentCache full:https://registry.npmjs.org/prelude-ls set size:undefined disposed:false
1244 http fetch GET 200 https://registry.npmjs.org/is-extglob 53ms (cache miss)
1245 silly packumentCache full:https://registry.npmjs.org/is-extglob set size:undefined disposed:false
1246 http fetch GET 200 https://registry.npmjs.org/deep-is 49ms (cache miss)
1247 silly packumentCache full:https://registry.npmjs.org/deep-is set size:undefined disposed:false
1248 http fetch GET 200 https://registry.npmjs.org/type-check 45ms (cache miss)
1249 silly packumentCache full:https://registry.npmjs.org/type-check set size:undefined disposed:false
1250 http fetch GET 200 https://registry.npmjs.org/path-exists 57ms (cache miss)
1251 silly packumentCache full:https://registry.npmjs.org/path-exists set size:undefined disposed:false
1252 http fetch GET 200 https://registry.npmjs.org/word-wrap 49ms (cache miss)
1253 silly packumentCache full:https://registry.npmjs.org/word-wrap set size:undefined disposed:false
1254 http fetch GET 200 https://registry.npmjs.org/brace-expansion 57ms (cache miss)
1255 silly packumentCache full:https://registry.npmjs.org/brace-expansion set size:undefined disposed:false
1256 http fetch GET 200 https://registry.npmjs.org/fast-levenshtein 47ms (cache miss)
1257 silly packumentCache full:https://registry.npmjs.org/fast-levenshtein set size:undefined disposed:false
1258 http fetch GET 200 https://registry.npmjs.org/flat-cache 65ms (cache miss)
1259 silly packumentCache full:https://registry.npmjs.org/flat-cache set size:undefined disposed:false
1260 silly placeDep node_modules/@eslint-community/eslint-utils eslint-visitor-keys@3.4.3 OK for: @eslint-community/eslint-utils@4.9.1 want: ^3.4.3
1261 silly placeDep ROOT @eslint/object-schema@2.1.7 OK for: @eslint/config-array@0.21.2 want: ^2.1.7
1262 silly placeDep ROOT @types/json-schema@7.0.15 OK for: @eslint/core@0.17.0 want: ^7.0.15
1263 silly placeDep node_modules/@eslint/eslintrc globals@14.0.0 OK for: @eslint/eslintrc@3.3.5 want: ^14.0.0
1264 silly placeDep ROOT import-fresh@3.3.1 OK for: @eslint/eslintrc@3.3.5 want: ^3.2.1
1265 silly placeDep ROOT js-yaml@4.1.1 OK for: @eslint/eslintrc@3.3.5 want: ^4.1.1
1266 silly placeDep ROOT strip-json-comments@3.1.1 OK for: @eslint/eslintrc@3.3.5 want: ^3.1.1
1267 silly fetch manifest resolve-from@^4.0.0
1268 silly packumentCache full:https://registry.npmjs.org/resolve-from cache-miss
1269 silly fetch manifest parent-module@^1.0.0
1270 silly packumentCache full:https://registry.npmjs.org/parent-module cache-miss
1271 silly fetch manifest argparse@^2.0.1
1272 silly packumentCache full:https://registry.npmjs.org/argparse cache-miss
1273 http fetch GET 200 https://registry.npmjs.org/argparse 40ms (cache miss)
1274 silly packumentCache full:https://registry.npmjs.org/argparse set size:undefined disposed:false
1275 http fetch GET 200 https://registry.npmjs.org/resolve-from 42ms (cache miss)
1276 silly packumentCache full:https://registry.npmjs.org/resolve-from set size:undefined disposed:false
1277 http fetch GET 200 https://registry.npmjs.org/parent-module 43ms (cache miss)
1278 silly packumentCache full:https://registry.npmjs.org/parent-module set size:undefined disposed:false
1279 silly placeDep ROOT levn@0.4.1 OK for: @eslint/plugin-kit@0.4.1 want: ^0.4.1
1280 silly fetch manifest type-check@~0.4.0
1281 silly packumentCache full:https://registry.npmjs.org/type-check cache-miss
1282 http cache https://registry.npmjs.org/type-check 5ms (cache hit)
1283 silly packumentCache full:https://registry.npmjs.org/type-check set size:21221 disposed:false
1284 silly placeDep ROOT @humanfs/core@0.19.2 OK for: @humanfs/node@0.16.8 want: ^0.19.2
1285 silly placeDep ROOT @humanfs/types@0.15.0 OK for: @humanfs/node@0.16.8 want: ^0.15.0
1286 silly placeDep ROOT fast-json-stable-stringify@2.1.0 OK for: ajv@6.15.0 want: ^2.0.0
1287 silly placeDep ROOT json-schema-traverse@0.4.1 OK for: ajv@6.15.0 want: ^0.4.1
1288 silly placeDep ROOT uri-js@4.4.1 OK for: ajv@6.15.0 want: ^4.2.2
1289 silly fetch manifest punycode@^2.1.0
1290 silly packumentCache full:https://registry.npmjs.org/punycode cache-miss
1291 http fetch GET 200 https://registry.npmjs.org/punycode 45ms (cache miss)
1292 silly packumentCache full:https://registry.npmjs.org/punycode set size:undefined disposed:false
1293 silly placeDep ROOT path-key@3.1.1 OK for: cross-spawn@7.0.6 want: ^3.1.0
1294 silly placeDep ROOT shebang-command@2.0.0 OK for: cross-spawn@7.0.6 want: ^2.0.0
1295 silly placeDep ROOT which@2.0.2 OK for: cross-spawn@7.0.6 want: ^2.0.1
1296 silly fetch manifest shebang-regex@^3.0.0
1297 silly packumentCache full:https://registry.npmjs.org/shebang-regex cache-miss
1298 silly fetch manifest isexe@^2.0.0
1299 silly packumentCache full:https://registry.npmjs.org/isexe cache-miss
1300 http fetch GET 200 https://registry.npmjs.org/shebang-regex 38ms (cache miss)
1301 silly packumentCache full:https://registry.npmjs.org/shebang-regex set size:undefined disposed:false
1302 http fetch GET 200 https://registry.npmjs.org/isexe 41ms (cache miss)
1303 silly packumentCache full:https://registry.npmjs.org/isexe set size:undefined disposed:false
1304 silly placeDep ROOT esrecurse@4.3.0 OK for: eslint-scope@8.4.0 want: ^4.3.0
1305 silly placeDep ROOT estraverse@5.3.0 OK for: eslint-scope@8.4.0 want: ^5.2.0
1306 silly placeDep ROOT acorn@8.16.0 OK for: espree@10.4.0 want: ^8.15.0
1307 silly placeDep ROOT acorn-jsx@5.3.2 OK for: espree@10.4.0 want: ^5.3.2
1308 silly placeDep ROOT accepts@2.0.0 OK for: express@5.2.1 want: ^2.0.0
1309 silly placeDep ROOT body-parser@2.2.2 OK for: express@5.2.1 want: ^2.2.1
1310 silly placeDep ROOT content-disposition@1.1.0 OK for: express@5.2.1 want: ^1.0.0
1311 silly placeDep ROOT content-type@1.0.5 OK for: express@5.2.1 want: ^1.0.5
1312 silly placeDep ROOT cookie@0.7.2 OK for: express@5.2.1 want: ^0.7.1
1313 silly placeDep ROOT cookie-signature@1.2.2 OK for: express@5.2.1 want: ^1.2.1
1314 silly placeDep ROOT depd@2.0.0 OK for: express@5.2.1 want: ^2.0.0
1315 silly placeDep ROOT encodeurl@2.0.0 OK for: express@5.2.1 want: ^2.0.0
1316 silly placeDep ROOT escape-html@1.0.3 OK for: express@5.2.1 want: ^1.0.3
1317 silly placeDep ROOT etag@1.8.1 OK for: express@5.2.1 want: ^1.8.1
1318 silly placeDep ROOT finalhandler@2.1.1 OK for: express@5.2.1 want: ^2.1.0
1319 silly placeDep ROOT fresh@2.0.0 OK for: express@5.2.1 want: ^2.0.0
1320 silly placeDep ROOT http-errors@2.0.1 OK for: express@5.2.1 want: ^2.0.0
1321 silly placeDep ROOT merge-descriptors@2.0.0 OK for: express@5.2.1 want: ^2.0.0
1322 silly placeDep ROOT mime-types@3.0.2 OK for: express@5.2.1 want: ^3.0.0
1323 silly placeDep ROOT on-finished@2.4.1 OK for: express@5.2.1 want: ^2.4.1
1324 silly placeDep ROOT once@1.4.0 OK for: express@5.2.1 want: ^1.4.0
1325 silly placeDep ROOT parseurl@1.3.3 OK for: express@5.2.1 want: ^1.3.3
1326 silly placeDep ROOT proxy-addr@2.0.7 OK for: express@5.2.1 want: ^2.0.7
1327 silly placeDep ROOT qs@6.15.1 OK for: express@5.2.1 want: ^6.14.0
1328 silly placeDep ROOT range-parser@1.2.1 OK for: express@5.2.1 want: ^1.2.1
1329 silly placeDep ROOT router@2.2.0 OK for: express@5.2.1 want: ^2.2.0
1330 silly placeDep ROOT send@1.2.1 OK for: express@5.2.1 want: ^1.1.0
1331 silly placeDep ROOT serve-static@2.2.1 OK for: express@5.2.1 want: ^2.2.0
1332 silly placeDep ROOT statuses@2.0.2 OK for: express@5.2.1 want: ^2.0.1
1333 silly placeDep ROOT type-is@2.0.1 OK for: express@5.2.1 want: ^2.0.1
1334 silly fetch manifest negotiator@^1.0.0
1335 silly packumentCache full:https://registry.npmjs.org/negotiator cache-miss
1336 silly fetch manifest qs@^6.14.1
1337 silly packumentCache full:https://registry.npmjs.org/qs cache-miss
1338 silly fetch manifest bytes@^3.1.2
1339 silly packumentCache full:https://registry.npmjs.org/bytes cache-miss
1340 silly fetch manifest raw-body@^3.0.1
1341 silly packumentCache full:https://registry.npmjs.org/raw-body cache-miss
1342 silly fetch manifest iconv-lite@^0.7.0
1343 silly packumentCache full:https://registry.npmjs.org/iconv-lite cache-miss
1344 silly fetch manifest inherits@~2.0.4
1345 silly packumentCache full:https://registry.npmjs.org/inherits cache-miss
1346 silly fetch manifest setprototypeof@~1.2.0
1347 silly packumentCache full:https://registry.npmjs.org/setprototypeof cache-miss
1348 silly fetch manifest statuses@~2.0.2
1349 silly packumentCache full:https://registry.npmjs.org/statuses cache-miss
1350 silly fetch manifest toidentifier@~1.0.1
1351 silly packumentCache full:https://registry.npmjs.org/toidentifier cache-miss
1352 silly fetch manifest mime-db@^1.54.0
1353 silly packumentCache full:https://registry.npmjs.org/mime-db cache-miss
1354 silly fetch manifest ee-first@1.1.1
1355 silly packumentCache full:https://registry.npmjs.org/ee-first cache-miss
1356 silly fetch manifest wrappy@1
1357 silly packumentCache full:https://registry.npmjs.org/wrappy cache-miss
1358 silly fetch manifest forwarded@0.2.0
1359 silly packumentCache full:https://registry.npmjs.org/forwarded cache-miss
1360 silly fetch manifest ipaddr.js@1.9.1
1361 silly packumentCache full:https://registry.npmjs.org/ipaddr.js cache-miss
1362 silly fetch manifest side-channel@^1.1.0
1363 silly packumentCache full:https://registry.npmjs.org/side-channel cache-miss
1364 http cache https://registry.npmjs.org/statuses 17ms (cache hit)
1365 silly packumentCache full:https://registry.npmjs.org/statuses set size:37117 disposed:false
1366 silly fetch manifest is-promise@^4.0.0
1367 silly packumentCache full:https://registry.npmjs.org/is-promise cache-miss
1368 http cache https://registry.npmjs.org/qs 22ms (cache hit)
1369 silly packumentCache full:https://registry.npmjs.org/qs set size:353582 disposed:false
1370 silly fetch manifest path-to-regexp@^8.0.0
1371 silly packumentCache full:https://registry.npmjs.org/path-to-regexp cache-miss
1372 http fetch GET 200 https://registry.npmjs.org/setprototypeof 50ms (cache miss)
1373 silly packumentCache full:https://registry.npmjs.org/setprototypeof set size:undefined disposed:false
1374 silly fetch manifest statuses@^2.0.2
1375 silly packumentCache full:https://registry.npmjs.org/statuses cache-hit
1376 silly fetch manifest media-typer@^1.1.0
1377 silly packumentCache full:https://registry.npmjs.org/media-typer cache-miss
1378 http fetch GET 200 https://registry.npmjs.org/bytes 57ms (cache miss)
1379 silly packumentCache full:https://registry.npmjs.org/bytes set size:undefined disposed:false
1380 http fetch GET 200 https://registry.npmjs.org/ee-first 56ms (cache miss)
1381 silly packumentCache full:https://registry.npmjs.org/ee-first set size:undefined disposed:false
1382 http fetch GET 200 https://registry.npmjs.org/wrappy 57ms (cache miss)
1383 silly packumentCache full:https://registry.npmjs.org/wrappy set size:undefined disposed:false
1384 http fetch GET 200 https://registry.npmjs.org/forwarded 56ms (cache miss)
1385 silly packumentCache full:https://registry.npmjs.org/forwarded set size:undefined disposed:false
1386 http fetch GET 200 https://registry.npmjs.org/inherits 59ms (cache miss)
1387 silly packumentCache full:https://registry.npmjs.org/inherits set size:undefined disposed:false
1388 http fetch GET 200 https://registry.npmjs.org/toidentifier 60ms (cache miss)
1389 silly packumentCache full:https://registry.npmjs.org/toidentifier set size:undefined disposed:false
1390 http fetch GET 200 https://registry.npmjs.org/side-channel 60ms (cache miss)
1391 silly packumentCache full:https://registry.npmjs.org/side-channel set size:undefined disposed:false
1392 http fetch GET 200 https://registry.npmjs.org/negotiator 66ms (cache miss)
1393 silly packumentCache full:https://registry.npmjs.org/negotiator set size:undefined disposed:false
1394 http fetch GET 200 https://registry.npmjs.org/iconv-lite 66ms (cache miss)
1395 silly packumentCache full:https://registry.npmjs.org/iconv-lite set size:undefined disposed:false
1396 http fetch GET 200 https://registry.npmjs.org/is-promise 49ms (cache miss)
1397 silly packumentCache full:https://registry.npmjs.org/is-promise set size:undefined disposed:false
1398 http fetch GET 200 https://registry.npmjs.org/raw-body 70ms (cache miss)
1399 silly packumentCache full:https://registry.npmjs.org/raw-body set size:undefined disposed:false
1400 http fetch GET 200 https://registry.npmjs.org/mime-db 70ms (cache miss)
1401 silly packumentCache full:https://registry.npmjs.org/mime-db set size:undefined disposed:false
1402 http fetch GET 200 https://registry.npmjs.org/ipaddr.js 72ms (cache miss)
1403 silly packumentCache full:https://registry.npmjs.org/ipaddr.js set size:undefined disposed:false
1404 http fetch GET 200 https://registry.npmjs.org/path-to-regexp 54ms (cache miss)
1405 silly packumentCache full:https://registry.npmjs.org/path-to-regexp set size:undefined disposed:false
1406 http fetch GET 200 https://registry.npmjs.org/media-typer 35ms (cache miss)
1407 silly packumentCache full:https://registry.npmjs.org/media-typer set size:undefined disposed:false
1408 silly placeDep ROOT negotiator@1.0.0 OK for: accepts@2.0.0 want: ^1.0.0
1409 silly placeDep ROOT bytes@3.1.2 OK for: body-parser@2.2.2 want: ^3.1.2
1410 silly placeDep ROOT iconv-lite@0.7.2 OK for: body-parser@2.2.2 want: ^0.7.0
1411 silly placeDep ROOT raw-body@3.0.2 OK for: body-parser@2.2.2 want: ^3.0.1
1412 silly fetch manifest safer-buffer@>= 2.1.2 < 3.0.0
1413 silly packumentCache full:https://registry.npmjs.org/safer-buffer cache-miss
1414 silly fetch manifest unpipe@~1.0.0
1415 silly packumentCache full:https://registry.npmjs.org/unpipe cache-miss
1416 http fetch GET 200 https://registry.npmjs.org/safer-buffer 38ms (cache miss)
1417 silly packumentCache full:https://registry.npmjs.org/safer-buffer set size:undefined disposed:false
1418 http fetch GET 200 https://registry.npmjs.org/unpipe 38ms (cache miss)
1419 silly packumentCache full:https://registry.npmjs.org/unpipe set size:undefined disposed:false
1420 silly placeDep ROOT flat-cache@4.0.1 OK for: file-entry-cache@8.0.0 want: ^4.0.0
1421 silly fetch manifest keyv@^4.5.4
1422 silly packumentCache full:https://registry.npmjs.org/keyv cache-miss
1423 silly fetch manifest flatted@^3.2.9
1424 silly packumentCache full:https://registry.npmjs.org/flatted cache-miss
1425 http fetch GET 200 https://registry.npmjs.org/keyv 46ms (cache miss)
1426 silly packumentCache full:https://registry.npmjs.org/keyv set size:undefined disposed:false
1427 http fetch GET 200 https://registry.npmjs.org/flatted 49ms (cache miss)
1428 silly packumentCache full:https://registry.npmjs.org/flatted set size:undefined disposed:false
1429 silly placeDep ROOT locate-path@6.0.0 OK for: find-up@5.0.0 want: ^6.0.0
1430 silly placeDep ROOT path-exists@4.0.0 OK for: find-up@5.0.0 want: ^4.0.0
1431 silly fetch manifest p-locate@^5.0.0
1432 silly packumentCache full:https://registry.npmjs.org/p-locate cache-miss
1433 http fetch GET 200 https://registry.npmjs.org/p-locate 40ms (cache miss)
1434 silly packumentCache full:https://registry.npmjs.org/p-locate set size:undefined disposed:false
1435 silly placeDep ROOT flatted@3.4.2 OK for: flat-cache@4.0.1 want: ^3.2.9
1436 silly placeDep ROOT keyv@4.5.4 OK for: flat-cache@4.0.1 want: ^4.5.4
1437 silly fetch manifest json-buffer@3.0.1
1438 silly packumentCache full:https://registry.npmjs.org/json-buffer cache-miss
1439 http fetch GET 200 https://registry.npmjs.org/json-buffer 37ms (cache miss)
1440 silly packumentCache full:https://registry.npmjs.org/json-buffer set size:undefined disposed:false
1441 silly placeDep ROOT asynckit@0.4.0 OK for: form-data@4.0.5 want: ^0.4.0
1442 silly placeDep ROOT combined-stream@1.0.8 OK for: form-data@4.0.5 want: ^1.0.8
1443 silly placeDep ROOT es-set-tostringtag@2.1.0 OK for: form-data@4.0.5 want: ^2.1.0
1444 silly placeDep ROOT hasown@2.0.3 OK for: form-data@4.0.5 want: ^2.0.2
1445 silly placeDep node_modules/form-data mime-types@2.1.35 OK for: form-data@4.0.5 want: ^2.1.12
1446 silly fetch manifest delayed-stream@~1.0.0
1447 silly packumentCache full:https://registry.npmjs.org/delayed-stream cache-miss
1448 silly fetch manifest es-errors@^1.3.0
1449 silly packumentCache full:https://registry.npmjs.org/es-errors cache-miss
1450 silly fetch manifest get-intrinsic@^1.2.6
1451 silly packumentCache full:https://registry.npmjs.org/get-intrinsic cache-miss
1452 silly fetch manifest has-tostringtag@^1.0.2
1453 silly packumentCache full:https://registry.npmjs.org/has-tostringtag cache-miss
1454 silly fetch manifest function-bind@^1.1.2
1455 silly packumentCache full:https://registry.npmjs.org/function-bind cache-miss
1456 silly fetch manifest mime-db@1.52.0
1457 silly packumentCache full:https://registry.npmjs.org/mime-db cache-miss
1458 http cache https://registry.npmjs.org/mime-db 9ms (cache hit)
1459 silly packumentCache full:https://registry.npmjs.org/mime-db set size:164953 disposed:false
1460 http fetch GET 200 https://registry.npmjs.org/es-errors 50ms (cache miss)
1461 silly packumentCache full:https://registry.npmjs.org/es-errors set size:undefined disposed:false
1462 http fetch GET 200 https://registry.npmjs.org/function-bind 50ms (cache miss)
1463 silly packumentCache full:https://registry.npmjs.org/function-bind set size:undefined disposed:false
1464 http fetch GET 200 https://registry.npmjs.org/delayed-stream 52ms (cache miss)
1465 silly packumentCache full:https://registry.npmjs.org/delayed-stream set size:undefined disposed:false
1466 http fetch GET 200 https://registry.npmjs.org/has-tostringtag 52ms (cache miss)
1467 silly packumentCache full:https://registry.npmjs.org/has-tostringtag set size:undefined disposed:false
1468 http fetch GET 200 https://registry.npmjs.org/get-intrinsic 56ms (cache miss)
1469 silly packumentCache full:https://registry.npmjs.org/get-intrinsic set size:undefined disposed:false
1470 silly placeDep ROOT delayed-stream@1.0.0 OK for: combined-stream@1.0.8 want: ~1.0.0
1471 silly placeDep ROOT es-errors@1.3.0 OK for: es-set-tostringtag@2.1.0 want: ^1.3.0
1472 silly placeDep ROOT get-intrinsic@1.3.0 OK for: es-set-tostringtag@2.1.0 want: ^1.2.6
1473 silly placeDep ROOT has-tostringtag@1.0.2 OK for: es-set-tostringtag@2.1.0 want: ^1.0.2
1474 silly fetch manifest gopd@^1.2.0
1475 silly packumentCache full:https://registry.npmjs.org/gopd cache-miss
1476 silly fetch manifest get-proto@^1.0.1
1477 silly packumentCache full:https://registry.npmjs.org/get-proto cache-miss
1478 silly fetch manifest has-symbols@^1.1.0
1479 silly packumentCache full:https://registry.npmjs.org/has-symbols cache-miss
1480 silly fetch manifest es-object-atoms@^1.1.1
1481 silly packumentCache full:https://registry.npmjs.org/es-object-atoms cache-miss
1482 silly fetch manifest math-intrinsics@^1.1.0
1483 silly packumentCache full:https://registry.npmjs.org/math-intrinsics cache-miss
1484 silly fetch manifest es-define-property@^1.0.1
1485 silly packumentCache full:https://registry.npmjs.org/es-define-property cache-miss
1486 silly fetch manifest call-bind-apply-helpers@^1.0.2
1487 silly packumentCache full:https://registry.npmjs.org/call-bind-apply-helpers cache-miss
1488 silly fetch manifest has-symbols@^1.0.3
1489 silly packumentCache full:https://registry.npmjs.org/has-symbols cache-miss
1490 http fetch GET 200 https://registry.npmjs.org/gopd 43ms (cache miss)
1491 silly packumentCache full:https://registry.npmjs.org/gopd set size:undefined disposed:false
1492 http fetch GET 200 https://registry.npmjs.org/call-bind-apply-helpers 45ms (cache miss)
1493 silly packumentCache full:https://registry.npmjs.org/call-bind-apply-helpers set size:undefined disposed:false
1494 http fetch GET 200 https://registry.npmjs.org/es-define-property 45ms (cache miss)
1495 silly packumentCache full:https://registry.npmjs.org/es-define-property set size:undefined disposed:false
1496 http fetch GET 200 https://registry.npmjs.org/math-intrinsics 47ms (cache miss)
1497 silly packumentCache full:https://registry.npmjs.org/math-intrinsics set size:undefined disposed:false
1498 http fetch GET 200 https://registry.npmjs.org/es-object-atoms 47ms (cache miss)
1499 silly packumentCache full:https://registry.npmjs.org/es-object-atoms set size:undefined disposed:false
1500 http fetch GET 200 https://registry.npmjs.org/has-symbols 49ms (cache miss)
1501 silly packumentCache full:https://registry.npmjs.org/has-symbols set size:undefined disposed:false
1502 http fetch GET 200 https://registry.npmjs.org/has-symbols 49ms (cache miss)
1503 silly packumentCache full:https://registry.npmjs.org/has-symbols set size:undefined disposed:false
1504 http fetch GET 200 https://registry.npmjs.org/get-proto 50ms (cache miss)
1505 silly packumentCache full:https://registry.npmjs.org/get-proto set size:undefined disposed:false
1506 silly placeDep ROOT call-bind-apply-helpers@1.0.2 OK for: get-intrinsic@1.3.0 want: ^1.0.2
1507 silly placeDep ROOT es-define-property@1.0.1 OK for: get-intrinsic@1.3.0 want: ^1.0.1
1508 silly placeDep ROOT es-object-atoms@1.1.1 OK for: get-intrinsic@1.3.0 want: ^1.1.1
1509 silly placeDep ROOT function-bind@1.1.2 OK for: get-intrinsic@1.3.0 want: ^1.1.2
1510 silly placeDep ROOT get-proto@1.0.1 OK for: get-intrinsic@1.3.0 want: ^1.0.1
1511 silly placeDep ROOT gopd@1.2.0 OK for: get-intrinsic@1.3.0 want: ^1.2.0
1512 silly placeDep ROOT has-symbols@1.1.0 OK for: get-intrinsic@1.3.0 want: ^1.1.0
1513 silly placeDep ROOT math-intrinsics@1.1.0 OK for: get-intrinsic@1.3.0 want: ^1.1.0
1514 silly fetch manifest dunder-proto@^1.0.1
1515 silly packumentCache full:https://registry.npmjs.org/dunder-proto cache-miss
1516 http fetch GET 200 https://registry.npmjs.org/dunder-proto 43ms (cache miss)
1517 silly packumentCache full:https://registry.npmjs.org/dunder-proto set size:undefined disposed:false
1518 silly placeDep ROOT dunder-proto@1.0.1 OK for: get-proto@1.0.1 want: ^1.0.1
1519 silly placeDep ROOT inherits@2.0.4 OK for: http-errors@2.0.1 want: ~2.0.4
1520 silly placeDep ROOT setprototypeof@1.2.0 OK for: http-errors@2.0.1 want: ~1.2.0
1521 silly placeDep ROOT toidentifier@1.0.1 OK for: http-errors@2.0.1 want: ~1.0.1
1522 silly placeDep ROOT safer-buffer@2.1.2 OK for: iconv-lite@0.7.2 want: >= 2.1.2 < 3.0.0
1523 silly placeDep ROOT parent-module@1.0.1 OK for: import-fresh@3.3.1 want: ^1.0.0
1524 silly placeDep ROOT resolve-from@4.0.0 OK for: import-fresh@3.3.1 want: ^4.0.0
1525 silly fetch manifest callsites@^3.0.0
1526 silly packumentCache full:https://registry.npmjs.org/callsites cache-miss
1527 http fetch GET 200 https://registry.npmjs.org/callsites 39ms (cache miss)
1528 silly packumentCache full:https://registry.npmjs.org/callsites set size:undefined disposed:false
1529 silly placeDep ROOT is-extglob@2.1.1 OK for: is-glob@4.0.3 want: ^2.1.1
1530 silly placeDep ROOT argparse@2.0.1 OK for: js-yaml@4.1.1 want: ^2.0.1
1531 silly placeDep ROOT json-buffer@3.0.1 OK for: keyv@4.5.4 want: 3.0.1
1532 silly placeDep ROOT prelude-ls@1.2.1 OK for: levn@0.4.1 want: ^1.2.1
1533 silly placeDep ROOT type-check@0.4.0 OK for: levn@0.4.1 want: ~0.4.0
1534 silly placeDep ROOT p-locate@5.0.0 OK for: locate-path@6.0.0 want: ^5.0.0
1535 silly fetch manifest p-limit@^3.0.2
1536 silly packumentCache full:https://registry.npmjs.org/p-limit cache-miss
1537 http fetch GET 200 https://registry.npmjs.org/p-limit 41ms (cache miss)
1538 silly packumentCache full:https://registry.npmjs.org/p-limit set size:undefined disposed:false
1539 silly placeDep ROOT yallist@3.1.1 OK for: lru-cache@5.1.1 want: ^3.0.2
1540 silly placeDep ROOT mime-db@1.54.0 OK for: mime-types@3.0.2 want: ^1.54.0
1541 silly placeDep ROOT brace-expansion@1.1.14 OK for: minimatch@3.1.5 want: ^1.1.7
1542 silly fetch manifest concat-map@0.0.1
1543 silly packumentCache full:https://registry.npmjs.org/concat-map cache-miss
1544 silly fetch manifest balanced-match@^1.0.0
1545 silly packumentCache full:https://registry.npmjs.org/balanced-match cache-miss
1546 http fetch GET 200 https://registry.npmjs.org/balanced-match 45ms (cache miss)
1547 silly packumentCache full:https://registry.npmjs.org/balanced-match set size:undefined disposed:false
1548 http fetch GET 200 https://registry.npmjs.org/concat-map 61ms (cache miss)
1549 silly packumentCache full:https://registry.npmjs.org/concat-map set size:undefined disposed:false
1550 silly placeDep ROOT balanced-match@1.0.2 OK for: brace-expansion@1.1.14 want: ^1.0.0
1551 silly placeDep ROOT concat-map@0.0.1 OK for: brace-expansion@1.1.14 want: 0.0.1
1552 silly placeDep ROOT ee-first@1.1.1 OK for: on-finished@2.4.1 want: 1.1.1
1553 silly placeDep ROOT wrappy@1.0.2 OK for: once@1.4.0 want: 1
1554 silly placeDep ROOT deep-is@0.1.4 OK for: optionator@0.9.4 want: ^0.1.3
1555 silly placeDep ROOT fast-levenshtein@2.0.6 OK for: optionator@0.9.4 want: ^2.0.6
1556 silly placeDep ROOT word-wrap@1.2.5 OK for: optionator@0.9.4 want: ^1.2.5
1557 silly placeDep ROOT p-limit@3.1.0 OK for: p-locate@5.0.0 want: ^3.0.2
1558 silly fetch manifest yocto-queue@^0.1.0
1559 silly packumentCache full:https://registry.npmjs.org/yocto-queue cache-miss
1560 http fetch GET 200 https://registry.npmjs.org/yocto-queue 44ms (cache miss)
1561 silly packumentCache full:https://registry.npmjs.org/yocto-queue set size:undefined disposed:false
1562 silly placeDep ROOT yocto-queue@0.1.0 OK for: p-limit@3.1.0 want: ^0.1.0
1563 silly placeDep ROOT callsites@3.1.0 OK for: parent-module@1.0.1 want: ^3.0.0
1564 silly placeDep ROOT nanoid@3.3.12 OK for: postcss@8.5.14 want: ^3.3.11
1565 silly placeDep ROOT source-map-js@1.2.1 OK for: postcss@8.5.14 want: ^1.2.1
1566 silly placeDep ROOT forwarded@0.2.0 OK for: proxy-addr@2.0.7 want: 0.2.0
1567 silly placeDep ROOT ipaddr.js@1.9.1 OK for: proxy-addr@2.0.7 want: 1.9.1
1568 silly placeDep ROOT side-channel@1.1.0 OK for: qs@6.15.1 want: ^1.1.0
1569 silly fetch manifest object-inspect@^1.13.3
1570 silly packumentCache full:https://registry.npmjs.org/object-inspect cache-miss
1571 silly fetch manifest side-channel-list@^1.0.0
1572 silly packumentCache full:https://registry.npmjs.org/side-channel-list cache-miss
1573 silly fetch manifest side-channel-map@^1.0.1
1574 silly packumentCache full:https://registry.npmjs.org/side-channel-map cache-miss
1575 silly fetch manifest side-channel-weakmap@^1.0.2
1576 silly packumentCache full:https://registry.npmjs.org/side-channel-weakmap cache-miss
1577 http fetch GET 200 https://registry.npmjs.org/side-channel-list 39ms (cache miss)
1578 silly packumentCache full:https://registry.npmjs.org/side-channel-list set size:undefined disposed:false
1579 http fetch GET 200 https://registry.npmjs.org/side-channel-weakmap 41ms (cache miss)
1580 silly packumentCache full:https://registry.npmjs.org/side-channel-weakmap set size:undefined disposed:false
1581 http fetch GET 200 https://registry.npmjs.org/side-channel-map 42ms (cache miss)
1582 silly packumentCache full:https://registry.npmjs.org/side-channel-map set size:undefined disposed:false
1583 http fetch GET 200 https://registry.npmjs.org/object-inspect 50ms (cache miss)
1584 silly packumentCache full:https://registry.npmjs.org/object-inspect set size:undefined disposed:false
1585 silly placeDep ROOT unpipe@1.0.0 OK for: raw-body@3.0.2 want: ~1.0.0
1586 silly placeDep ROOT scheduler@0.27.0 OK for: react-dom@19.2.6 want: ^0.27.0
1587 silly fetch manifest react@>=18
1588 silly packumentCache full:https://registry.npmjs.org/react cache-miss
1589 http cache https://registry.npmjs.org/react 16ms (cache hit)
1590 silly packumentCache full:https://registry.npmjs.org/react set size:6650647 disposed:false
1591 silly fetch manifest react-dom@>=18
1592 silly packumentCache full:https://registry.npmjs.org/react-dom cache-miss
1593 http cache https://registry.npmjs.org/react-dom 25ms (cache hit)
1594 silly packumentCache full:https://registry.npmjs.org/react-dom set size:8868827 disposed:false
1595 silly placeDep ROOT react-router@7.15.0 OK for: react-router-dom@7.15.0 want: 7.15.0
1596 silly fetch manifest cookie@^1.0.1
1597 silly packumentCache full:https://registry.npmjs.org/cookie cache-miss
1598 silly fetch manifest set-cookie-parser@^2.6.0
1599 silly packumentCache full:https://registry.npmjs.org/set-cookie-parser cache-miss
1600 http cache https://registry.npmjs.org/cookie 16ms (cache hit)
1601 silly packumentCache full:https://registry.npmjs.org/cookie set size:72891 disposed:false
1602 http fetch GET 200 https://registry.npmjs.org/set-cookie-parser 49ms (cache miss)
1603 silly packumentCache full:https://registry.npmjs.org/set-cookie-parser set size:undefined disposed:false
1604 silly placeDep node_modules/react-router cookie@1.1.1 OK for: react-router@7.15.0 want: ^1.0.1
1605 silly placeDep ROOT set-cookie-parser@2.7.2 OK for: react-router@7.15.0 want: ^2.6.0
1606 silly placeDep ROOT is-promise@4.0.0 OK for: router@2.2.0 want: ^4.0.0
1607 silly placeDep ROOT path-to-regexp@8.4.2 OK for: router@2.2.0 want: ^8.0.0
1608 silly placeDep ROOT tslib@2.8.1 OK for: rxjs@7.8.2 want: ^2.1.0
1609 silly placeDep ROOT shebang-regex@3.0.0 OK for: shebang-command@2.0.0 want: ^3.0.0
1610 silly placeDep ROOT object-inspect@1.13.4 OK for: side-channel@1.1.0 want: ^1.13.3
1611 silly placeDep ROOT side-channel-list@1.0.1 OK for: side-channel@1.1.0 want: ^1.0.0
1612 silly placeDep ROOT side-channel-map@1.0.1 OK for: side-channel@1.1.0 want: ^1.0.1
1613 silly placeDep ROOT side-channel-weakmap@1.0.2 OK for: side-channel@1.1.0 want: ^1.0.2
1614 silly fetch manifest call-bound@^1.0.2
1615 silly packumentCache full:https://registry.npmjs.org/call-bound cache-miss
1616 silly fetch manifest call-bound@^1.0.2
1617 silly packumentCache full:https://registry.npmjs.org/call-bound cache-miss
1618 http fetch GET 200 https://registry.npmjs.org/call-bound 39ms (cache miss)
1619 silly packumentCache full:https://registry.npmjs.org/call-bound set size:undefined disposed:false
1620 http fetch GET 200 https://registry.npmjs.org/call-bound 40ms (cache miss)
1621 silly packumentCache full:https://registry.npmjs.org/call-bound set size:undefined disposed:false
1622 silly placeDep ROOT call-bound@1.0.4 OK for: side-channel-map@1.0.1 want: ^1.0.2
1623 silly placeDep ROOT has-flag@4.0.0 OK for: supports-color@8.1.1 want: ^4.0.0
1624 silly fetch manifest postcss@^8.4.47
1625 silly packumentCache full:https://registry.npmjs.org/postcss cache-miss
1626 http cache https://registry.npmjs.org/postcss 6ms (cache hit)
1627 silly packumentCache full:https://registry.npmjs.org/postcss set size:720302 disposed:false
1628 silly placeDep ROOT @alloc/quick-lru@5.2.0 OK for: tailwindcss@3.4.19 want: ^5.2.0
1629 silly placeDep ROOT arg@5.0.2 OK for: tailwindcss@3.4.19 want: ^5.0.2
1630 silly placeDep ROOT chokidar@3.6.0 OK for: tailwindcss@3.4.19 want: ^3.6.0
1631 silly placeDep ROOT didyoumean@1.2.2 OK for: tailwindcss@3.4.19 want: ^1.2.2
1632 silly placeDep ROOT dlv@1.1.3 OK for: tailwindcss@3.4.19 want: ^1.1.3
1633 silly placeDep ROOT fast-glob@3.3.3 OK for: tailwindcss@3.4.19 want: ^3.3.2
1634 silly placeDep ROOT jiti@1.21.7 OK for: tailwindcss@3.4.19 want: ^1.21.7
1635 silly placeDep ROOT lilconfig@3.1.3 OK for: tailwindcss@3.4.19 want: ^3.1.3
1636 silly placeDep ROOT micromatch@4.0.8 OK for: tailwindcss@3.4.19 want: ^4.0.8
1637 silly placeDep ROOT normalize-path@3.0.0 OK for: tailwindcss@3.4.19 want: ^3.0.0
1638 silly placeDep ROOT object-hash@3.0.0 OK for: tailwindcss@3.4.19 want: ^3.0.0
1639 silly placeDep ROOT postcss-import@15.1.0 OK for: tailwindcss@3.4.19 want: ^15.1.0
1640 silly placeDep ROOT postcss-js@4.1.0 OK for: tailwindcss@3.4.19 want: ^4.0.1
1641 silly placeDep ROOT postcss-load-config@6.0.1 OK for: tailwindcss@3.4.19 want: ^4.0.2 || ^5.0 || ^6.0
1642 silly placeDep ROOT postcss-nested@6.2.0 OK for: tailwindcss@3.4.19 want: ^6.2.0
1643 silly placeDep ROOT postcss-selector-parser@6.1.2 OK for: tailwindcss@3.4.19 want: ^6.1.2
1644 silly placeDep ROOT resolve@1.22.12 OK for: tailwindcss@3.4.19 want: ^1.22.8
1645 silly placeDep ROOT sucrase@3.35.1 OK for: tailwindcss@3.4.19 want: ^3.35.0
1646 silly fetch manifest braces@~3.0.2
1647 silly packumentCache full:https://registry.npmjs.org/braces cache-miss
1648 silly fetch manifest anymatch@~3.1.2
1649 silly packumentCache full:https://registry.npmjs.org/anymatch cache-miss
1650 silly fetch manifest readdirp@~3.6.0
1651 silly packumentCache full:https://registry.npmjs.org/readdirp cache-miss
1652 silly fetch manifest glob-parent@~5.1.2
1653 silly packumentCache full:https://registry.npmjs.org/glob-parent cache-miss
1654 silly fetch manifest is-binary-path@~2.1.0
1655 silly packumentCache full:https://registry.npmjs.org/is-binary-path cache-miss
1656 silly fetch manifest normalize-path@~3.0.0
1657 silly packumentCache full:https://registry.npmjs.org/normalize-path cache-miss
1658 silly fetch manifest fsevents@~2.3.2
1659 silly packumentCache full:https://registry.npmjs.org/fsevents cache-miss
1660 silly fetch manifest @nodelib/fs.stat@^2.0.2
1661 silly packumentCache full:https://registry.npmjs.org/@nodelib%2ffs.stat cache-miss
1662 silly fetch manifest @nodelib/fs.walk@^1.2.3
1663 silly packumentCache full:https://registry.npmjs.org/@nodelib%2ffs.walk cache-miss
1664 silly fetch manifest glob-parent@^5.1.2
1665 silly packumentCache full:https://registry.npmjs.org/glob-parent cache-miss
1666 silly fetch manifest merge2@^1.3.0
1667 silly packumentCache full:https://registry.npmjs.org/merge2 cache-miss
1668 silly fetch manifest braces@^3.0.3
1669 silly packumentCache full:https://registry.npmjs.org/braces cache-miss
1670 silly fetch manifest picomatch@^2.3.1
1671 silly packumentCache full:https://registry.npmjs.org/picomatch cache-miss
1672 silly fetch manifest resolve@^1.1.7
1673 silly packumentCache full:https://registry.npmjs.org/resolve cache-miss
1674 silly fetch manifest read-cache@^1.0.0
1675 silly packumentCache full:https://registry.npmjs.org/read-cache cache-miss
1676 http cache https://registry.npmjs.org/picomatch 15ms (cache hit)
1677 silly packumentCache full:https://registry.npmjs.org/picomatch set size:126376 disposed:false
1678 silly fetch manifest camelcase-css@^2.0.1
1679 silly packumentCache full:https://registry.npmjs.org/camelcase-css cache-miss
1680 http cache https://registry.npmjs.org/glob-parent 20ms (cache hit)
1681 silly packumentCache full:https://registry.npmjs.org/glob-parent set size:42445 disposed:false
1682 silly fetch manifest postcss-selector-parser@^6.1.1
1683 silly packumentCache full:https://registry.npmjs.org/postcss-selector-parser cache-miss
1684 http cache https://registry.npmjs.org/fsevents 20ms (cache hit)
1685 silly packumentCache full:https://registry.npmjs.org/fsevents set size:182472 disposed:false
1686 silly fetch manifest cssesc@^3.0.0
1687 silly packumentCache full:https://registry.npmjs.org/cssesc cache-miss
1688 http cache https://registry.npmjs.org/resolve 21ms (cache hit)
1689 silly packumentCache full:https://registry.npmjs.org/resolve set size:252941 disposed:false
1690 silly fetch manifest util-deprecate@^1.0.2
1691 silly packumentCache full:https://registry.npmjs.org/util-deprecate cache-miss
1692 http cache https://registry.npmjs.org/glob-parent 25ms (cache hit)
1693 silly packumentCache full:https://registry.npmjs.org/glob-parent set size:42445 disposed:false
1694 silly packumentCache full:https://registry.npmjs.org/glob-parent dispose
1695 silly fetch manifest is-core-module@^2.16.1
1696 silly packumentCache full:https://registry.npmjs.org/is-core-module cache-miss
1697 http cache https://registry.npmjs.org/normalize-path 27ms (cache hit)
1698 silly packumentCache full:https://registry.npmjs.org/normalize-path set size:28713 disposed:false
1699 silly fetch manifest path-parse@^1.0.7
1700 silly packumentCache full:https://registry.npmjs.org/path-parse cache-miss
1701 http cache https://registry.npmjs.org/postcss-selector-parser 15ms (cache hit)
1702 silly packumentCache full:https://registry.npmjs.org/postcss-selector-parser set size:177140 disposed:false
1703 silly fetch manifest supports-preserve-symlinks-flag@^1.0.0
1704 silly packumentCache full:https://registry.npmjs.org/supports-preserve-symlinks-flag cache-miss
1705 http fetch GET 200 https://registry.npmjs.org/read-cache 43ms (cache miss)
1706 silly packumentCache full:https://registry.npmjs.org/read-cache set size:undefined disposed:false
1707 silly fetch manifest commander@^4.0.0
1708 silly packumentCache full:https://registry.npmjs.org/commander cache-miss
1709 http fetch GET 200 https://registry.npmjs.org/is-binary-path 48ms (cache miss)
1710 silly packumentCache full:https://registry.npmjs.org/is-binary-path set size:undefined disposed:false
1711 silly fetch manifest lines-and-columns@^1.1.6
1712 silly packumentCache full:https://registry.npmjs.org/lines-and-columns cache-miss
1713 http fetch GET 200 https://registry.npmjs.org/merge2 57ms (cache miss)
1714 silly packumentCache full:https://registry.npmjs.org/merge2 set size:undefined disposed:false
1715 silly fetch manifest mz@^2.7.0
1716 silly packumentCache full:https://registry.npmjs.org/mz cache-miss
1717 http fetch GET 200 https://registry.npmjs.org/readdirp 63ms (cache miss)
1718 silly packumentCache full:https://registry.npmjs.org/readdirp set size:undefined disposed:false
1719 silly fetch manifest pirates@^4.0.1
1720 silly packumentCache full:https://registry.npmjs.org/pirates cache-miss
1721 http fetch GET 200 https://registry.npmjs.org/@nodelib%2ffs.stat 69ms (cache miss)
1722 silly packumentCache full:https://registry.npmjs.org/@nodelib%2ffs.stat set size:undefined disposed:false
1723 silly fetch manifest tinyglobby@^0.2.11
1724 silly packumentCache full:https://registry.npmjs.org/tinyglobby cache-miss
1725 http fetch GET 200 https://registry.npmjs.org/@nodelib%2ffs.walk 75ms (cache miss)
1726 silly packumentCache full:https://registry.npmjs.org/@nodelib%2ffs.walk set size:undefined disposed:false
1727 silly fetch manifest ts-interface-checker@^0.1.9
1728 silly packumentCache full:https://registry.npmjs.org/ts-interface-checker cache-miss
1729 http fetch GET 200 https://registry.npmjs.org/anymatch 77ms (cache miss)
1730 silly packumentCache full:https://registry.npmjs.org/anymatch set size:undefined disposed:false
1731 http fetch GET 200 https://registry.npmjs.org/camelcase-css 59ms (cache miss)
1732 silly packumentCache full:https://registry.npmjs.org/camelcase-css set size:undefined disposed:false
1733 http fetch GET 200 https://registry.npmjs.org/cssesc 56ms (cache miss)
1734 silly packumentCache full:https://registry.npmjs.org/cssesc set size:undefined disposed:false
1735 http fetch GET 200 https://registry.npmjs.org/braces 80ms (cache miss)
1736 silly packumentCache full:https://registry.npmjs.org/braces set size:undefined disposed:false
1737 http fetch GET 200 https://registry.npmjs.org/path-parse 54ms (cache miss)
1738 silly packumentCache full:https://registry.npmjs.org/path-parse set size:undefined disposed:false
1739 http fetch GET 200 https://registry.npmjs.org/braces 80ms (cache miss)
1740 silly packumentCache full:https://registry.npmjs.org/braces set size:undefined disposed:false
1741 http fetch GET 200 https://registry.npmjs.org/util-deprecate 60ms (cache miss)
1742 silly packumentCache full:https://registry.npmjs.org/util-deprecate set size:undefined disposed:false
1743 http fetch GET 200 https://registry.npmjs.org/supports-preserve-symlinks-flag 49ms (cache miss)
1744 silly packumentCache full:https://registry.npmjs.org/supports-preserve-symlinks-flag set size:undefined disposed:false
1745 http cache https://registry.npmjs.org/tinyglobby 16ms (cache hit)
1746 silly packumentCache full:https://registry.npmjs.org/tinyglobby set size:52660 disposed:false
1747 http fetch GET 200 https://registry.npmjs.org/is-core-module 63ms (cache miss)
1748 silly packumentCache full:https://registry.npmjs.org/is-core-module set size:undefined disposed:false
1749 http fetch GET 200 https://registry.npmjs.org/lines-and-columns 43ms (cache miss)
1750 silly packumentCache full:https://registry.npmjs.org/lines-and-columns set size:undefined disposed:false
1751 http fetch GET 200 https://registry.npmjs.org/mz 44ms (cache miss)
1752 silly packumentCache full:https://registry.npmjs.org/mz set size:undefined disposed:false
1753 http fetch GET 200 https://registry.npmjs.org/commander 59ms (cache miss)
1754 silly packumentCache full:https://registry.npmjs.org/commander set size:undefined disposed:false
1755 http fetch GET 200 https://registry.npmjs.org/pirates 45ms (cache miss)
1756 silly packumentCache full:https://registry.npmjs.org/pirates set size:undefined disposed:false
1757 http fetch GET 200 https://registry.npmjs.org/ts-interface-checker 76ms (cache miss)
1758 silly packumentCache full:https://registry.npmjs.org/ts-interface-checker set size:undefined disposed:false
1759 silly placeDep ROOT anymatch@3.1.3 OK for: chokidar@3.6.0 want: ~3.1.2
1760 silly placeDep ROOT braces@3.0.3 OK for: chokidar@3.6.0 want: ~3.0.2
1761 silly placeDep ROOT fsevents@2.3.3 OK for: chokidar@3.6.0 want: ~2.3.2
1762 silly placeDep node_modules/chokidar glob-parent@5.1.2 OK for: chokidar@3.6.0 want: ~5.1.2
1763 silly placeDep ROOT is-binary-path@2.1.0 OK for: chokidar@3.6.0 want: ~2.1.0
1764 silly placeDep ROOT readdirp@3.6.0 OK for: chokidar@3.6.0 want: ~3.6.0
1765 silly fetch manifest picomatch@^2.0.4
1766 silly packumentCache full:https://registry.npmjs.org/picomatch cache-hit
1767 silly fetch manifest fill-range@^7.1.1
1768 silly packumentCache full:https://registry.npmjs.org/fill-range cache-miss
1769 silly fetch manifest binary-extensions@^2.0.0
1770 silly packumentCache full:https://registry.npmjs.org/binary-extensions cache-miss
1771 silly fetch manifest picomatch@^2.2.1
1772 silly packumentCache full:https://registry.npmjs.org/picomatch cache-hit
1773 http fetch GET 200 https://registry.npmjs.org/binary-extensions 47ms (cache miss)
1774 silly packumentCache full:https://registry.npmjs.org/binary-extensions set size:undefined disposed:false
1775 http fetch GET 200 https://registry.npmjs.org/fill-range 66ms (cache miss)
1776 silly packumentCache full:https://registry.npmjs.org/fill-range set size:undefined disposed:false
1777 silly placeDep ROOT picomatch@2.3.2 OK for: anymatch@3.1.3 want: ^2.0.4
1778 silly placeDep ROOT fill-range@7.1.1 OK for: braces@3.0.3 want: ^7.1.1
1779 silly fetch manifest to-regex-range@^5.0.1
1780 silly packumentCache full:https://registry.npmjs.org/to-regex-range cache-miss
1781 http fetch GET 200 https://registry.npmjs.org/to-regex-range 51ms (cache miss)
1782 silly packumentCache full:https://registry.npmjs.org/to-regex-range set size:undefined disposed:false
1783 silly placeDep ROOT @nodelib/fs.stat@2.0.5 OK for: fast-glob@3.3.3 want: ^2.0.2
1784 silly placeDep ROOT @nodelib/fs.walk@1.2.8 OK for: fast-glob@3.3.3 want: ^1.2.3
1785 silly placeDep node_modules/fast-glob glob-parent@5.1.2 OK for: fast-glob@3.3.3 want: ^5.1.2
1786 silly placeDep ROOT merge2@1.4.1 OK for: fast-glob@3.3.3 want: ^1.3.0
1787 silly fetch manifest fastq@^1.6.0
1788 silly packumentCache full:https://registry.npmjs.org/fastq cache-miss
1789 silly fetch manifest @nodelib/fs.scandir@2.1.5
1790 silly packumentCache full:https://registry.npmjs.org/@nodelib%2ffs.scandir cache-miss
1791 http fetch GET 200 https://registry.npmjs.org/fastq 46ms (cache miss)
1792 silly packumentCache full:https://registry.npmjs.org/fastq set size:undefined disposed:false
1793 http fetch GET 200 https://registry.npmjs.org/@nodelib%2ffs.scandir 53ms (cache miss)
1794 silly packumentCache full:https://registry.npmjs.org/@nodelib%2ffs.scandir set size:undefined disposed:false
1795 silly placeDep ROOT @nodelib/fs.scandir@2.1.5 OK for: @nodelib/fs.walk@1.2.8 want: 2.1.5
1796 silly placeDep ROOT fastq@1.20.1 OK for: @nodelib/fs.walk@1.2.8 want: ^1.6.0
1797 silly fetch manifest run-parallel@^1.1.9
1798 silly packumentCache full:https://registry.npmjs.org/run-parallel cache-miss
1799 silly fetch manifest reusify@^1.0.4
1800 silly packumentCache full:https://registry.npmjs.org/reusify cache-miss
1801 http fetch GET 200 https://registry.npmjs.org/run-parallel 44ms (cache miss)
1802 silly packumentCache full:https://registry.npmjs.org/run-parallel set size:undefined disposed:false
1803 http fetch GET 200 https://registry.npmjs.org/reusify 45ms (cache miss)
1804 silly packumentCache full:https://registry.npmjs.org/reusify set size:undefined disposed:false
1805 silly placeDep ROOT run-parallel@1.2.0 OK for: @nodelib/fs.scandir@2.1.5 want: ^1.1.9
1806 silly fetch manifest queue-microtask@^1.2.2
1807 silly packumentCache full:https://registry.npmjs.org/queue-microtask cache-miss
1808 http fetch GET 200 https://registry.npmjs.org/queue-microtask 45ms (cache miss)
1809 silly packumentCache full:https://registry.npmjs.org/queue-microtask set size:undefined disposed:false
1810 silly placeDep ROOT reusify@1.1.0 OK for: fastq@1.20.1 want: ^1.0.4
1811 silly placeDep ROOT to-regex-range@5.0.1 OK for: fill-range@7.1.1 want: ^5.0.1
1812 silly fetch manifest is-number@^7.0.0
1813 silly packumentCache full:https://registry.npmjs.org/is-number cache-miss
1814 http fetch GET 200 https://registry.npmjs.org/is-number 50ms (cache miss)
1815 silly packumentCache full:https://registry.npmjs.org/is-number set size:undefined disposed:false
1816 silly placeDep ROOT binary-extensions@2.3.0 OK for: is-binary-path@2.1.0 want: ^2.0.0
1817 silly placeDep ROOT read-cache@1.0.0 OK for: postcss-import@15.1.0 want: ^1.0.0
1818 silly fetch manifest pify@^2.3.0
1819 silly packumentCache full:https://registry.npmjs.org/pify cache-miss
1820 http fetch GET 200 https://registry.npmjs.org/pify 43ms (cache miss)
1821 silly packumentCache full:https://registry.npmjs.org/pify set size:undefined disposed:false
1822 silly placeDep ROOT camelcase-css@2.0.1 OK for: postcss-js@4.1.0 want: ^2.0.1
1823 silly placeDep ROOT cssesc@3.0.0 OK for: postcss-selector-parser@6.1.2 want: ^3.0.0
1824 silly placeDep ROOT util-deprecate@1.0.2 OK for: postcss-selector-parser@6.1.2 want: ^1.0.2
1825 silly placeDep ROOT pify@2.3.0 OK for: read-cache@1.0.0 want: ^2.3.0
1826 silly placeDep ROOT is-core-module@2.16.2 OK for: resolve@1.22.12 want: ^2.16.1
1827 silly placeDep ROOT path-parse@1.0.7 OK for: resolve@1.22.12 want: ^1.0.7
1828 silly placeDep ROOT supports-preserve-symlinks-flag@1.0.0 OK for: resolve@1.22.12 want: ^1.0.0
1829 silly placeDep ROOT queue-microtask@1.2.3 OK for: run-parallel@1.2.0 want: ^1.2.2
1830 silly placeDep ROOT commander@4.1.1 OK for: sucrase@3.35.1 want: ^4.0.0
1831 silly placeDep ROOT lines-and-columns@1.2.4 OK for: sucrase@3.35.1 want: ^1.1.6
1832 silly placeDep ROOT mz@2.7.0 OK for: sucrase@3.35.1 want: ^2.7.0
1833 silly placeDep ROOT pirates@4.0.7 OK for: sucrase@3.35.1 want: ^4.0.1
1834 silly placeDep ROOT tinyglobby@0.2.16 OK for: sucrase@3.35.1 want: ^0.2.11
1835 silly placeDep ROOT ts-interface-checker@0.1.13 OK for: sucrase@3.35.1 want: ^0.1.9
1836 silly fetch manifest any-promise@^1.0.0
1837 silly packumentCache full:https://registry.npmjs.org/any-promise cache-miss
1838 silly fetch manifest thenify-all@^1.0.0
1839 silly packumentCache full:https://registry.npmjs.org/thenify-all cache-miss
1840 silly fetch manifest fdir@^6.5.0
1841 silly packumentCache full:https://registry.npmjs.org/fdir cache-miss
1842 silly fetch manifest picomatch@^4.0.4
1843 silly packumentCache full:https://registry.npmjs.org/picomatch cache-hit
1844 http cache https://registry.npmjs.org/fdir 10ms (cache hit)
1845 silly packumentCache full:https://registry.npmjs.org/fdir set size:136182 disposed:false
1846 http fetch GET 200 https://registry.npmjs.org/thenify-all 41ms (cache miss)
1847 silly packumentCache full:https://registry.npmjs.org/thenify-all set size:undefined disposed:false
1848 http fetch GET 200 https://registry.npmjs.org/any-promise 42ms (cache miss)
1849 silly packumentCache full:https://registry.npmjs.org/any-promise set size:undefined disposed:false
1850 silly placeDep ROOT any-promise@1.3.0 OK for: mz@2.7.0 want: ^1.0.0
1851 silly placeDep ROOT thenify-all@1.6.0 OK for: mz@2.7.0 want: ^1.0.0
1852 silly fetch manifest thenify@>= 3.1.0 < 4
1853 silly packumentCache full:https://registry.npmjs.org/thenify cache-miss
1854 http fetch GET 200 https://registry.npmjs.org/thenify 39ms (cache miss)
1855 silly packumentCache full:https://registry.npmjs.org/thenify set size:undefined disposed:false
1856 silly placeDep ROOT thenify@3.3.1 OK for: thenify-all@1.6.0 want: >= 3.1.0 < 4
1857 silly placeDep node_modules/tinyglobby fdir@6.5.0 OK for: tinyglobby@0.2.16 want: ^6.5.0
1858 silly placeDep node_modules/tinyglobby picomatch@4.0.4 OK for: fdir@6.5.0 want: ^3 || ^4
1859 silly placeDep ROOT is-number@7.0.0 OK for: to-regex-range@5.0.1 want: ^7.0.0
1860 silly placeDep ROOT esbuild@0.27.7 OK for: tsx@4.21.0 want: ~0.27.0
1861 silly placeDep ROOT get-tsconfig@4.14.0 OK for: tsx@4.21.0 want: ^4.7.5
1862 silly fetch manifest @esbuild/aix-ppc64@0.27.7
1863 silly packumentCache full:https://registry.npmjs.org/@esbuild%2faix-ppc64 cache-miss
1864 silly fetch manifest @esbuild/linux-arm@0.27.7
1865 silly packumentCache full:https://registry.npmjs.org/@esbuild%2flinux-arm cache-miss
1866 silly fetch manifest @esbuild/linux-x64@0.27.7
1867 silly packumentCache full:https://registry.npmjs.org/@esbuild%2flinux-x64 cache-miss
1868 silly fetch manifest @esbuild/sunos-x64@0.27.7
1869 silly packumentCache full:https://registry.npmjs.org/@esbuild%2fsunos-x64 cache-miss
1870 silly fetch manifest @esbuild/win32-x64@0.27.7
1871 silly packumentCache full:https://registry.npmjs.org/@esbuild%2fwin32-x64 cache-miss
1872 silly fetch manifest @esbuild/darwin-x64@0.27.7
1873 silly packumentCache full:https://registry.npmjs.org/@esbuild%2fdarwin-x64 cache-miss
1874 silly fetch manifest @esbuild/linux-ia32@0.27.7
1875 silly packumentCache full:https://registry.npmjs.org/@esbuild%2flinux-ia32 cache-miss
1876 silly fetch manifest @esbuild/netbsd-x64@0.27.7
1877 silly packumentCache full:https://registry.npmjs.org/@esbuild%2fnetbsd-x64 cache-miss
1878 silly fetch manifest @esbuild/win32-ia32@0.27.7
1879 silly packumentCache full:https://registry.npmjs.org/@esbuild%2fwin32-ia32 cache-miss
1880 silly fetch manifest @esbuild/android-arm@0.27.7
1881 silly packumentCache full:https://registry.npmjs.org/@esbuild%2fandroid-arm cache-miss
1882 silly fetch manifest @esbuild/android-x64@0.27.7
1883 silly packumentCache full:https://registry.npmjs.org/@esbuild%2fandroid-x64 cache-miss
1884 silly fetch manifest @esbuild/freebsd-x64@0.27.7
1885 silly packumentCache full:https://registry.npmjs.org/@esbuild%2ffreebsd-x64 cache-miss
1886 silly fetch manifest @esbuild/linux-arm64@0.27.7
1887 silly packumentCache full:https://registry.npmjs.org/@esbuild%2flinux-arm64 cache-miss
1888 silly fetch manifest @esbuild/linux-ppc64@0.27.7
1889 silly packumentCache full:https://registry.npmjs.org/@esbuild%2flinux-ppc64 cache-miss
1890 silly fetch manifest @esbuild/linux-s390x@0.27.7
1891 silly packumentCache full:https://registry.npmjs.org/@esbuild%2flinux-s390x cache-miss
1892 http fetch GET 200 https://registry.npmjs.org/@esbuild%2flinux-arm 70ms (cache miss)
1893 silly packumentCache full:https://registry.npmjs.org/@esbuild%2flinux-arm set size:undefined disposed:false
1894 silly fetch manifest @esbuild/openbsd-x64@0.27.7
1895 silly packumentCache full:https://registry.npmjs.org/@esbuild%2fopenbsd-x64 cache-miss
1896 http fetch GET 200 https://registry.npmjs.org/@esbuild%2fdarwin-x64 80ms (cache miss)
1897 silly packumentCache full:https://registry.npmjs.org/@esbuild%2fdarwin-x64 set size:undefined disposed:false
1898 silly fetch manifest @esbuild/win32-arm64@0.27.7
1899 silly packumentCache full:https://registry.npmjs.org/@esbuild%2fwin32-arm64 cache-miss
1900 http fetch GET 200 https://registry.npmjs.org/@esbuild%2flinux-s390x 81ms (cache miss)
1901 silly packumentCache full:https://registry.npmjs.org/@esbuild%2flinux-s390x set size:undefined disposed:false
1902 silly fetch manifest @esbuild/darwin-arm64@0.27.7
1903 silly packumentCache full:https://registry.npmjs.org/@esbuild%2fdarwin-arm64 cache-miss
1904 http fetch GET 200 https://registry.npmjs.org/@esbuild%2fwin32-x64 93ms (cache miss)
1905 silly packumentCache full:https://registry.npmjs.org/@esbuild%2fwin32-x64 set size:undefined disposed:false
1906 silly fetch manifest @esbuild/netbsd-arm64@0.27.7
1907 silly packumentCache full:https://registry.npmjs.org/@esbuild%2fnetbsd-arm64 cache-miss
1908 http fetch GET 200 https://registry.npmjs.org/@esbuild%2fandroid-x64 97ms (cache miss)
1909 silly packumentCache full:https://registry.npmjs.org/@esbuild%2fandroid-x64 set size:undefined disposed:false
1910 silly fetch manifest @esbuild/android-arm64@0.27.7
1911 silly packumentCache full:https://registry.npmjs.org/@esbuild%2fandroid-arm64 cache-miss
1912 http fetch GET 200 https://registry.npmjs.org/@esbuild%2flinux-ppc64 101ms (cache miss)
1913 silly packumentCache full:https://registry.npmjs.org/@esbuild%2flinux-ppc64 set size:undefined disposed:false
1914 silly fetch manifest @esbuild/freebsd-arm64@0.27.7
1915 silly packumentCache full:https://registry.npmjs.org/@esbuild%2ffreebsd-arm64 cache-miss
1916 http fetch GET 200 https://registry.npmjs.org/@esbuild%2ffreebsd-x64 108ms (cache miss)
1917 silly packumentCache full:https://registry.npmjs.org/@esbuild%2ffreebsd-x64 set size:undefined disposed:false
1918 silly fetch manifest @esbuild/linux-loong64@0.27.7
1919 silly packumentCache full:https://registry.npmjs.org/@esbuild%2flinux-loong64 cache-miss
1920 http fetch GET 200 https://registry.npmjs.org/@esbuild%2flinux-arm64 115ms (cache miss)
1921 silly packumentCache full:https://registry.npmjs.org/@esbuild%2flinux-arm64 set size:undefined disposed:false
1922 silly fetch manifest @esbuild/linux-riscv64@0.27.7
1923 silly packumentCache full:https://registry.npmjs.org/@esbuild%2flinux-riscv64 cache-miss
1924 http fetch GET 200 https://registry.npmjs.org/@esbuild%2fwin32-ia32 118ms (cache miss)
1925 silly packumentCache full:https://registry.npmjs.org/@esbuild%2fwin32-ia32 set size:undefined disposed:false
1926 silly fetch manifest @esbuild/openbsd-arm64@0.27.7
1927 silly packumentCache full:https://registry.npmjs.org/@esbuild%2fopenbsd-arm64 cache-miss
1928 http fetch GET 200 https://registry.npmjs.org/@esbuild%2fandroid-arm 121ms (cache miss)
1929 silly packumentCache full:https://registry.npmjs.org/@esbuild%2fandroid-arm set size:undefined disposed:false
1930 silly fetch manifest @esbuild/linux-mips64el@0.27.7
1931 silly packumentCache full:https://registry.npmjs.org/@esbuild%2flinux-mips64el cache-miss
1932 http fetch GET 200 https://registry.npmjs.org/@esbuild%2flinux-ia32 125ms (cache miss)
1933 silly packumentCache full:https://registry.npmjs.org/@esbuild%2flinux-ia32 set size:undefined disposed:false
1934 silly fetch manifest @esbuild/openharmony-arm64@0.27.7
1935 silly packumentCache full:https://registry.npmjs.org/@esbuild%2fopenharmony-arm64 cache-miss
1936 http fetch GET 200 https://registry.npmjs.org/@esbuild%2fsunos-x64 129ms (cache miss)
1937 silly packumentCache full:https://registry.npmjs.org/@esbuild%2fsunos-x64 set size:undefined disposed:false
1938 silly fetch manifest resolve-pkg-maps@^1.0.0
1939 silly packumentCache full:https://registry.npmjs.org/resolve-pkg-maps cache-miss
1940 http fetch GET 200 https://registry.npmjs.org/@esbuild%2fopenbsd-x64 63ms (cache miss)
1941 silly packumentCache full:https://registry.npmjs.org/@esbuild%2fopenbsd-x64 set size:undefined disposed:false
1942 http fetch GET 200 https://registry.npmjs.org/@esbuild%2fwin32-arm64 66ms (cache miss)
1943 silly packumentCache full:https://registry.npmjs.org/@esbuild%2fwin32-arm64 set size:undefined disposed:false
1944 http fetch GET 200 https://registry.npmjs.org/@esbuild%2flinux-x64 150ms (cache miss)
1945 silly packumentCache full:https://registry.npmjs.org/@esbuild%2flinux-x64 set size:undefined disposed:false
1946 http fetch GET 200 https://registry.npmjs.org/@esbuild%2fdarwin-arm64 70ms (cache miss)
1947 silly packumentCache full:https://registry.npmjs.org/@esbuild%2fdarwin-arm64 set size:undefined disposed:false
1948 http fetch GET 200 https://registry.npmjs.org/@esbuild%2fnetbsd-arm64 62ms (cache miss)
1949 silly packumentCache full:https://registry.npmjs.org/@esbuild%2fnetbsd-arm64 set size:undefined disposed:false
1950 http fetch GET 200 https://registry.npmjs.org/@esbuild%2fandroid-arm64 72ms (cache miss)
1951 silly packumentCache full:https://registry.npmjs.org/@esbuild%2fandroid-arm64 set size:undefined disposed:false
1952 http fetch GET 200 https://registry.npmjs.org/resolve-pkg-maps 44ms (cache miss)
1953 silly packumentCache full:https://registry.npmjs.org/resolve-pkg-maps set size:undefined disposed:false
1954 http fetch GET 200 https://registry.npmjs.org/@esbuild%2ffreebsd-arm64 72ms (cache miss)
1955 silly packumentCache full:https://registry.npmjs.org/@esbuild%2ffreebsd-arm64 set size:undefined disposed:false
1956 http fetch GET 200 https://registry.npmjs.org/@esbuild%2fnetbsd-x64 175ms (cache miss)
1957 silly packumentCache full:https://registry.npmjs.org/@esbuild%2fnetbsd-x64 set size:undefined disposed:false
1958 http fetch GET 200 https://registry.npmjs.org/@esbuild%2fopenbsd-arm64 61ms (cache miss)
1959 silly packumentCache full:https://registry.npmjs.org/@esbuild%2fopenbsd-arm64 set size:undefined disposed:false
1960 http fetch GET 200 https://registry.npmjs.org/@esbuild%2fopenharmony-arm64 66ms (cache miss)
1961 silly packumentCache full:https://registry.npmjs.org/@esbuild%2fopenharmony-arm64 set size:undefined disposed:false
1962 http fetch GET 200 https://registry.npmjs.org/@esbuild%2flinux-loong64 88ms (cache miss)
1963 silly packumentCache full:https://registry.npmjs.org/@esbuild%2flinux-loong64 set size:undefined disposed:false
1964 http fetch GET 200 https://registry.npmjs.org/@esbuild%2flinux-mips64el 98ms (cache miss)
1965 silly packumentCache full:https://registry.npmjs.org/@esbuild%2flinux-mips64el set size:undefined disposed:false
1966 http fetch GET 200 https://registry.npmjs.org/@esbuild%2flinux-riscv64 113ms (cache miss)
1967 silly packumentCache full:https://registry.npmjs.org/@esbuild%2flinux-riscv64 set size:undefined disposed:false
1968 http fetch GET 200 https://registry.npmjs.org/@esbuild%2faix-ppc64 376ms (cache miss)
1969 silly packumentCache full:https://registry.npmjs.org/@esbuild%2faix-ppc64 set size:undefined disposed:false
1970 silly placeDep ROOT @esbuild/aix-ppc64@0.27.7 OK for: esbuild@0.27.7 want: 0.27.7
1971 silly placeDep ROOT @esbuild/android-arm@0.27.7 OK for: esbuild@0.27.7 want: 0.27.7
1972 silly placeDep ROOT @esbuild/android-arm64@0.27.7 OK for: esbuild@0.27.7 want: 0.27.7
1973 silly placeDep ROOT @esbuild/android-x64@0.27.7 OK for: esbuild@0.27.7 want: 0.27.7
1974 silly placeDep ROOT @esbuild/darwin-arm64@0.27.7 OK for: esbuild@0.27.7 want: 0.27.7
1975 silly placeDep ROOT @esbuild/darwin-x64@0.27.7 OK for: esbuild@0.27.7 want: 0.27.7
1976 silly placeDep ROOT @esbuild/freebsd-arm64@0.27.7 OK for: esbuild@0.27.7 want: 0.27.7
1977 silly placeDep ROOT @esbuild/freebsd-x64@0.27.7 OK for: esbuild@0.27.7 want: 0.27.7
1978 silly placeDep ROOT @esbuild/linux-arm@0.27.7 OK for: esbuild@0.27.7 want: 0.27.7
1979 silly placeDep ROOT @esbuild/linux-arm64@0.27.7 OK for: esbuild@0.27.7 want: 0.27.7
1980 silly placeDep ROOT @esbuild/linux-ia32@0.27.7 OK for: esbuild@0.27.7 want: 0.27.7
1981 silly placeDep ROOT @esbuild/linux-loong64@0.27.7 OK for: esbuild@0.27.7 want: 0.27.7
1982 silly placeDep ROOT @esbuild/linux-mips64el@0.27.7 OK for: esbuild@0.27.7 want: 0.27.7
1983 silly placeDep ROOT @esbuild/linux-ppc64@0.27.7 OK for: esbuild@0.27.7 want: 0.27.7
1984 silly placeDep ROOT @esbuild/linux-riscv64@0.27.7 OK for: esbuild@0.27.7 want: 0.27.7
1985 silly placeDep ROOT @esbuild/linux-s390x@0.27.7 OK for: esbuild@0.27.7 want: 0.27.7
1986 silly placeDep ROOT @esbuild/linux-x64@0.27.7 OK for: esbuild@0.27.7 want: 0.27.7
1987 silly placeDep ROOT @esbuild/netbsd-arm64@0.27.7 OK for: esbuild@0.27.7 want: 0.27.7
1988 silly placeDep ROOT @esbuild/netbsd-x64@0.27.7 OK for: esbuild@0.27.7 want: 0.27.7
1989 silly placeDep ROOT @esbuild/openbsd-arm64@0.27.7 OK for: esbuild@0.27.7 want: 0.27.7
1990 silly placeDep ROOT @esbuild/openbsd-x64@0.27.7 OK for: esbuild@0.27.7 want: 0.27.7
1991 silly placeDep ROOT @esbuild/openharmony-arm64@0.27.7 OK for: esbuild@0.27.7 want: 0.27.7
1992 silly placeDep ROOT @esbuild/sunos-x64@0.27.7 OK for: esbuild@0.27.7 want: 0.27.7
1993 silly placeDep ROOT @esbuild/win32-arm64@0.27.7 OK for: esbuild@0.27.7 want: 0.27.7
1994 silly placeDep ROOT @esbuild/win32-ia32@0.27.7 OK for: esbuild@0.27.7 want: 0.27.7
1995 silly placeDep ROOT @esbuild/win32-x64@0.27.7 OK for: esbuild@0.27.7 want: 0.27.7
1996 silly placeDep ROOT resolve-pkg-maps@1.0.0 OK for: get-tsconfig@4.14.0 want: ^1.0.0
1997 silly placeDep ROOT media-typer@1.1.0 OK for: type-is@2.0.1 want: ^1.1.0
1998 silly fetch manifest eslint@^8.57.0 || ^9.0.0 || ^10.0.0
1999 silly packumentCache full:https://registry.npmjs.org/eslint cache-miss
2000 http cache https://registry.npmjs.org/eslint 11ms (cache hit)
2001 silly packumentCache full:https://registry.npmjs.org/eslint set size:1990528 disposed:false
2002 silly placeDep ROOT @typescript-eslint/eslint-plugin@8.59.2 OK for: typescript-eslint@8.59.2 want: 8.59.2
2003 silly placeDep ROOT @typescript-eslint/parser@8.59.2 OK for: @typescript-eslint/eslint-plugin@8.59.2 want: ^8.59.2
2004 silly placeDep ROOT @typescript-eslint/typescript-estree@8.59.2 OK for: typescript-eslint@8.59.2 want: 8.59.2
2005 silly placeDep ROOT @typescript-eslint/utils@8.59.2 OK for: typescript-eslint@8.59.2 want: 8.59.2
2006 silly fetch manifest ignore@^7.0.5
2007 silly packumentCache full:https://registry.npmjs.org/ignore cache-miss
2008 silly fetch manifest ts-api-utils@^2.5.0
2009 silly packumentCache full:https://registry.npmjs.org/ts-api-utils cache-miss
2010 silly fetch manifest @typescript-eslint/type-utils@8.59.2
2011 silly packumentCache full:https://registry.npmjs.org/@typescript-eslint%2ftype-utils cache-miss
2012 silly fetch manifest @typescript-eslint/visitor-keys@8.59.2
2013 silly packumentCache full:https://registry.npmjs.org/@typescript-eslint%2fvisitor-keys cache-miss
2014 silly fetch manifest @typescript-eslint/scope-manager@8.59.2
2015 silly packumentCache full:https://registry.npmjs.org/@typescript-eslint%2fscope-manager cache-miss
2016 silly fetch manifest @typescript-eslint/types@8.59.2
2017 silly packumentCache full:https://registry.npmjs.org/@typescript-eslint%2ftypes cache-miss
2018 silly fetch manifest @typescript-eslint/visitor-keys@8.59.2
2019 silly packumentCache full:https://registry.npmjs.org/@typescript-eslint%2fvisitor-keys cache-miss
2020 silly fetch manifest @typescript-eslint/scope-manager@8.59.2
2021 silly packumentCache full:https://registry.npmjs.org/@typescript-eslint%2fscope-manager cache-miss
2022 silly fetch manifest semver@^7.7.3
2023 silly packumentCache full:https://registry.npmjs.org/semver cache-miss
2024 silly fetch manifest minimatch@^10.2.2
2025 silly packumentCache full:https://registry.npmjs.org/minimatch cache-miss
2026 silly fetch manifest ts-api-utils@^2.5.0
2027 silly packumentCache full:https://registry.npmjs.org/ts-api-utils cache-miss
2028 silly fetch manifest @typescript-eslint/types@8.59.2
2029 silly packumentCache full:https://registry.npmjs.org/@typescript-eslint%2ftypes cache-miss
2030 silly fetch manifest @typescript-eslint/visitor-keys@8.59.2
2031 silly packumentCache full:https://registry.npmjs.org/@typescript-eslint%2fvisitor-keys cache-miss
2032 silly fetch manifest @typescript-eslint/tsconfig-utils@8.59.2
2033 silly packumentCache full:https://registry.npmjs.org/@typescript-eslint%2ftsconfig-utils cache-miss
2034 silly fetch manifest @typescript-eslint/project-service@8.59.2
2035 silly packumentCache full:https://registry.npmjs.org/@typescript-eslint%2fproject-service cache-miss
2036 http cache https://registry.npmjs.org/semver 17ms (cache hit)
2037 silly packumentCache full:https://registry.npmjs.org/semver set size:233058 disposed:false
2038 silly fetch manifest @typescript-eslint/types@8.59.2
2039 silly packumentCache full:https://registry.npmjs.org/@typescript-eslint%2ftypes cache-miss
2040 http cache https://registry.npmjs.org/ignore 21ms (cache hit)
2041 silly packumentCache full:https://registry.npmjs.org/ignore set size:237380 disposed:false
2042 silly fetch manifest @typescript-eslint/scope-manager@8.59.2
2043 silly packumentCache full:https://registry.npmjs.org/@typescript-eslint%2fscope-manager cache-miss
2044 http cache https://registry.npmjs.org/minimatch 23ms (cache hit)
2045 silly packumentCache full:https://registry.npmjs.org/minimatch set size:375282 disposed:false
2046 http fetch GET 200 https://registry.npmjs.org/ts-api-utils 50ms (cache miss)
2047 silly packumentCache full:https://registry.npmjs.org/ts-api-utils set size:undefined disposed:false
2048 http fetch GET 200 https://registry.npmjs.org/ts-api-utils 66ms (cache miss)
2049 silly packumentCache full:https://registry.npmjs.org/ts-api-utils set size:undefined disposed:false
2050 http fetch GET 200 https://registry.npmjs.org/@typescript-eslint%2ftsconfig-utils 311ms (cache miss)
2051 silly packumentCache full:https://registry.npmjs.org/@typescript-eslint%2ftsconfig-utils set size:undefined disposed:false
2052 http fetch GET 200 https://registry.npmjs.org/@typescript-eslint%2fproject-service 543ms (cache miss)
2053 silly packumentCache full:https://registry.npmjs.org/@typescript-eslint%2fproject-service set size:undefined disposed:false
2054 http fetch GET 200 https://registry.npmjs.org/@typescript-eslint%2fscope-manager 1061ms (cache miss)
2055 silly packumentCache full:https://registry.npmjs.org/@typescript-eslint%2fscope-manager set size:undefined disposed:false
2056 http fetch GET 200 https://registry.npmjs.org/@typescript-eslint%2fvisitor-keys 1138ms (cache miss)
2057 silly packumentCache full:https://registry.npmjs.org/@typescript-eslint%2fvisitor-keys set size:undefined disposed:false
2058 http fetch GET 200 https://registry.npmjs.org/@typescript-eslint%2ftypes 1277ms (cache miss)
2059 silly packumentCache full:https://registry.npmjs.org/@typescript-eslint%2ftypes set size:undefined disposed:false
2060 http fetch GET 200 https://registry.npmjs.org/@typescript-eslint%2ftype-utils 1480ms (cache miss)
2061 silly packumentCache full:https://registry.npmjs.org/@typescript-eslint%2ftype-utils set size:undefined disposed:false
2062 http fetch GET 200 https://registry.npmjs.org/@typescript-eslint%2ftypes 1632ms (cache miss)
2063 silly packumentCache full:https://registry.npmjs.org/@typescript-eslint%2ftypes set size:undefined disposed:false
2064 http fetch GET 200 https://registry.npmjs.org/@typescript-eslint%2fvisitor-keys 1799ms (cache miss)
2065 silly packumentCache full:https://registry.npmjs.org/@typescript-eslint%2fvisitor-keys set size:undefined disposed:false
2066 http fetch GET 200 https://registry.npmjs.org/@typescript-eslint%2fscope-manager 1853ms (cache miss)
2067 silly packumentCache full:https://registry.npmjs.org/@typescript-eslint%2fscope-manager set size:undefined disposed:false
2068 http fetch GET 200 https://registry.npmjs.org/@typescript-eslint%2fscope-manager 2064ms (cache miss)
2069 silly packumentCache full:https://registry.npmjs.org/@typescript-eslint%2fscope-manager set size:undefined disposed:false
2070 http fetch GET 200 https://registry.npmjs.org/@typescript-eslint%2fvisitor-keys 2692ms (cache miss)
2071 silly packumentCache full:https://registry.npmjs.org/@typescript-eslint%2fvisitor-keys set size:undefined disposed:false
2072 http fetch GET 200 https://registry.npmjs.org/@typescript-eslint%2ftypes 3899ms (cache miss)
2073 silly packumentCache full:https://registry.npmjs.org/@typescript-eslint%2ftypes set size:undefined disposed:false
2074 silly placeDep ROOT @typescript-eslint/scope-manager@8.59.2 OK for: @typescript-eslint/eslint-plugin@8.59.2 want: 8.59.2
2075 silly placeDep ROOT @typescript-eslint/type-utils@8.59.2 OK for: @typescript-eslint/eslint-plugin@8.59.2 want: 8.59.2
2076 silly placeDep ROOT @typescript-eslint/visitor-keys@8.59.2 OK for: @typescript-eslint/eslint-plugin@8.59.2 want: 8.59.2
2077 silly placeDep node_modules/@typescript-eslint/eslint-plugin ignore@7.0.5 OK for: @typescript-eslint/eslint-plugin@8.59.2 want: ^7.0.5
2078 silly placeDep ROOT ts-api-utils@2.5.0 OK for: @typescript-eslint/eslint-plugin@8.59.2 want: ^2.5.0
2079 silly fetch manifest eslint-visitor-keys@^5.0.0
2080 silly packumentCache full:https://registry.npmjs.org/eslint-visitor-keys cache-hit
2081 silly placeDep ROOT @typescript-eslint/types@8.59.2 OK for: @typescript-eslint/parser@8.59.2 want: 8.59.2
2082 silly placeDep ROOT @typescript-eslint/project-service@8.59.2 OK for: @typescript-eslint/typescript-estree@8.59.2 want: 8.59.2
2083 silly placeDep ROOT @typescript-eslint/tsconfig-utils@8.59.2 OK for: @typescript-eslint/typescript-estree@8.59.2 want: 8.59.2
2084 silly placeDep node_modules/@typescript-eslint/typescript-estree minimatch@10.2.5 OK for: @typescript-eslint/typescript-estree@8.59.2 want: ^10.2.2
2085 silly placeDep node_modules/@typescript-eslint/typescript-estree semver@7.8.0 OK for: @typescript-eslint/typescript-estree@8.59.2 want: ^7.7.3
2086 silly fetch manifest @typescript-eslint/tsconfig-utils@^8.59.2
2087 silly packumentCache full:https://registry.npmjs.org/@typescript-eslint%2ftsconfig-utils cache-miss
2088 silly fetch manifest brace-expansion@^5.0.5
2089 silly packumentCache full:https://registry.npmjs.org/brace-expansion cache-miss
2090 http cache https://registry.npmjs.org/brace-expansion 11ms (cache hit)
2091 silly packumentCache full:https://registry.npmjs.org/brace-expansion set size:70654 disposed:false
2092 http cache https://registry.npmjs.org/@typescript-eslint%2ftsconfig-utils 15ms (cache hit)
2093 silly packumentCache full:https://registry.npmjs.org/@typescript-eslint%2ftsconfig-utils set size:1200989 disposed:false
2094 silly placeDep node_modules/@typescript-eslint/visitor-keys eslint-visitor-keys@5.0.1 OK for: @typescript-eslint/visitor-keys@8.59.2 want: ^5.0.0
2095 silly placeDep ROOT escalade@3.2.0 OK for: update-browserslist-db@1.2.3 want: ^3.2.0
2096 silly placeDep ROOT punycode@2.3.1 OK for: uri-js@4.4.1 want: ^2.1.0
2097 silly placeDep node_modules/vite esbuild@0.25.12 OK for: vite@6.4.2 want: ^0.25.0
2098 silly placeDep node_modules/vite fdir@6.5.0 OK for: vite@6.4.2 want: ^6.4.4
2099 silly placeDep node_modules/vite picomatch@4.0.4 OK for: fdir@6.5.0 want: ^3 || ^4
2100 silly placeDep ROOT rollup@4.60.3 OK for: vite@6.4.2 want: ^4.34.9
2101 silly fetch manifest @esbuild/aix-ppc64@0.25.12
2102 silly packumentCache full:https://registry.npmjs.org/@esbuild%2faix-ppc64 cache-miss
2103 silly fetch manifest @esbuild/linux-arm@0.25.12
2104 silly packumentCache full:https://registry.npmjs.org/@esbuild%2flinux-arm cache-miss
2105 silly fetch manifest @esbuild/linux-x64@0.25.12
2106 silly packumentCache full:https://registry.npmjs.org/@esbuild%2flinux-x64 cache-miss
2107 silly fetch manifest @esbuild/sunos-x64@0.25.12
2108 silly packumentCache full:https://registry.npmjs.org/@esbuild%2fsunos-x64 cache-miss
2109 silly fetch manifest @esbuild/win32-x64@0.25.12
2110 silly packumentCache full:https://registry.npmjs.org/@esbuild%2fwin32-x64 cache-miss
2111 silly fetch manifest @esbuild/darwin-x64@0.25.12
2112 silly packumentCache full:https://registry.npmjs.org/@esbuild%2fdarwin-x64 cache-miss
2113 silly fetch manifest @esbuild/linux-ia32@0.25.12
2114 silly packumentCache full:https://registry.npmjs.org/@esbuild%2flinux-ia32 cache-miss
2115 silly fetch manifest @esbuild/netbsd-x64@0.25.12
2116 silly packumentCache full:https://registry.npmjs.org/@esbuild%2fnetbsd-x64 cache-miss
2117 silly fetch manifest @esbuild/win32-ia32@0.25.12
2118 silly packumentCache full:https://registry.npmjs.org/@esbuild%2fwin32-ia32 cache-miss
2119 silly fetch manifest @esbuild/android-arm@0.25.12
2120 silly packumentCache full:https://registry.npmjs.org/@esbuild%2fandroid-arm cache-miss
2121 silly fetch manifest @esbuild/android-x64@0.25.12
2122 silly packumentCache full:https://registry.npmjs.org/@esbuild%2fandroid-x64 cache-miss
2123 silly fetch manifest @esbuild/freebsd-x64@0.25.12
2124 silly packumentCache full:https://registry.npmjs.org/@esbuild%2ffreebsd-x64 cache-miss
2125 silly fetch manifest @esbuild/linux-arm64@0.25.12
2126 silly packumentCache full:https://registry.npmjs.org/@esbuild%2flinux-arm64 cache-miss
2127 silly fetch manifest @esbuild/linux-ppc64@0.25.12
2128 silly packumentCache full:https://registry.npmjs.org/@esbuild%2flinux-ppc64 cache-miss
2129 silly fetch manifest @esbuild/linux-s390x@0.25.12
2130 silly packumentCache full:https://registry.npmjs.org/@esbuild%2flinux-s390x cache-miss
2131 http cache https://registry.npmjs.org/@esbuild%2faix-ppc64 36ms (cache hit)
2132 silly packumentCache full:https://registry.npmjs.org/@esbuild%2faix-ppc64 set size:64314 disposed:false
2133 silly fetch manifest @esbuild/openbsd-x64@0.25.12
2134 silly packumentCache full:https://registry.npmjs.org/@esbuild%2fopenbsd-x64 cache-miss
2135 http cache https://registry.npmjs.org/@esbuild%2fwin32-x64 37ms (cache hit)
2136 silly packumentCache full:https://registry.npmjs.org/@esbuild%2fwin32-x64 set size:194073 disposed:false
2137 silly fetch manifest @esbuild/win32-arm64@0.25.12
2138 silly packumentCache full:https://registry.npmjs.org/@esbuild%2fwin32-arm64 cache-miss
2139 http cache https://registry.npmjs.org/@esbuild%2fwin32-ia32 40ms (cache hit)
2140 silly packumentCache full:https://registry.npmjs.org/@esbuild%2fwin32-ia32 set size:196374 disposed:false
2141 silly fetch manifest @esbuild/darwin-arm64@0.25.12
2142 silly packumentCache full:https://registry.npmjs.org/@esbuild%2fdarwin-arm64 cache-miss
2143 http cache https://registry.npmjs.org/@esbuild%2fdarwin-x64 42ms (cache hit)
2144 silly packumentCache full:https://registry.npmjs.org/@esbuild%2fdarwin-x64 set size:196195 disposed:false
2145 silly fetch manifest @esbuild/netbsd-arm64@0.25.12
2146 silly packumentCache full:https://registry.npmjs.org/@esbuild%2fnetbsd-arm64 cache-miss
2147 http cache https://registry.npmjs.org/@esbuild%2flinux-arm 45ms (cache hit)
2148 silly packumentCache full:https://registry.npmjs.org/@esbuild%2flinux-arm set size:195140 disposed:false
2149 silly fetch manifest @esbuild/android-arm64@0.25.12
2150 silly packumentCache full:https://registry.npmjs.org/@esbuild%2fandroid-arm64 cache-miss
2151 http cache https://registry.npmjs.org/@esbuild%2flinux-x64 45ms (cache hit)
2152 silly packumentCache full:https://registry.npmjs.org/@esbuild%2flinux-x64 set size:195479 disposed:false
2153 silly fetch manifest @esbuild/freebsd-arm64@0.25.12
2154 silly packumentCache full:https://registry.npmjs.org/@esbuild%2ffreebsd-arm64 cache-miss
2155 http cache https://registry.npmjs.org/@esbuild%2flinux-ia32 46ms (cache hit)
2156 silly packumentCache full:https://registry.npmjs.org/@esbuild%2flinux-ia32 set size:196150 disposed:false
2157 silly fetch manifest @esbuild/linux-loong64@0.25.12
2158 silly packumentCache full:https://registry.npmjs.org/@esbuild%2flinux-loong64 cache-miss
2159 http cache https://registry.npmjs.org/@esbuild%2fandroid-arm 46ms (cache hit)
2160 silly packumentCache full:https://registry.npmjs.org/@esbuild%2fandroid-arm set size:221749 disposed:false
2161 silly fetch manifest @esbuild/linux-riscv64@0.25.12
2162 silly packumentCache full:https://registry.npmjs.org/@esbuild%2flinux-riscv64 cache-miss
2163 http cache https://registry.npmjs.org/@esbuild%2fnetbsd-x64 49ms (cache hit)
2164 silly packumentCache full:https://registry.npmjs.org/@esbuild%2fnetbsd-x64 set size:193883 disposed:false
2165 silly fetch manifest @esbuild/openbsd-arm64@0.25.12
2166 silly packumentCache full:https://registry.npmjs.org/@esbuild%2fopenbsd-arm64 cache-miss
2167 http cache https://registry.npmjs.org/@esbuild%2ffreebsd-x64 50ms (cache hit)
2168 silly packumentCache full:https://registry.npmjs.org/@esbuild%2ffreebsd-x64 set size:197070 disposed:false
2169 silly fetch manifest @esbuild/linux-mips64el@0.25.12
2170 silly packumentCache full:https://registry.npmjs.org/@esbuild%2flinux-mips64el cache-miss
2171 http cache https://registry.npmjs.org/@esbuild%2fsunos-x64 53ms (cache hit)
2172 silly packumentCache full:https://registry.npmjs.org/@esbuild%2fsunos-x64 set size:195721 disposed:false
2173 silly fetch manifest @esbuild/openharmony-arm64@0.25.12
2174 silly packumentCache full:https://registry.npmjs.org/@esbuild%2fopenharmony-arm64 cache-miss
2175 http cache https://registry.npmjs.org/@esbuild%2fandroid-x64 53ms (cache hit)
2176 silly packumentCache full:https://registry.npmjs.org/@esbuild%2fandroid-x64 set size:195551 disposed:false
2177 silly fetch manifest @types/estree@1.0.8
2178 silly packumentCache full:https://registry.npmjs.org/@types%2festree cache-miss
2179 http cache https://registry.npmjs.org/@esbuild%2flinux-s390x 54ms (cache hit)
2180 silly packumentCache full:https://registry.npmjs.org/@esbuild%2flinux-s390x set size:198784 disposed:false
2181 silly fetch manifest @rollup/rollup-darwin-arm64@4.60.3
2182 silly packumentCache full:https://registry.npmjs.org/@rollup%2frollup-darwin-arm64 cache-miss
2183 http cache https://registry.npmjs.org/@esbuild%2flinux-ppc64 56ms (cache hit)
2184 silly packumentCache full:https://registry.npmjs.org/@esbuild%2flinux-ppc64 set size:199310 disposed:false
2185 silly fetch manifest @rollup/rollup-android-arm64@4.60.3
2186 silly packumentCache full:https://registry.npmjs.org/@rollup%2frollup-android-arm64 cache-miss
2187 http cache https://registry.npmjs.org/@esbuild%2flinux-arm64 58ms (cache hit)
2188 silly packumentCache full:https://registry.npmjs.org/@esbuild%2flinux-arm64 set size:197274 disposed:false
2189 silly fetch manifest @rollup/rollup-win32-arm64-msvc@4.60.3
2190 silly packumentCache full:https://registry.npmjs.org/@rollup%2frollup-win32-arm64-msvc cache-miss
2191 http cache https://registry.npmjs.org/@esbuild%2fwin32-arm64 39ms (cache hit)
2192 silly packumentCache full:https://registry.npmjs.org/@esbuild%2fwin32-arm64 set size:197504 disposed:false
2193 silly fetch manifest @rollup/rollup-freebsd-arm64@4.60.3
2194 silly packumentCache full:https://registry.npmjs.org/@rollup%2frollup-freebsd-arm64 cache-miss
2195 http cache https://registry.npmjs.org/@esbuild%2fnetbsd-arm64 36ms (cache hit)
2196 silly packumentCache full:https://registry.npmjs.org/@esbuild%2fnetbsd-arm64 set size:40794 disposed:false
2197 silly fetch manifest @rollup/rollup-linux-arm64-gnu@4.60.3
2198 silly packumentCache full:https://registry.npmjs.org/@rollup%2frollup-linux-arm64-gnu cache-miss
2199 http cache https://registry.npmjs.org/@esbuild%2ffreebsd-arm64 35ms (cache hit)
2200 silly packumentCache full:https://registry.npmjs.org/@esbuild%2ffreebsd-arm64 set size:198853 disposed:false
2201 silly fetch manifest @rollup/rollup-linux-arm64-musl@4.60.3
2202 silly packumentCache full:https://registry.npmjs.org/@rollup%2frollup-linux-arm64-musl cache-miss
2203 http cache https://registry.npmjs.org/@esbuild%2fopenbsd-x64 45ms (cache hit)
2204 silly packumentCache full:https://registry.npmjs.org/@esbuild%2fopenbsd-x64 set size:197080 disposed:false
2205 silly fetch manifest @rollup/rollup-android-arm-eabi@4.60.3
2206 silly packumentCache full:https://registry.npmjs.org/@rollup%2frollup-android-arm-eabi cache-miss
2207 http cache https://registry.npmjs.org/@esbuild%2fdarwin-arm64 42ms (cache hit)
2208 silly packumentCache full:https://registry.npmjs.org/@esbuild%2fdarwin-arm64 set size:197958 disposed:false
2209 silly fetch manifest @rollup/rollup-linux-arm-gnueabihf@4.60.3
2210 silly packumentCache full:https://registry.npmjs.org/@rollup%2frollup-linux-arm-gnueabihf cache-miss
2211 http cache https://registry.npmjs.org/@esbuild%2flinux-loong64 37ms (cache hit)
2212 silly packumentCache full:https://registry.npmjs.org/@esbuild%2flinux-loong64 set size:252211 disposed:false
2213 silly fetch manifest @rollup/rollup-linux-arm-musleabihf@4.60.3
2214 silly packumentCache full:https://registry.npmjs.org/@rollup%2frollup-linux-arm-musleabihf cache-miss
2215 http cache https://registry.npmjs.org/@esbuild%2fandroid-arm64 42ms (cache hit)
2216 silly packumentCache full:https://registry.npmjs.org/@esbuild%2fandroid-arm64 set size:200684 disposed:false
2217 silly fetch manifest @rollup/rollup-win32-ia32-msvc@4.60.3
2218 silly packumentCache full:https://registry.npmjs.org/@rollup%2frollup-win32-ia32-msvc cache-miss
2219 http cache https://registry.npmjs.org/@esbuild%2flinux-riscv64 40ms (cache hit)
2220 silly packumentCache full:https://registry.npmjs.org/@esbuild%2flinux-riscv64 set size:198981 disposed:false
2221 silly fetch manifest @rollup/rollup-linux-loong64-gnu@4.60.3
2222 silly packumentCache full:https://registry.npmjs.org/@rollup%2frollup-linux-loong64-gnu cache-miss
2223 http cache https://registry.npmjs.org/@esbuild%2fopenbsd-arm64 41ms (cache hit)
2224 silly packumentCache full:https://registry.npmjs.org/@esbuild%2fopenbsd-arm64 set size:46111 disposed:false
2225 silly fetch manifest @rollup/rollup-linux-loong64-musl@4.60.3
2226 silly packumentCache full:https://registry.npmjs.org/@rollup%2frollup-linux-loong64-musl cache-miss
2227 http cache https://registry.npmjs.org/@esbuild%2flinux-mips64el 41ms (cache hit)
2228 silly packumentCache full:https://registry.npmjs.org/@esbuild%2flinux-mips64el set size:201062 disposed:false
2229 silly fetch manifest @rollup/rollup-linux-riscv64-gnu@4.60.3
2230 silly packumentCache full:https://registry.npmjs.org/@rollup%2frollup-linux-riscv64-gnu cache-miss
2231 http cache https://registry.npmjs.org/@types%2festree 41ms (cache hit)
2232 silly packumentCache full:https://registry.npmjs.org/@types%2festree set size:76072 disposed:false
2233 silly fetch manifest @rollup/rollup-linux-riscv64-musl@4.60.3
2234 silly packumentCache full:https://registry.npmjs.org/@rollup%2frollup-linux-riscv64-musl cache-miss
2235 http cache https://registry.npmjs.org/@esbuild%2fopenharmony-arm64 45ms (cache hit)
2236 silly packumentCache full:https://registry.npmjs.org/@esbuild%2fopenharmony-arm64 set size:29494 disposed:false
2237 silly fetch manifest @rollup/rollup-linux-ppc64-gnu@4.60.3
2238 silly packumentCache full:https://registry.npmjs.org/@rollup%2frollup-linux-ppc64-gnu cache-miss
2239 http fetch GET 200 https://registry.npmjs.org/@rollup%2frollup-android-arm64 72ms (cache miss)
2240 silly packumentCache full:https://registry.npmjs.org/@rollup%2frollup-android-arm64 set size:undefined disposed:false
2241 silly fetch manifest @rollup/rollup-linux-ppc64-musl@4.60.3
2242 silly packumentCache full:https://registry.npmjs.org/@rollup%2frollup-linux-ppc64-musl cache-miss
2243 http fetch GET 200 https://registry.npmjs.org/@rollup%2frollup-darwin-arm64 81ms (cache miss)
2244 silly packumentCache full:https://registry.npmjs.org/@rollup%2frollup-darwin-arm64 set size:undefined disposed:false
2245 silly fetch manifest @rollup/rollup-linux-s390x-gnu@4.60.3
2246 silly packumentCache full:https://registry.npmjs.org/@rollup%2frollup-linux-s390x-gnu cache-miss
2247 http fetch GET 200 https://registry.npmjs.org/@rollup%2frollup-linux-ppc64-gnu 73ms (cache miss)
2248 silly packumentCache full:https://registry.npmjs.org/@rollup%2frollup-linux-ppc64-gnu set size:undefined disposed:false
2249 silly fetch manifest @rollup/rollup-darwin-x64@4.60.3
2250 silly packumentCache full:https://registry.npmjs.org/@rollup%2frollup-darwin-x64 cache-miss
2251 http fetch GET 200 https://registry.npmjs.org/@rollup%2frollup-linux-loong64-gnu 86ms (cache miss)
2252 silly packumentCache full:https://registry.npmjs.org/@rollup%2frollup-linux-loong64-gnu set size:undefined disposed:false
2253 silly fetch manifest @rollup/rollup-win32-x64-gnu@4.60.3
2254 silly packumentCache full:https://registry.npmjs.org/@rollup%2frollup-win32-x64-gnu cache-miss
2255 http fetch GET 200 https://registry.npmjs.org/@rollup%2frollup-win32-arm64-msvc 118ms (cache miss)
2256 silly packumentCache full:https://registry.npmjs.org/@rollup%2frollup-win32-arm64-msvc set size:undefined disposed:false
2257 silly fetch manifest @rollup/rollup-win32-x64-msvc@4.60.3
2258 silly packumentCache full:https://registry.npmjs.org/@rollup%2frollup-win32-x64-msvc cache-miss
2259 http fetch GET 200 https://registry.npmjs.org/@rollup%2frollup-freebsd-arm64 105ms (cache miss)
2260 silly packumentCache full:https://registry.npmjs.org/@rollup%2frollup-freebsd-arm64 set size:undefined disposed:false
2261 silly fetch manifest @rollup/rollup-freebsd-x64@4.60.3
2262 silly packumentCache full:https://registry.npmjs.org/@rollup%2frollup-freebsd-x64 cache-miss
2263 http fetch GET 200 https://registry.npmjs.org/@rollup%2frollup-linux-arm64-musl 107ms (cache miss)
2264 silly packumentCache full:https://registry.npmjs.org/@rollup%2frollup-linux-arm64-musl set size:undefined disposed:false
2265 silly fetch manifest @rollup/rollup-linux-x64-gnu@4.60.3
2266 silly packumentCache full:https://registry.npmjs.org/@rollup%2frollup-linux-x64-gnu cache-miss
2267 http fetch GET 200 https://registry.npmjs.org/@rollup%2frollup-android-arm-eabi 110ms (cache miss)
2268 silly packumentCache full:https://registry.npmjs.org/@rollup%2frollup-android-arm-eabi set size:undefined disposed:false
2269 silly fetch manifest @rollup/rollup-linux-x64-musl@4.60.3
2270 silly packumentCache full:https://registry.npmjs.org/@rollup%2frollup-linux-x64-musl cache-miss
2271 http fetch GET 200 https://registry.npmjs.org/@rollup%2frollup-linux-arm-gnueabihf 110ms (cache miss)
2272 silly packumentCache full:https://registry.npmjs.org/@rollup%2frollup-linux-arm-gnueabihf set size:undefined disposed:false
2273 silly fetch manifest @rollup/rollup-openbsd-x64@4.60.3
2274 silly packumentCache full:https://registry.npmjs.org/@rollup%2frollup-openbsd-x64 cache-miss
2275 http fetch GET 200 https://registry.npmjs.org/@rollup%2frollup-linux-riscv64-musl 99ms (cache miss)
2276 silly packumentCache full:https://registry.npmjs.org/@rollup%2frollup-linux-riscv64-musl set size:undefined disposed:false
2277 silly fetch manifest @rollup/rollup-openharmony-arm64@4.60.3
2278 silly packumentCache full:https://registry.npmjs.org/@rollup%2frollup-openharmony-arm64 cache-miss
2279 http fetch GET 200 https://registry.npmjs.org/@rollup%2frollup-linux-riscv64-gnu 108ms (cache miss)
2280 silly packumentCache full:https://registry.npmjs.org/@rollup%2frollup-linux-riscv64-gnu set size:undefined disposed:false
2281 http fetch GET 200 https://registry.npmjs.org/@rollup%2frollup-linux-loong64-musl 113ms (cache miss)
2282 silly packumentCache full:https://registry.npmjs.org/@rollup%2frollup-linux-loong64-musl set size:undefined disposed:false
2283 http fetch GET 200 https://registry.npmjs.org/@rollup%2frollup-linux-ppc64-musl 72ms (cache miss)
2284 silly packumentCache full:https://registry.npmjs.org/@rollup%2frollup-linux-ppc64-musl set size:undefined disposed:false
2285 http fetch GET 200 https://registry.npmjs.org/@rollup%2frollup-linux-arm-musleabihf 123ms (cache miss)
2286 silly packumentCache full:https://registry.npmjs.org/@rollup%2frollup-linux-arm-musleabihf set size:undefined disposed:false
2287 http fetch GET 200 https://registry.npmjs.org/@rollup%2frollup-win32-ia32-msvc 124ms (cache miss)
2288 silly packumentCache full:https://registry.npmjs.org/@rollup%2frollup-win32-ia32-msvc set size:undefined disposed:false
2289 http fetch GET 200 https://registry.npmjs.org/@rollup%2frollup-linux-arm64-gnu 136ms (cache miss)
2290 silly packumentCache full:https://registry.npmjs.org/@rollup%2frollup-linux-arm64-gnu set size:undefined disposed:false
2291 http fetch GET 200 https://registry.npmjs.org/@rollup%2frollup-linux-s390x-gnu 81ms (cache miss)
2292 silly packumentCache full:https://registry.npmjs.org/@rollup%2frollup-linux-s390x-gnu set size:undefined disposed:false
2293 http fetch GET 200 https://registry.npmjs.org/@rollup%2frollup-win32-x64-gnu 54ms (cache miss)
2294 silly packumentCache full:https://registry.npmjs.org/@rollup%2frollup-win32-x64-gnu set size:undefined disposed:false
2295 http fetch GET 200 https://registry.npmjs.org/@rollup%2frollup-darwin-x64 71ms (cache miss)
2296 silly packumentCache full:https://registry.npmjs.org/@rollup%2frollup-darwin-x64 set size:undefined disposed:false
2297 http fetch GET 200 https://registry.npmjs.org/@rollup%2frollup-openbsd-x64 62ms (cache miss)
2298 silly packumentCache full:https://registry.npmjs.org/@rollup%2frollup-openbsd-x64 set size:undefined disposed:false
2299 http fetch GET 200 https://registry.npmjs.org/@rollup%2frollup-freebsd-x64 74ms (cache miss)
2300 silly packumentCache full:https://registry.npmjs.org/@rollup%2frollup-freebsd-x64 set size:undefined disposed:false
2301 http fetch GET 200 https://registry.npmjs.org/@rollup%2frollup-openharmony-arm64 63ms (cache miss)
2302 silly packumentCache full:https://registry.npmjs.org/@rollup%2frollup-openharmony-arm64 set size:undefined disposed:false
2303 http fetch GET 200 https://registry.npmjs.org/@rollup%2frollup-linux-x64-gnu 72ms (cache miss)
2304 silly packumentCache full:https://registry.npmjs.org/@rollup%2frollup-linux-x64-gnu set size:undefined disposed:false
2305 http fetch GET 200 https://registry.npmjs.org/@rollup%2frollup-win32-x64-msvc 94ms (cache miss)
2306 silly packumentCache full:https://registry.npmjs.org/@rollup%2frollup-win32-x64-msvc set size:undefined disposed:false
2307 http fetch GET 200 https://registry.npmjs.org/@rollup%2frollup-linux-x64-musl 88ms (cache miss)
2308 silly packumentCache full:https://registry.npmjs.org/@rollup%2frollup-linux-x64-musl set size:undefined disposed:false
2309 silly placeDep ROOT @rollup/rollup-android-arm-eabi@4.60.3 OK for: rollup@4.60.3 want: 4.60.3
2310 silly placeDep ROOT @rollup/rollup-android-arm64@4.60.3 OK for: rollup@4.60.3 want: 4.60.3
2311 silly placeDep ROOT @rollup/rollup-darwin-arm64@4.60.3 OK for: rollup@4.60.3 want: 4.60.3
2312 silly placeDep ROOT @rollup/rollup-darwin-x64@4.60.3 OK for: rollup@4.60.3 want: 4.60.3
2313 silly placeDep ROOT @rollup/rollup-freebsd-arm64@4.60.3 OK for: rollup@4.60.3 want: 4.60.3
2314 silly placeDep ROOT @rollup/rollup-freebsd-x64@4.60.3 OK for: rollup@4.60.3 want: 4.60.3
2315 silly placeDep ROOT @rollup/rollup-linux-arm-gnueabihf@4.60.3 OK for: rollup@4.60.3 want: 4.60.3
2316 silly placeDep ROOT @rollup/rollup-linux-arm-musleabihf@4.60.3 OK for: rollup@4.60.3 want: 4.60.3
2317 silly placeDep ROOT @rollup/rollup-linux-arm64-gnu@4.60.3 OK for: rollup@4.60.3 want: 4.60.3
2318 silly placeDep ROOT @rollup/rollup-linux-arm64-musl@4.60.3 OK for: rollup@4.60.3 want: 4.60.3
2319 silly placeDep ROOT @rollup/rollup-linux-loong64-gnu@4.60.3 OK for: rollup@4.60.3 want: 4.60.3
2320 silly placeDep ROOT @rollup/rollup-linux-loong64-musl@4.60.3 OK for: rollup@4.60.3 want: 4.60.3
2321 silly placeDep ROOT @rollup/rollup-linux-ppc64-gnu@4.60.3 OK for: rollup@4.60.3 want: 4.60.3
2322 silly placeDep ROOT @rollup/rollup-linux-ppc64-musl@4.60.3 OK for: rollup@4.60.3 want: 4.60.3
2323 silly placeDep ROOT @rollup/rollup-linux-riscv64-gnu@4.60.3 OK for: rollup@4.60.3 want: 4.60.3
2324 silly placeDep ROOT @rollup/rollup-linux-riscv64-musl@4.60.3 OK for: rollup@4.60.3 want: 4.60.3
2325 silly placeDep ROOT @rollup/rollup-linux-s390x-gnu@4.60.3 OK for: rollup@4.60.3 want: 4.60.3
2326 silly placeDep ROOT @rollup/rollup-linux-x64-gnu@4.60.3 OK for: rollup@4.60.3 want: 4.60.3
2327 silly placeDep ROOT @rollup/rollup-linux-x64-musl@4.60.3 OK for: rollup@4.60.3 want: 4.60.3
2328 silly placeDep ROOT @rollup/rollup-openbsd-x64@4.60.3 OK for: rollup@4.60.3 want: 4.60.3
2329 silly placeDep ROOT @rollup/rollup-openharmony-arm64@4.60.3 OK for: rollup@4.60.3 want: 4.60.3
2330 silly placeDep ROOT @rollup/rollup-win32-arm64-msvc@4.60.3 OK for: rollup@4.60.3 want: 4.60.3
2331 silly placeDep ROOT @rollup/rollup-win32-ia32-msvc@4.60.3 OK for: rollup@4.60.3 want: 4.60.3
2332 silly placeDep ROOT @rollup/rollup-win32-x64-gnu@4.60.3 OK for: rollup@4.60.3 want: 4.60.3
2333 silly placeDep ROOT @rollup/rollup-win32-x64-msvc@4.60.3 OK for: rollup@4.60.3 want: 4.60.3
2334 silly placeDep node_modules/rollup @types/estree@1.0.8 OK for: rollup@4.60.3 want: 1.0.8
2335 silly placeDep ROOT isexe@2.0.0 OK for: which@2.0.2 want: ^2.0.0
2336 silly placeDep ROOT cliui@8.0.1 OK for: yargs@17.7.2 want: ^8.0.1
2337 silly placeDep ROOT get-caller-file@2.0.5 OK for: yargs@17.7.2 want: ^2.0.5
2338 silly placeDep ROOT require-directory@2.1.1 OK for: yargs@17.7.2 want: ^2.1.1
2339 silly placeDep ROOT string-width@4.2.3 OK for: yargs@17.7.2 want: ^4.2.3
2340 silly placeDep ROOT y18n@5.0.8 OK for: yargs@17.7.2 want: ^5.0.5
2341 silly placeDep ROOT yargs-parser@21.1.1 OK for: yargs@17.7.2 want: ^21.1.1
2342 silly fetch manifest wrap-ansi@^7.0.0
2343 silly packumentCache full:https://registry.npmjs.org/wrap-ansi cache-miss
2344 silly fetch manifest strip-ansi@^6.0.1
2345 silly packumentCache full:https://registry.npmjs.org/strip-ansi cache-miss
2346 silly fetch manifest string-width@^4.2.0
2347 silly packumentCache full:https://registry.npmjs.org/string-width cache-miss
2348 silly fetch manifest strip-ansi@^6.0.1
2349 silly packumentCache full:https://registry.npmjs.org/strip-ansi cache-miss
2350 silly fetch manifest emoji-regex@^8.0.0
2351 silly packumentCache full:https://registry.npmjs.org/emoji-regex cache-miss
2352 silly fetch manifest is-fullwidth-code-point@^3.0.0
2353 silly packumentCache full:https://registry.npmjs.org/is-fullwidth-code-point cache-miss
2354 http cache https://registry.npmjs.org/string-width 10ms (cache hit)
2355 silly packumentCache full:https://registry.npmjs.org/string-width set size:70381 disposed:false
2356 http fetch GET 200 https://registry.npmjs.org/is-fullwidth-code-point 46ms (cache miss)
2357 silly packumentCache full:https://registry.npmjs.org/is-fullwidth-code-point set size:undefined disposed:false
2358 http fetch GET 200 https://registry.npmjs.org/wrap-ansi 48ms (cache miss)
2359 silly packumentCache full:https://registry.npmjs.org/wrap-ansi set size:undefined disposed:false
2360 http fetch GET 200 https://registry.npmjs.org/strip-ansi 48ms (cache miss)
2361 silly packumentCache full:https://registry.npmjs.org/strip-ansi set size:undefined disposed:false
2362 http fetch GET 200 https://registry.npmjs.org/emoji-regex 51ms (cache miss)
2363 silly packumentCache full:https://registry.npmjs.org/emoji-regex set size:undefined disposed:false
2364 http fetch GET 200 https://registry.npmjs.org/strip-ansi 53ms (cache miss)
2365 silly packumentCache full:https://registry.npmjs.org/strip-ansi set size:undefined disposed:false
2366 silly placeDep ROOT strip-ansi@6.0.1 OK for: cliui@8.0.1 want: ^6.0.1
2367 silly placeDep ROOT wrap-ansi@7.0.0 OK for: cliui@8.0.1 want: ^7.0.0
2368 silly fetch manifest ansi-regex@^5.0.1
2369 silly packumentCache full:https://registry.npmjs.org/ansi-regex cache-miss
2370 http fetch GET 200 https://registry.npmjs.org/ansi-regex 45ms (cache miss)
2371 silly packumentCache full:https://registry.npmjs.org/ansi-regex set size:undefined disposed:false
2372 silly placeDep ROOT emoji-regex@8.0.0 OK for: string-width@4.2.3 want: ^8.0.0
2373 silly placeDep ROOT is-fullwidth-code-point@3.0.0 OK for: string-width@4.2.3 want: ^3.0.0
2374 silly placeDep ROOT ansi-regex@5.0.1 OK for: strip-ansi@6.0.1 want: ^5.0.1
2375 silly placeDep node_modules/@typescript-eslint/typescript-estree brace-expansion@5.0.6 OK for: minimatch@10.2.5 want: ^5.0.5
2376 silly fetch manifest balanced-match@^4.0.2
2377 silly packumentCache full:https://registry.npmjs.org/balanced-match cache-miss
2378 http cache https://registry.npmjs.org/balanced-match 5ms (cache hit)
2379 silly packumentCache full:https://registry.npmjs.org/balanced-match set size:39082 disposed:false
2380 silly placeDep node_modules/@typescript-eslint/typescript-estree balanced-match@4.0.4 OK for: brace-expansion@5.0.6 want: ^4.0.2
2381 silly placeDep node_modules/form-data mime-db@1.52.0 OK for: mime-types@2.1.35 want: 1.52.0
2382 silly placeDep node_modules/vite @esbuild/aix-ppc64@0.25.12 OK for: esbuild@0.25.12 want: 0.25.12
2383 silly placeDep node_modules/vite @esbuild/android-arm@0.25.12 OK for: esbuild@0.25.12 want: 0.25.12
2384 silly placeDep node_modules/vite @esbuild/android-arm64@0.25.12 OK for: esbuild@0.25.12 want: 0.25.12
2385 silly placeDep node_modules/vite @esbuild/android-x64@0.25.12 OK for: esbuild@0.25.12 want: 0.25.12
2386 silly placeDep node_modules/vite @esbuild/darwin-arm64@0.25.12 OK for: esbuild@0.25.12 want: 0.25.12
2387 silly placeDep node_modules/vite @esbuild/darwin-x64@0.25.12 OK for: esbuild@0.25.12 want: 0.25.12
2388 silly placeDep node_modules/vite @esbuild/freebsd-arm64@0.25.12 OK for: esbuild@0.25.12 want: 0.25.12
2389 silly placeDep node_modules/vite @esbuild/freebsd-x64@0.25.12 OK for: esbuild@0.25.12 want: 0.25.12
2390 silly placeDep node_modules/vite @esbuild/linux-arm@0.25.12 OK for: esbuild@0.25.12 want: 0.25.12
2391 silly placeDep node_modules/vite @esbuild/linux-arm64@0.25.12 OK for: esbuild@0.25.12 want: 0.25.12
2392 silly placeDep node_modules/vite @esbuild/linux-ia32@0.25.12 OK for: esbuild@0.25.12 want: 0.25.12
2393 silly placeDep node_modules/vite @esbuild/linux-loong64@0.25.12 OK for: esbuild@0.25.12 want: 0.25.12
2394 silly placeDep node_modules/vite @esbuild/linux-mips64el@0.25.12 OK for: esbuild@0.25.12 want: 0.25.12
2395 silly placeDep node_modules/vite @esbuild/linux-ppc64@0.25.12 OK for: esbuild@0.25.12 want: 0.25.12
2396 silly placeDep node_modules/vite @esbuild/linux-riscv64@0.25.12 OK for: esbuild@0.25.12 want: 0.25.12
2397 silly placeDep node_modules/vite @esbuild/linux-s390x@0.25.12 OK for: esbuild@0.25.12 want: 0.25.12
2398 silly placeDep node_modules/vite @esbuild/linux-x64@0.25.12 OK for: esbuild@0.25.12 want: 0.25.12
2399 silly placeDep node_modules/vite @esbuild/netbsd-arm64@0.25.12 OK for: esbuild@0.25.12 want: 0.25.12
2400 silly placeDep node_modules/vite @esbuild/netbsd-x64@0.25.12 OK for: esbuild@0.25.12 want: 0.25.12
2401 silly placeDep node_modules/vite @esbuild/openbsd-arm64@0.25.12 OK for: esbuild@0.25.12 want: 0.25.12
2402 silly placeDep node_modules/vite @esbuild/openbsd-x64@0.25.12 OK for: esbuild@0.25.12 want: 0.25.12
2403 silly placeDep node_modules/vite @esbuild/openharmony-arm64@0.25.12 OK for: esbuild@0.25.12 want: 0.25.12
2404 silly placeDep node_modules/vite @esbuild/sunos-x64@0.25.12 OK for: esbuild@0.25.12 want: 0.25.12
2405 silly placeDep node_modules/vite @esbuild/win32-arm64@0.25.12 OK for: esbuild@0.25.12 want: 0.25.12
2406 silly placeDep node_modules/vite @esbuild/win32-ia32@0.25.12 OK for: esbuild@0.25.12 want: 0.25.12
2407 silly placeDep node_modules/vite @esbuild/win32-x64@0.25.12 OK for: esbuild@0.25.12 want: 0.25.12
2408 silly reify moves {}
2409 silly audit bulk request {
2409 silly audit   '@erp/backend': [ '0.1.0' ],
2409 silly audit   '@erp/frontend': [ '0.1.0' ],
2409 silly audit   '@eslint/js': [ '9.39.4' ],
2409 silly audit   concurrently: [ '9.2.1' ],
2409 silly audit   eslint: [ '9.39.4' ],
2409 silly audit   'eslint-config-prettier': [ '10.1.8' ],
2409 silly audit   globals: [ '16.5.0', '14.0.0' ],
2409 silly audit   prettier: [ '3.8.3' ],
2409 silly audit   'typescript-eslint': [ '8.59.2' ],
2409 silly audit   typescript: [ '6.0.3', '5.9.3' ],
2409 silly audit   '@types/cors': [ '2.8.19' ],
2409 silly audit   '@types/express': [ '5.0.6' ],
2409 silly audit   '@types/node': [ '22.19.18' ],
2409 silly audit   cors: [ '2.8.6' ],
2409 silly audit   dotenv: [ '16.6.1' ],
2409 silly audit   express: [ '5.2.1' ],
2409 silly audit   helmet: [ '8.1.0' ],
2409 silly audit   tsx: [ '4.21.0' ],
2409 silly audit   zod: [ '3.25.76' ],
2409 silly audit   '@types/react': [ '19.2.14' ],
2409 silly audit   '@types/react-dom': [ '19.2.3' ],
2409 silly audit   '@vitejs/plugin-react': [ '4.7.0' ],
2409 silly audit   vite: [ '6.4.2' ],
2409 silly audit   autoprefixer: [ '10.5.0' ],
2409 silly audit   postcss: [ '8.5.14' ],
2409 silly audit   axios: [ '1.16.0' ],
2409 silly audit   'lucide-react': [ '0.511.0' ],
2409 silly audit   react: [ '19.2.6' ],
2409 silly audit   'react-dom': [ '19.2.6' ],
2409 silly audit   'react-router-dom': [ '7.15.0' ],
2409 silly audit   tailwindcss: [ '3.4.19' ],
2409 silly audit   '@types/body-parser': [ '1.19.6' ],
2409 silly audit   '@types/express-serve-static-core': [ '5.1.1' ],
2409 silly audit   '@types/serve-static': [ '2.2.0' ],
2409 silly audit   '@types/connect': [ '3.4.38' ],
2409 silly audit   '@types/qs': [ '6.15.1' ],
2409 silly audit   '@types/range-parser': [ '1.2.7' ],
2409 silly audit   '@types/send': [ '1.2.1' ],
2409 silly audit   'undici-types': [ '6.21.0' ],
2409 silly audit   csstype: [ '3.2.3' ],
2409 silly audit   '@types/http-errors': [ '2.0.5' ],
2409 silly audit   '@babel/core': [ '7.29.0' ],
2409 silly audit   '@babel/plugin-transform-react-jsx-self': [ '7.27.1' ],
2409 silly audit   '@babel/plugin-transform-react-jsx-source': [ '7.27.1' ],
2409 silly audit   '@rolldown/pluginutils': [ '1.0.0-beta.27' ],
2409 silly audit   '@types/babel__core': [ '7.20.5' ],
2409 silly audit   'react-refresh': [ '0.17.0' ],
2409 silly audit   '@babel/code-frame': [ '7.29.0' ],
2409 silly audit   '@babel/generator': [ '7.29.1' ],
2409 silly audit   '@babel/helper-compilation-targets': [ '7.28.6' ],
2409 silly audit   '@babel/helper-module-transforms': [ '7.28.6' ],
2409 silly audit   '@babel/helpers': [ '7.29.2' ],
2409 silly audit   '@babel/parser': [ '7.29.3' ],
2409 silly audit   '@babel/template': [ '7.28.6' ],
2409 silly audit   '@babel/traverse': [ '7.29.0' ],
2409 silly audit   '@babel/types': [ '7.29.0' ],
2409 silly audit   '@jridgewell/remapping': [ '2.3.5' ],
2409 silly audit   'convert-source-map': [ '2.0.0' ],
2409 silly audit   debug: [ '4.4.3' ],
2409 silly audit   gensync: [ '1.0.0-beta.2' ],
2409 silly audit   json5: [ '2.2.3' ],
2409 silly audit   semver: [ '6.3.1', '7.8.0' ],
2409 silly audit   '@babel/helper-validator-identifier': [ '7.28.5' ],
2409 silly audit   'js-tokens': [ '4.0.0' ],
2409 silly audit   picocolors: [ '1.1.1' ],
2409 silly audit   '@jridgewell/gen-mapping': [ '0.3.13' ],
2409 silly audit   '@jridgewell/trace-mapping': [ '0.3.31' ],
2409 silly audit   jsesc: [ '3.1.0' ],
2409 silly audit   '@babel/compat-data': [ '7.29.3' ],
2409 silly audit   '@babel/helper-validator-option': [ '7.27.1' ],
2409 silly audit   browserslist: [ '4.28.2' ],
2409 silly audit   'lru-cache': [ '5.1.1' ],
2409 silly audit   '@babel/helper-module-imports': [ '7.28.6' ],
2409 silly audit   '@babel/helper-plugin-utils': [ '7.28.6' ],
2409 silly audit   '@babel/helper-globals': [ '7.28.0' ],
2409 silly audit   '@babel/helper-string-parser': [ '7.27.1' ],
2409 silly audit   '@jridgewell/sourcemap-codec': [ '1.5.5' ],
2409 silly audit   '@jridgewell/resolve-uri': [ '3.1.2' ],
2409 silly audit   '@types/babel__generator': [ '7.27.0' ],
2409 silly audit   '@types/babel__template': [ '7.4.4' ],
2409 silly audit   '@types/babel__traverse': [ '7.28.0' ],
2409 silly audit   'caniuse-lite': [ '1.0.30001792' ],
2409 silly audit   'fraction.js': [ '5.3.4' ],
2409 silly audit   'postcss-value-parser': [ '4.2.0' ],
2409 silly audit   'follow-redirects': [ '1.16.0' ],
2409 silly audit   'form-data': [ '4.0.5' ],
2409 silly audit   'proxy-from-env': [ '2.1.0' ],
2409 silly audit   'baseline-browser-mapping': [ '2.10.29' ],
2409 silly audit   'electron-to-chromium': [ '1.5.353' ],
2409 silly audit   'node-releases': [ '2.0.38' ],
2409 silly audit   'update-browserslist-db': [ '1.2.3' ],
2409 silly audit   chalk: [ '4.1.2' ],
2409 silly audit   rxjs: [ '7.8.2' ],
2409 silly audit   'shell-quote': [ '1.8.3' ],
2409 silly audit   'supports-color': [ '8.1.1', '7.2.0' ],
2409 silly audit   'tree-kill': [ '1.2.2' ],
2409 silly audit   yargs: [ '17.7.2' ],
2409 silly audit   'ansi-styles': [ '4.3.0' ],
2409 silly audit   'color-convert': [ '2.0.1' ],
2409 silly audit   'color-name': [ '1.1.4' ],
2409 silly audit   'object-assign': [ '4.1.1' ],
2409 silly audit   vary: [ '1.1.2' ],
2409 silly audit   ms: [ '2.1.3' ],
2409 silly audit   '@eslint-community/eslint-utils': [ '4.9.1' ],
2409 silly audit   '@eslint-community/regexpp': [ '4.12.2' ],
2409 silly audit   '@eslint/config-array': [ '0.21.2' ],
2409 silly audit   '@eslint/config-helpers': [ '0.4.2' ],
2409 silly audit   '@eslint/core': [ '0.17.0' ],
2409 silly audit   '@eslint/eslintrc': [ '3.3.5' ],
2409 silly audit   '@eslint/plugin-kit': [ '0.4.1' ],
2409 silly audit   '@humanfs/node': [ '0.16.8' ],
2409 silly audit   '@humanwhocodes/module-importer': [ '1.0.1' ],
2409 silly audit   '@humanwhocodes/retry': [ '0.4.3' ],
2409 silly audit   '@types/estree': [ '1.0.9', '1.0.8' ],
2409 silly audit   ajv: [ '6.15.0' ],
2409 silly audit   'cross-spawn': [ '7.0.6' ],
2409 silly audit   'escape-string-regexp': [ '4.0.0' ],
2409 silly audit   'eslint-scope': [ '8.4.0' ],
2409 silly audit   'eslint-visitor-keys': [ '4.2.1', '3.4.3', '5.0.1' ],
2409 silly audit   espree: [ '10.4.0' ],
2409 silly audit   esquery: [ '1.7.0' ],
2409 silly audit   esutils: [ '2.0.3' ],
2409 silly audit   'fast-deep-equal': [ '3.1.3' ],
2409 silly audit   'file-entry-cache': [ '8.0.0' ],
2409 silly audit   'find-up': [ '5.0.0' ],
2409 silly audit   'glob-parent': [ '6.0.2', '5.1.2' ],
2409 silly audit   ignore: [ '5.3.2', '7.0.5' ],
2409 silly audit   imurmurhash: [ '0.1.4' ],
2409 silly audit   'is-glob': [ '4.0.3' ],
2409 silly audit   'json-stable-stringify-without-jsonify': [ '1.0.1' ],
2409 silly audit   'lodash.merge': [ '4.6.2' ],
2409 silly audit   minimatch: [ '3.1.5', '10.2.5' ],
2409 silly audit   'natural-compare': [ '1.4.0' ],
2409 silly audit   optionator: [ '0.9.4' ],
2409 silly audit   '@eslint/object-schema': [ '2.1.7' ],
2409 silly audit   '@types/json-schema': [ '7.0.15' ],
2409 silly audit   'import-fresh': [ '3.3.1' ],
2409 silly audit   'js-yaml': [ '4.1.1' ],
2409 silly audit   'strip-json-comments': [ '3.1.1' ],
2409 silly audit   levn: [ '0.4.1' ],
2409 silly audit   '@humanfs/core': [ '0.19.2' ],
2409 silly audit   '@humanfs/types': [ '0.15.0' ],
2409 silly audit   'fast-json-stable-stringify': [ '2.1.0' ],
2409 silly audit   'json-schema-traverse': [ '0.4.1' ],
2409 silly audit   'uri-js': [ '4.4.1' ],
2409 silly audit   'path-key': [ '3.1.1' ],
2409 silly audit   'shebang-command': [ '2.0.0' ],
2409 silly audit   which: [ '2.0.2' ],
2409 silly audit   esrecurse: [ '4.3.0' ],
2409 silly audit   estraverse: [ '5.3.0' ],
2409 silly audit   acorn: [ '8.16.0' ],
2409 silly audit   'acorn-jsx': [ '5.3.2' ],
2409 silly audit   accepts: [ '2.0.0' ],
2409 silly audit   'body-parser': [ '2.2.2' ],
2409 silly audit   'content-disposition': [ '1.1.0' ],
2409 silly audit   'content-type': [ '1.0.5' ],
2409 silly audit   cookie: [ '0.7.2', '1.1.1' ],
2409 silly audit   'cookie-signature': [ '1.2.2' ],
2409 silly audit   depd: [ '2.0.0' ],
2409 silly audit   encodeurl: [ '2.0.0' ],
2409 silly audit   'escape-html': [ '1.0.3' ],
2409 silly audit   etag: [ '1.8.1' ],
2409 silly audit   finalhandler: [ '2.1.1' ],
2409 silly audit   fresh: [ '2.0.0' ],
2409 silly audit   'http-errors': [ '2.0.1' ],
2409 silly audit   'merge-descriptors': [ '2.0.0' ],
2409 silly audit   'mime-types': [ '3.0.2', '2.1.35' ],
2409 silly audit   'on-finished': [ '2.4.1' ],
2409 silly audit   once: [ '1.4.0' ],
2409 silly audit   parseurl: [ '1.3.3' ],
2409 silly audit   'proxy-addr': [ '2.0.7' ],
2409 silly audit   qs: [ '6.15.1' ],
2409 silly audit   'range-parser': [ '1.2.1' ],
2409 silly audit   router: [ '2.2.0' ],
2409 silly audit   send: [ '1.2.1' ],
2409 silly audit   'serve-static': [ '2.2.1' ],
2409 silly audit   statuses: [ '2.0.2' ],
2409 silly audit   'type-is': [ '2.0.1' ],
2409 silly audit   negotiator: [ '1.0.0' ],
2409 silly audit   bytes: [ '3.1.2' ],
2409 silly audit   'iconv-lite': [ '0.7.2' ],
2409 silly audit   'raw-body': [ '3.0.2' ],
2409 silly audit   'flat-cache': [ '4.0.1' ],
2409 silly audit   'locate-path': [ '6.0.0' ],
2409 silly audit   'path-exists': [ '4.0.0' ],
2409 silly audit   flatted: [ '3.4.2' ],
2409 silly audit   keyv: [ '4.5.4' ],
2409 silly audit   asynckit: [ '0.4.0' ],
2409 silly audit   'combined-stream': [ '1.0.8' ],
2409 silly audit   'es-set-tostringtag': [ '2.1.0' ],
2409 silly audit   hasown: [ '2.0.3' ],
2409 silly audit   'delayed-stream': [ '1.0.0' ],
2409 silly audit   'es-errors': [ '1.3.0' ],
2409 silly audit   'get-intrinsic': [ '1.3.0' ],
2409 silly audit   'has-tostringtag': [ '1.0.2' ],
2409 silly audit   'call-bind-apply-helpers': [ '1.0.2' ],
2409 silly audit   'es-define-property': [ '1.0.1' ],
2409 silly audit   'es-object-atoms': [ '1.1.1' ],
2409 silly audit   'function-bind': [ '1.1.2' ],
2409 silly audit   'get-proto': [ '1.0.1' ],
2409 silly audit   gopd: [ '1.2.0' ],
2409 silly audit   'has-symbols': [ '1.1.0' ],
2409 silly audit   'math-intrinsics': [ '1.1.0' ],
2409 silly audit   'dunder-proto': [ '1.0.1' ],
2409 silly audit   inherits: [ '2.0.4' ],
2409 silly audit   setprototypeof: [ '1.2.0' ],
2409 silly audit   toidentifier: [ '1.0.1' ],
2409 silly audit   'safer-buffer': [ '2.1.2' ],
2409 silly audit   'parent-module': [ '1.0.1' ],
2409 silly audit   'resolve-from': [ '4.0.0' ],
2409 silly audit   'is-extglob': [ '2.1.1' ],
2409 silly audit   argparse: [ '2.0.1' ],
2409 silly audit   'json-buffer': [ '3.0.1' ],
2409 silly audit   'prelude-ls': [ '1.2.1' ],
2409 silly audit   'type-check': [ '0.4.0' ],
2409 silly audit   'p-locate': [ '5.0.0' ],
2409 silly audit   yallist: [ '3.1.1' ],
2409 silly audit   'mime-db': [ '1.54.0', '1.52.0' ],
2409 silly audit   'brace-expansion': [ '1.1.14', '5.0.6' ],
2409 silly audit   'balanced-match': [ '1.0.2', '4.0.4' ],
2409 silly audit   'concat-map': [ '0.0.1' ],
2409 silly audit   'ee-first': [ '1.1.1' ],
2409 silly audit   wrappy: [ '1.0.2' ],
2409 silly audit   'deep-is': [ '0.1.4' ],
2409 silly audit   'fast-levenshtein': [ '2.0.6' ],
2409 silly audit   'word-wrap': [ '1.2.5' ],
2409 silly audit   'p-limit': [ '3.1.0' ],
2409 silly audit   'yocto-queue': [ '0.1.0' ],
2409 silly audit   callsites: [ '3.1.0' ],
2409 silly audit   nanoid: [ '3.3.12' ],
2409 silly audit   'source-map-js': [ '1.2.1' ],
2409 silly audit   forwarded: [ '0.2.0' ],
2409 silly audit   'ipaddr.js': [ '1.9.1' ],
2409 silly audit   'side-channel': [ '1.1.0' ],
2409 silly audit   unpipe: [ '1.0.0' ],
2409 silly audit   scheduler: [ '0.27.0' ],
2409 silly audit   'react-router': [ '7.15.0' ],
2409 silly audit   'set-cookie-parser': [ '2.7.2' ],
2409 silly audit   'is-promise': [ '4.0.0' ],
2409 silly audit   'path-to-regexp': [ '8.4.2' ],
2409 silly audit   tslib: [ '2.8.1' ],
2409 silly audit   'shebang-regex': [ '3.0.0' ],
2409 silly audit   'object-inspect': [ '1.13.4' ],
2409 silly audit   'side-channel-list': [ '1.0.1' ],
2409 silly audit   'side-channel-map': [ '1.0.1' ],
2409 silly audit   'side-channel-weakmap': [ '1.0.2' ],
2409 silly audit   'call-bound': [ '1.0.4' ],
2409 silly audit   'has-flag': [ '4.0.0' ],
2409 silly audit   '@alloc/quick-lru': [ '5.2.0' ],
2409 silly audit   arg: [ '5.0.2' ],
2409 silly audit   chokidar: [ '3.6.0' ],
2409 silly audit   didyoumean: [ '1.2.2' ],
2409 silly audit   dlv: [ '1.1.3' ],
2409 silly audit   'fast-glob': [ '3.3.3' ],
2409 silly audit   jiti: [ '1.21.7' ],
2409 silly audit   lilconfig: [ '3.1.3' ],
2409 silly audit   micromatch: [ '4.0.8' ],
2409 silly audit   'normalize-path': [ '3.0.0' ],
2409 silly audit   'object-hash': [ '3.0.0' ],
2409 silly audit   'postcss-import': [ '15.1.0' ],
2409 silly audit   'postcss-js': [ '4.1.0' ],
2409 silly audit   'postcss-load-config': [ '6.0.1' ],
2409 silly audit   'postcss-nested': [ '6.2.0' ],
2409 silly audit   'postcss-selector-parser': [ '6.1.2' ],
2409 silly audit   resolve: [ '1.22.12' ],
2409 silly audit   sucrase: [ '3.35.1' ],
2409 silly audit   anymatch: [ '3.1.3' ],
2409 silly audit   braces: [ '3.0.3' ],
2409 silly audit   fsevents: [ '2.3.3' ],
2409 silly audit   'is-binary-path': [ '2.1.0' ],
2409 silly audit   readdirp: [ '3.6.0' ],
2409 silly audit   picomatch: [ '2.3.2', '4.0.4' ],
2409 silly audit   'fill-range': [ '7.1.1' ],
2409 silly audit   '@nodelib/fs.stat': [ '2.0.5' ],
2409 silly audit   '@nodelib/fs.walk': [ '1.2.8' ],
2409 silly audit   merge2: [ '1.4.1' ],
2409 silly audit   '@nodelib/fs.scandir': [ '2.1.5' ],
2409 silly audit   fastq: [ '1.20.1' ],
2409 silly audit   'run-parallel': [ '1.2.0' ],
2409 silly audit   reusify: [ '1.1.0' ],
2409 silly audit   'to-regex-range': [ '5.0.1' ],
2409 silly audit   'binary-extensions': [ '2.3.0' ],
2409 silly audit   'read-cache': [ '1.0.0' ],
2409 silly audit   'camelcase-css': [ '2.0.1' ],
2409 silly audit   cssesc: [ '3.0.0' ],
2409 silly audit   'util-deprecate': [ '1.0.2' ],
2409 silly audit   pify: [ '2.3.0' ],
2409 silly audit   'is-core-module': [ '2.16.2' ],
2409 silly audit   'path-parse': [ '1.0.7' ],
2409 silly audit   'supports-preserve-symlinks-flag': [ '1.0.0' ],
2409 silly audit   'queue-microtask': [ '1.2.3' ],
2409 silly audit   commander: [ '4.1.1' ],
2409 silly audit   'lines-and-columns': [ '1.2.4' ],
2409 silly audit   mz: [ '2.7.0' ],
2409 silly audit   pirates: [ '4.0.7' ],
2409 silly audit   tinyglobby: [ '0.2.16' ],
2409 silly audit   'ts-interface-checker': [ '0.1.13' ],
2409 silly audit   'any-promise': [ '1.3.0' ],
2409 silly audit   'thenify-all': [ '1.6.0' ],
2409 silly audit   thenify: [ '3.3.1' ],
2409 silly audit   fdir: [ '6.5.0' ],
2409 silly audit   'is-number': [ '7.0.0' ],
2409 silly audit   esbuild: [ '0.27.7', '0.25.12' ],
2409 silly audit   'get-tsconfig': [ '4.14.0' ],
2409 silly audit   '@esbuild/aix-ppc64': [ '0.27.7', '0.25.12' ],
2409 silly audit   '@esbuild/android-arm': [ '0.27.7', '0.25.12' ],
2409 silly audit   '@esbuild/android-arm64': [ '0.27.7', '0.25.12' ],
2409 silly audit   '@esbuild/android-x64': [ '0.27.7', '0.25.12' ],
2409 silly audit   '@esbuild/darwin-arm64': [ '0.27.7', '0.25.12' ],
2409 silly audit   '@esbuild/darwin-x64': [ '0.27.7', '0.25.12' ],
2409 silly audit   '@esbuild/freebsd-arm64': [ '0.27.7', '0.25.12' ],
2409 silly audit   '@esbuild/freebsd-x64': [ '0.27.7', '0.25.12' ],
2409 silly audit   '@esbuild/linux-arm': [ '0.27.7', '0.25.12' ],
2409 silly audit   '@esbuild/linux-arm64': [ '0.27.7', '0.25.12' ],
2409 silly audit   '@esbuild/linux-ia32': [ '0.27.7', '0.25.12' ],
2409 silly audit   '@esbuild/linux-loong64': [ '0.27.7', '0.25.12' ],
2409 silly audit   '@esbuild/linux-mips64el': [ '0.27.7', '0.25.12' ],
2409 silly audit   '@esbuild/linux-ppc64': [ '0.27.7', '0.25.12' ],
2409 silly audit   '@esbuild/linux-riscv64': [ '0.27.7', '0.25.12' ],
2409 silly audit   '@esbuild/linux-s390x': [ '0.27.7', '0.25.12' ],
2409 silly audit   '@esbuild/linux-x64': [ '0.27.7', '0.25.12' ],
2409 silly audit   '@esbuild/netbsd-arm64': [ '0.27.7', '0.25.12' ],
2409 silly audit   '@esbuild/netbsd-x64': [ '0.27.7', '0.25.12' ],
2409 silly audit   '@esbuild/openbsd-arm64': [ '0.27.7', '0.25.12' ],
2409 silly audit   '@esbuild/openbsd-x64': [ '0.27.7', '0.25.12' ],
2409 silly audit   '@esbuild/openharmony-arm64': [ '0.27.7', '0.25.12' ],
2409 silly audit   '@esbuild/sunos-x64': [ '0.27.7', '0.25.12' ],
2409 silly audit   '@esbuild/win32-arm64': [ '0.27.7', '0.25.12' ],
2409 silly audit   '@esbuild/win32-ia32': [ '0.27.7', '0.25.12' ],
2409 silly audit   '@esbuild/win32-x64': [ '0.27.7', '0.25.12' ],
2409 silly audit   'resolve-pkg-maps': [ '1.0.0' ],
2409 silly audit   'media-typer': [ '1.1.0' ],
2409 silly audit   '@typescript-eslint/eslint-plugin': [ '8.59.2' ],
2409 silly audit   '@typescript-eslint/parser': [ '8.59.2' ],
2409 silly audit   '@typescript-eslint/typescript-estree': [ '8.59.2' ],
2409 silly audit   '@typescript-eslint/utils': [ '8.59.2' ],
2409 silly audit   '@typescript-eslint/scope-manager': [ '8.59.2' ],
2409 silly audit   '@typescript-eslint/type-utils': [ '8.59.2' ],
2409 silly audit   '@typescript-eslint/visitor-keys': [ '8.59.2' ],
2409 silly audit   'ts-api-utils': [ '2.5.0' ],
2409 silly audit   '@typescript-eslint/types': [ '8.59.2' ],
2409 silly audit   '@typescript-eslint/project-service': [ '8.59.2' ],
2409 silly audit   '@typescript-eslint/tsconfig-utils': [ '8.59.2' ],
2409 silly audit   escalade: [ '3.2.0' ],
2409 silly audit   punycode: [ '2.3.1' ],
2409 silly audit   rollup: [ '4.60.3' ],
2409 silly audit   '@rollup/rollup-android-arm-eabi': [ '4.60.3' ],
2409 silly audit   '@rollup/rollup-android-arm64': [ '4.60.3' ],
2409 silly audit   '@rollup/rollup-darwin-arm64': [ '4.60.3' ],
2409 silly audit   '@rollup/rollup-darwin-x64': [ '4.60.3' ],
2409 silly audit   '@rollup/rollup-freebsd-arm64': [ '4.60.3' ],
2409 silly audit   '@rollup/rollup-freebsd-x64': [ '4.60.3' ],
2409 silly audit   '@rollup/rollup-linux-arm-gnueabihf': [ '4.60.3' ],
2409 silly audit   '@rollup/rollup-linux-arm-musleabihf': [ '4.60.3' ],
2409 silly audit   '@rollup/rollup-linux-arm64-gnu': [ '4.60.3' ],
2409 silly audit   '@rollup/rollup-linux-arm64-musl': [ '4.60.3' ],
2409 silly audit   '@rollup/rollup-linux-loong64-gnu': [ '4.60.3' ],
2409 silly audit   '@rollup/rollup-linux-loong64-musl': [ '4.60.3' ],
2409 silly audit   '@rollup/rollup-linux-ppc64-gnu': [ '4.60.3' ],
2409 silly audit   '@rollup/rollup-linux-ppc64-musl': [ '4.60.3' ],
2409 silly audit   '@rollup/rollup-linux-riscv64-gnu': [ '4.60.3' ],
2409 silly audit   '@rollup/rollup-linux-riscv64-musl': [ '4.60.3' ],
2409 silly audit   '@rollup/rollup-linux-s390x-gnu': [ '4.60.3' ],
2409 silly audit   '@rollup/rollup-linux-x64-gnu': [ '4.60.3' ],
2409 silly audit   '@rollup/rollup-linux-x64-musl': [ '4.60.3' ],
2409 silly audit   '@rollup/rollup-openbsd-x64': [ '4.60.3' ],
2409 silly audit   '@rollup/rollup-openharmony-arm64': [ '4.60.3' ],
2409 silly audit   '@rollup/rollup-win32-arm64-msvc': [ '4.60.3' ],
2409 silly audit   '@rollup/rollup-win32-ia32-msvc': [ '4.60.3' ],
2409 silly audit   '@rollup/rollup-win32-x64-gnu': [ '4.60.3' ],
2409 silly audit   '@rollup/rollup-win32-x64-msvc': [ '4.60.3' ],
2409 silly audit   isexe: [ '2.0.0' ],
2409 silly audit   cliui: [ '8.0.1' ],
2409 silly audit   'get-caller-file': [ '2.0.5' ],
2409 silly audit   'require-directory': [ '2.1.1' ],
2409 silly audit   'string-width': [ '4.2.3' ],
2409 silly audit   y18n: [ '5.0.8' ],
2409 silly audit   'yargs-parser': [ '21.1.1' ],
2409 silly audit   'strip-ansi': [ '6.0.1' ],
2409 silly audit   'wrap-ansi': [ '7.0.0' ],
2409 silly audit   'emoji-regex': [ '8.0.0' ],
2409 silly audit   'is-fullwidth-code-point': [ '3.0.0' ],
2409 silly audit   'ansi-regex': [ '5.0.1' ]
2409 silly audit }
2410 http cache ansi-regex@https://registry.npmjs.org/ansi-regex/-/ansi-regex-5.0.1.tgz 0ms (cache hit)
2411 http cache is-fullwidth-code-point@https://registry.npmjs.org/is-fullwidth-code-point/-/is-fullwidth-code-point-3.0.0.tgz 1ms (cache hit)
2412 http cache yargs-parser@https://registry.npmjs.org/yargs-parser/-/yargs-parser-21.1.1.tgz 0ms (cache hit)
2413 http cache emoji-regex@https://registry.npmjs.org/emoji-regex/-/emoji-regex-8.0.0.tgz 0ms (cache hit)
2414 http cache wrap-ansi@https://registry.npmjs.org/wrap-ansi/-/wrap-ansi-7.0.0.tgz 0ms (cache hit)
2415 http cache strip-ansi@https://registry.npmjs.org/strip-ansi/-/strip-ansi-6.0.1.tgz 0ms (cache hit)
2416 http cache require-directory@https://registry.npmjs.org/require-directory/-/require-directory-2.1.1.tgz 0ms (cache hit)
2417 http cache y18n@https://registry.npmjs.org/y18n/-/y18n-5.0.8.tgz 0ms (cache hit)
2418 http cache @rollup/rollup-win32-x64-msvc@https://registry.npmjs.org/@rollup/rollup-win32-x64-msvc/-/rollup-win32-x64-msvc-4.60.3.tgz 0ms (cache hit)
2419 http cache @rollup/rollup-win32-x64-gnu@https://registry.npmjs.org/@rollup/rollup-win32-x64-gnu/-/rollup-win32-x64-gnu-4.60.3.tgz 0ms (cache hit)
2420 http cache isexe@https://registry.npmjs.org/isexe/-/isexe-2.0.0.tgz 0ms (cache hit)
2421 http cache get-caller-file@https://registry.npmjs.org/get-caller-file/-/get-caller-file-2.0.5.tgz 0ms (cache hit)
2422 http cache cliui@https://registry.npmjs.org/cliui/-/cliui-8.0.1.tgz 0ms (cache hit)
2423 http cache punycode@https://registry.npmjs.org/punycode/-/punycode-2.3.1.tgz 0ms (cache hit)
2424 http cache string-width@https://registry.npmjs.org/string-width/-/string-width-4.2.3.tgz 0ms (cache hit)
2425 http cache escalade@https://registry.npmjs.org/escalade/-/escalade-3.2.0.tgz 0ms (cache hit)
2426 http cache ts-api-utils@https://registry.npmjs.org/ts-api-utils/-/ts-api-utils-2.5.0.tgz 0ms (cache hit)
2427 http cache rollup@https://registry.npmjs.org/rollup/-/rollup-4.60.3.tgz 0ms (cache hit)
2428 http cache @typescript-eslint/tsconfig-utils@https://registry.npmjs.org/@typescript-eslint/tsconfig-utils/-/tsconfig-utils-8.59.2.tgz 0ms (cache hit)
2429 http cache @typescript-eslint/types@https://registry.npmjs.org/@typescript-eslint/types/-/types-8.59.2.tgz 0ms (cache hit)
2430 http cache @typescript-eslint/visitor-keys@https://registry.npmjs.org/@typescript-eslint/visitor-keys/-/visitor-keys-8.59.2.tgz 0ms (cache hit)
2431 http cache media-typer@https://registry.npmjs.org/media-typer/-/media-typer-1.1.0.tgz 0ms (cache hit)
2432 http cache @typescript-eslint/project-service@https://registry.npmjs.org/@typescript-eslint/project-service/-/project-service-8.59.2.tgz 0ms (cache hit)
2433 http cache @typescript-eslint/scope-manager@https://registry.npmjs.org/@typescript-eslint/scope-manager/-/scope-manager-8.59.2.tgz 0ms (cache hit)
2434 http cache @typescript-eslint/utils@https://registry.npmjs.org/@typescript-eslint/utils/-/utils-8.59.2.tgz 0ms (cache hit)
2435 http cache @typescript-eslint/type-utils@https://registry.npmjs.org/@typescript-eslint/type-utils/-/type-utils-8.59.2.tgz 0ms (cache hit)
2436 http cache resolve-pkg-maps@https://registry.npmjs.org/resolve-pkg-maps/-/resolve-pkg-maps-1.0.0.tgz 0ms (cache hit)
2437 http cache @typescript-eslint/parser@https://registry.npmjs.org/@typescript-eslint/parser/-/parser-8.59.2.tgz 0ms (cache hit)
2438 http cache @esbuild/win32-x64@https://registry.npmjs.org/@esbuild/win32-x64/-/win32-x64-0.27.7.tgz 0ms (cache hit)
2439 http cache @typescript-eslint/eslint-plugin@https://registry.npmjs.org/@typescript-eslint/eslint-plugin/-/eslint-plugin-8.59.2.tgz 0ms (cache hit)
2440 http cache @typescript-eslint/typescript-estree@https://registry.npmjs.org/@typescript-eslint/typescript-estree/-/typescript-estree-8.59.2.tgz 0ms (cache hit)
2441 http cache get-tsconfig@https://registry.npmjs.org/get-tsconfig/-/get-tsconfig-4.14.0.tgz 0ms (cache hit)
2442 http cache esbuild@https://registry.npmjs.org/esbuild/-/esbuild-0.27.7.tgz 0ms (cache hit)
2443 http cache is-number@https://registry.npmjs.org/is-number/-/is-number-7.0.0.tgz 0ms (cache hit)
2444 http cache thenify-all@https://registry.npmjs.org/thenify-all/-/thenify-all-1.6.0.tgz 0ms (cache hit)
2445 http cache ts-interface-checker@https://registry.npmjs.org/ts-interface-checker/-/ts-interface-checker-0.1.13.tgz 0ms (cache hit)
2446 http cache thenify@https://registry.npmjs.org/thenify/-/thenify-3.3.1.tgz 0ms (cache hit)
2447 http cache tinyglobby@https://registry.npmjs.org/tinyglobby/-/tinyglobby-0.2.16.tgz 0ms (cache hit)
2448 http cache pirates@https://registry.npmjs.org/pirates/-/pirates-4.0.7.tgz 0ms (cache hit)
2449 http cache lines-and-columns@https://registry.npmjs.org/lines-and-columns/-/lines-and-columns-1.2.4.tgz 0ms (cache hit)
2450 http cache commander@https://registry.npmjs.org/commander/-/commander-4.1.1.tgz 0ms (cache hit)
2451 http cache queue-microtask@https://registry.npmjs.org/queue-microtask/-/queue-microtask-1.2.3.tgz 0ms (cache hit)
2452 http cache supports-preserve-symlinks-flag@https://registry.npmjs.org/supports-preserve-symlinks-flag/-/supports-preserve-symlinks-flag-1.0.0.tgz 0ms (cache hit)
2453 http cache any-promise@https://registry.npmjs.org/any-promise/-/any-promise-1.3.0.tgz 0ms (cache hit)
2454 http cache mz@https://registry.npmjs.org/mz/-/mz-2.7.0.tgz 0ms (cache hit)
2455 http cache is-core-module@https://registry.npmjs.org/is-core-module/-/is-core-module-2.16.2.tgz 0ms (cache hit)
2456 http cache path-parse@https://registry.npmjs.org/path-parse/-/path-parse-1.0.7.tgz 0ms (cache hit)
2457 http cache pify@https://registry.npmjs.org/pify/-/pify-2.3.0.tgz 0ms (cache hit)
2458 http cache util-deprecate@https://registry.npmjs.org/util-deprecate/-/util-deprecate-1.0.2.tgz 0ms (cache hit)
2459 http cache cssesc@https://registry.npmjs.org/cssesc/-/cssesc-3.0.0.tgz 0ms (cache hit)
2460 http cache binary-extensions@https://registry.npmjs.org/binary-extensions/-/binary-extensions-2.3.0.tgz 0ms (cache hit)
2461 http cache camelcase-css@https://registry.npmjs.org/camelcase-css/-/camelcase-css-2.0.1.tgz 0ms (cache hit)
2462 http cache @nodelib/fs.scandir@https://registry.npmjs.org/@nodelib/fs.scandir/-/fs.scandir-2.1.5.tgz 1ms (cache hit)
2463 http cache read-cache@https://registry.npmjs.org/read-cache/-/read-cache-1.0.0.tgz 0ms (cache hit)
2464 http cache to-regex-range@https://registry.npmjs.org/to-regex-range/-/to-regex-range-5.0.1.tgz 0ms (cache hit)
2465 http cache reusify@https://registry.npmjs.org/reusify/-/reusify-1.1.0.tgz 0ms (cache hit)
2466 http cache run-parallel@https://registry.npmjs.org/run-parallel/-/run-parallel-1.2.0.tgz 0ms (cache hit)
2467 http cache @nodelib/fs.walk@https://registry.npmjs.org/@nodelib/fs.walk/-/fs.walk-1.2.8.tgz 0ms (cache hit)
2468 http cache merge2@https://registry.npmjs.org/merge2/-/merge2-1.4.1.tgz 0ms (cache hit)
2469 http cache @nodelib/fs.stat@https://registry.npmjs.org/@nodelib/fs.stat/-/fs.stat-2.0.5.tgz 0ms (cache hit)
2470 http cache fastq@https://registry.npmjs.org/fastq/-/fastq-1.20.1.tgz 0ms (cache hit)
2471 http cache fill-range@https://registry.npmjs.org/fill-range/-/fill-range-7.1.1.tgz 0ms (cache hit)
2472 http cache readdirp@https://registry.npmjs.org/readdirp/-/readdirp-3.6.0.tgz 0ms (cache hit)
2473 http cache picomatch@https://registry.npmjs.org/picomatch/-/picomatch-2.3.2.tgz 0ms (cache hit)
2474 http cache braces@https://registry.npmjs.org/braces/-/braces-3.0.3.tgz 0ms (cache hit)
2475 http cache is-binary-path@https://registry.npmjs.org/is-binary-path/-/is-binary-path-2.1.0.tgz 0ms (cache hit)
2476 http cache anymatch@https://registry.npmjs.org/anymatch/-/anymatch-3.1.3.tgz 0ms (cache hit)
2477 http cache sucrase@https://registry.npmjs.org/sucrase/-/sucrase-3.35.1.tgz 0ms (cache hit)
2478 http cache resolve@https://registry.npmjs.org/resolve/-/resolve-1.22.12.tgz 0ms (cache hit)
2479 http cache postcss-selector-parser@https://registry.npmjs.org/postcss-selector-parser/-/postcss-selector-parser-6.1.2.tgz 0ms (cache hit)
2480 http cache postcss-nested@https://registry.npmjs.org/postcss-nested/-/postcss-nested-6.2.0.tgz 0ms (cache hit)
2481 http cache postcss-load-config@https://registry.npmjs.org/postcss-load-config/-/postcss-load-config-6.0.1.tgz 0ms (cache hit)
2482 http cache postcss-js@https://registry.npmjs.org/postcss-js/-/postcss-js-4.1.0.tgz 0ms (cache hit)
2483 http cache postcss-import@https://registry.npmjs.org/postcss-import/-/postcss-import-15.1.0.tgz 0ms (cache hit)
2484 http cache object-hash@https://registry.npmjs.org/object-hash/-/object-hash-3.0.0.tgz 0ms (cache hit)
2485 http cache normalize-path@https://registry.npmjs.org/normalize-path/-/normalize-path-3.0.0.tgz 0ms (cache hit)
2486 http cache jiti@https://registry.npmjs.org/jiti/-/jiti-1.21.7.tgz 0ms (cache hit)
2487 http cache lilconfig@https://registry.npmjs.org/lilconfig/-/lilconfig-3.1.3.tgz 0ms (cache hit)
2488 http cache fast-glob@https://registry.npmjs.org/fast-glob/-/fast-glob-3.3.3.tgz 0ms (cache hit)
2489 http cache dlv@https://registry.npmjs.org/dlv/-/dlv-1.1.3.tgz 0ms (cache hit)
2490 http cache didyoumean@https://registry.npmjs.org/didyoumean/-/didyoumean-1.2.2.tgz 0ms (cache hit)
2491 http cache micromatch@https://registry.npmjs.org/micromatch/-/micromatch-4.0.8.tgz 0ms (cache hit)
2492 http cache @alloc/quick-lru@https://registry.npmjs.org/@alloc/quick-lru/-/quick-lru-5.2.0.tgz 0ms (cache hit)
2493 http cache chokidar@https://registry.npmjs.org/chokidar/-/chokidar-3.6.0.tgz 0ms (cache hit)
2494 http cache arg@https://registry.npmjs.org/arg/-/arg-5.0.2.tgz 0ms (cache hit)
2495 http cache call-bound@https://registry.npmjs.org/call-bound/-/call-bound-1.0.4.tgz 0ms (cache hit)
2496 http cache has-flag@https://registry.npmjs.org/has-flag/-/has-flag-4.0.0.tgz 0ms (cache hit)
2497 http cache side-channel-weakmap@https://registry.npmjs.org/side-channel-weakmap/-/side-channel-weakmap-1.0.2.tgz 0ms (cache hit)
2498 http cache side-channel-map@https://registry.npmjs.org/side-channel-map/-/side-channel-map-1.0.1.tgz 0ms (cache hit)
2499 http cache side-channel-list@https://registry.npmjs.org/side-channel-list/-/side-channel-list-1.0.1.tgz 0ms (cache hit)
2500 http cache shebang-regex@https://registry.npmjs.org/shebang-regex/-/shebang-regex-3.0.0.tgz 0ms (cache hit)
2501 http cache object-inspect@https://registry.npmjs.org/object-inspect/-/object-inspect-1.13.4.tgz 0ms (cache hit)
2502 http cache tslib@https://registry.npmjs.org/tslib/-/tslib-2.8.1.tgz 0ms (cache hit)
2503 http cache path-to-regexp@https://registry.npmjs.org/path-to-regexp/-/path-to-regexp-8.4.2.tgz 0ms (cache hit)
2504 http cache set-cookie-parser@https://registry.npmjs.org/set-cookie-parser/-/set-cookie-parser-2.7.2.tgz 0ms (cache hit)
2505 http cache is-promise@https://registry.npmjs.org/is-promise/-/is-promise-4.0.0.tgz 0ms (cache hit)
2506 http cache unpipe@https://registry.npmjs.org/unpipe/-/unpipe-1.0.0.tgz 0ms (cache hit)
2507 http cache side-channel@https://registry.npmjs.org/side-channel/-/side-channel-1.1.0.tgz 0ms (cache hit)
2508 http cache scheduler@https://registry.npmjs.org/scheduler/-/scheduler-0.27.0.tgz 0ms (cache hit)
2509 http cache react-router@https://registry.npmjs.org/react-router/-/react-router-7.15.0.tgz 0ms (cache hit)
2510 http cache ipaddr.js@https://registry.npmjs.org/ipaddr.js/-/ipaddr.js-1.9.1.tgz 0ms (cache hit)
2511 http cache forwarded@https://registry.npmjs.org/forwarded/-/forwarded-0.2.0.tgz 0ms (cache hit)
2512 http cache source-map-js@https://registry.npmjs.org/source-map-js/-/source-map-js-1.2.1.tgz 0ms (cache hit)
2513 http cache nanoid@https://registry.npmjs.org/nanoid/-/nanoid-3.3.12.tgz 0ms (cache hit)
2514 http cache callsites@https://registry.npmjs.org/callsites/-/callsites-3.1.0.tgz 0ms (cache hit)
2515 http cache yocto-queue@https://registry.npmjs.org/yocto-queue/-/yocto-queue-0.1.0.tgz 0ms (cache hit)
2516 http cache p-limit@https://registry.npmjs.org/p-limit/-/p-limit-3.1.0.tgz 0ms (cache hit)
2517 http cache word-wrap@https://registry.npmjs.org/word-wrap/-/word-wrap-1.2.5.tgz 0ms (cache hit)
2518 http cache deep-is@https://registry.npmjs.org/deep-is/-/deep-is-0.1.4.tgz 0ms (cache hit)
2519 http cache ee-first@https://registry.npmjs.org/ee-first/-/ee-first-1.1.1.tgz 0ms (cache hit)
2520 http cache fast-levenshtein@https://registry.npmjs.org/fast-levenshtein/-/fast-levenshtein-2.0.6.tgz 0ms (cache hit)
2521 http cache wrappy@https://registry.npmjs.org/wrappy/-/wrappy-1.0.2.tgz 0ms (cache hit)
2522 http cache concat-map@https://registry.npmjs.org/concat-map/-/concat-map-0.0.1.tgz 0ms (cache hit)
2523 http cache balanced-match@https://registry.npmjs.org/balanced-match/-/balanced-match-1.0.2.tgz 0ms (cache hit)
2524 http cache mime-db@https://registry.npmjs.org/mime-db/-/mime-db-1.54.0.tgz 0ms (cache hit)
2525 http cache brace-expansion@https://registry.npmjs.org/brace-expansion/-/brace-expansion-1.1.14.tgz 0ms (cache hit)
2526 http cache p-locate@https://registry.npmjs.org/p-locate/-/p-locate-5.0.0.tgz 0ms (cache hit)
2527 http cache yallist@https://registry.npmjs.org/yallist/-/yallist-3.1.1.tgz 0ms (cache hit)
2528 http cache type-check@https://registry.npmjs.org/type-check/-/type-check-0.4.0.tgz 0ms (cache hit)
2529 http cache prelude-ls@https://registry.npmjs.org/prelude-ls/-/prelude-ls-1.2.1.tgz 0ms (cache hit)
2530 http cache json-buffer@https://registry.npmjs.org/json-buffer/-/json-buffer-3.0.1.tgz 0ms (cache hit)
2531 http cache argparse@https://registry.npmjs.org/argparse/-/argparse-2.0.1.tgz 0ms (cache hit)
2532 http cache is-extglob@https://registry.npmjs.org/is-extglob/-/is-extglob-2.1.1.tgz 0ms (cache hit)
2533 http cache parent-module@https://registry.npmjs.org/parent-module/-/parent-module-1.0.1.tgz 0ms (cache hit)
2534 http cache resolve-from@https://registry.npmjs.org/resolve-from/-/resolve-from-4.0.0.tgz 0ms (cache hit)
2535 http cache safer-buffer@https://registry.npmjs.org/safer-buffer/-/safer-buffer-2.1.2.tgz 0ms (cache hit)
2536 http cache setprototypeof@https://registry.npmjs.org/setprototypeof/-/setprototypeof-1.2.0.tgz 0ms (cache hit)
2537 http cache inherits@https://registry.npmjs.org/inherits/-/inherits-2.0.4.tgz 0ms (cache hit)
2538 http cache toidentifier@https://registry.npmjs.org/toidentifier/-/toidentifier-1.0.1.tgz 0ms (cache hit)
2539 http cache dunder-proto@https://registry.npmjs.org/dunder-proto/-/dunder-proto-1.0.1.tgz 0ms (cache hit)
2540 http cache math-intrinsics@https://registry.npmjs.org/math-intrinsics/-/math-intrinsics-1.1.0.tgz 0ms (cache hit)
2541 http cache has-symbols@https://registry.npmjs.org/has-symbols/-/has-symbols-1.1.0.tgz 0ms (cache hit)
2542 http cache gopd@https://registry.npmjs.org/gopd/-/gopd-1.2.0.tgz 0ms (cache hit)
2543 http cache get-proto@https://registry.npmjs.org/get-proto/-/get-proto-1.0.1.tgz 0ms (cache hit)
2544 http cache function-bind@https://registry.npmjs.org/function-bind/-/function-bind-1.1.2.tgz 0ms (cache hit)
2545 http cache es-object-atoms@https://registry.npmjs.org/es-object-atoms/-/es-object-atoms-1.1.1.tgz 0ms (cache hit)
2546 http cache es-define-property@https://registry.npmjs.org/es-define-property/-/es-define-property-1.0.1.tgz 0ms (cache hit)
2547 http cache call-bind-apply-helpers@https://registry.npmjs.org/call-bind-apply-helpers/-/call-bind-apply-helpers-1.0.2.tgz 0ms (cache hit)
2548 http cache has-tostringtag@https://registry.npmjs.org/has-tostringtag/-/has-tostringtag-1.0.2.tgz 0ms (cache hit)
2549 http cache get-intrinsic@https://registry.npmjs.org/get-intrinsic/-/get-intrinsic-1.3.0.tgz 0ms (cache hit)
2550 http cache es-errors@https://registry.npmjs.org/es-errors/-/es-errors-1.3.0.tgz 0ms (cache hit)
2551 http cache delayed-stream@https://registry.npmjs.org/delayed-stream/-/delayed-stream-1.0.0.tgz 0ms (cache hit)
2552 http cache hasown@https://registry.npmjs.org/hasown/-/hasown-2.0.3.tgz 0ms (cache hit)
2553 http cache combined-stream@https://registry.npmjs.org/combined-stream/-/combined-stream-1.0.8.tgz 0ms (cache hit)
2554 http cache es-set-tostringtag@https://registry.npmjs.org/es-set-tostringtag/-/es-set-tostringtag-2.1.0.tgz 0ms (cache hit)
2555 http cache asynckit@https://registry.npmjs.org/asynckit/-/asynckit-0.4.0.tgz 0ms (cache hit)
2556 http cache keyv@https://registry.npmjs.org/keyv/-/keyv-4.5.4.tgz 0ms (cache hit)
2557 http cache flatted@https://registry.npmjs.org/flatted/-/flatted-3.4.2.tgz 0ms (cache hit)
2558 http cache path-exists@https://registry.npmjs.org/path-exists/-/path-exists-4.0.0.tgz 0ms (cache hit)
2559 http cache locate-path@https://registry.npmjs.org/locate-path/-/locate-path-6.0.0.tgz 0ms (cache hit)
2560 http cache flat-cache@https://registry.npmjs.org/flat-cache/-/flat-cache-4.0.1.tgz 0ms (cache hit)
2561 http cache raw-body@https://registry.npmjs.org/raw-body/-/raw-body-3.0.2.tgz 0ms (cache hit)
2562 http cache iconv-lite@https://registry.npmjs.org/iconv-lite/-/iconv-lite-0.7.2.tgz 0ms (cache hit)
2563 http cache bytes@https://registry.npmjs.org/bytes/-/bytes-3.1.2.tgz 0ms (cache hit)
2564 http cache negotiator@https://registry.npmjs.org/negotiator/-/negotiator-1.0.0.tgz 0ms (cache hit)
2565 http cache type-is@https://registry.npmjs.org/type-is/-/type-is-2.0.1.tgz 0ms (cache hit)
2566 http cache statuses@https://registry.npmjs.org/statuses/-/statuses-2.0.2.tgz 0ms (cache hit)
2567 http cache serve-static@https://registry.npmjs.org/serve-static/-/serve-static-2.2.1.tgz 0ms (cache hit)
2568 http cache range-parser@https://registry.npmjs.org/range-parser/-/range-parser-1.2.1.tgz 0ms (cache hit)
2569 http cache send@https://registry.npmjs.org/send/-/send-1.2.1.tgz 0ms (cache hit)
2570 http cache router@https://registry.npmjs.org/router/-/router-2.2.0.tgz 0ms (cache hit)
2571 http cache qs@https://registry.npmjs.org/qs/-/qs-6.15.1.tgz 0ms (cache hit)
2572 http cache proxy-addr@https://registry.npmjs.org/proxy-addr/-/proxy-addr-2.0.7.tgz 0ms (cache hit)
2573 http cache parseurl@https://registry.npmjs.org/parseurl/-/parseurl-1.3.3.tgz 0ms (cache hit)
2574 http cache once@https://registry.npmjs.org/once/-/once-1.4.0.tgz 0ms (cache hit)
2575 http cache on-finished@https://registry.npmjs.org/on-finished/-/on-finished-2.4.1.tgz 0ms (cache hit)
2576 http cache mime-types@https://registry.npmjs.org/mime-types/-/mime-types-3.0.2.tgz 0ms (cache hit)
2577 http cache http-errors@https://registry.npmjs.org/http-errors/-/http-errors-2.0.1.tgz 0ms (cache hit)
2578 http cache merge-descriptors@https://registry.npmjs.org/merge-descriptors/-/merge-descriptors-2.0.0.tgz 0ms (cache hit)
2579 http cache fresh@https://registry.npmjs.org/fresh/-/fresh-2.0.0.tgz 0ms (cache hit)
2580 http cache etag@https://registry.npmjs.org/etag/-/etag-1.8.1.tgz 0ms (cache hit)
2581 http cache finalhandler@https://registry.npmjs.org/finalhandler/-/finalhandler-2.1.1.tgz 0ms (cache hit)
2582 http cache escape-html@https://registry.npmjs.org/escape-html/-/escape-html-1.0.3.tgz 0ms (cache hit)
2583 http cache encodeurl@https://registry.npmjs.org/encodeurl/-/encodeurl-2.0.0.tgz 0ms (cache hit)
2584 http cache depd@https://registry.npmjs.org/depd/-/depd-2.0.0.tgz 0ms (cache hit)
2585 http cache cookie@https://registry.npmjs.org/cookie/-/cookie-0.7.2.tgz 0ms (cache hit)
2586 http cache cookie-signature@https://registry.npmjs.org/cookie-signature/-/cookie-signature-1.2.2.tgz 0ms (cache hit)
2587 http cache content-type@https://registry.npmjs.org/content-type/-/content-type-1.0.5.tgz 0ms (cache hit)
2588 http cache content-disposition@https://registry.npmjs.org/content-disposition/-/content-disposition-1.1.0.tgz 0ms (cache hit)
2589 http cache body-parser@https://registry.npmjs.org/body-parser/-/body-parser-2.2.2.tgz 0ms (cache hit)
2590 http cache accepts@https://registry.npmjs.org/accepts/-/accepts-2.0.0.tgz 0ms (cache hit)
2591 http cache acorn-jsx@https://registry.npmjs.org/acorn-jsx/-/acorn-jsx-5.3.2.tgz 0ms (cache hit)
2592 http cache acorn@https://registry.npmjs.org/acorn/-/acorn-8.16.0.tgz 0ms (cache hit)
2593 http cache estraverse@https://registry.npmjs.org/estraverse/-/estraverse-5.3.0.tgz 0ms (cache hit)
2594 http cache esrecurse@https://registry.npmjs.org/esrecurse/-/esrecurse-4.3.0.tgz 0ms (cache hit)
2595 http cache which@https://registry.npmjs.org/which/-/which-2.0.2.tgz 0ms (cache hit)
2596 http cache shebang-command@https://registry.npmjs.org/shebang-command/-/shebang-command-2.0.0.tgz 0ms (cache hit)
2597 http cache path-key@https://registry.npmjs.org/path-key/-/path-key-3.1.1.tgz 0ms (cache hit)
2598 http cache uri-js@https://registry.npmjs.org/uri-js/-/uri-js-4.4.1.tgz 0ms (cache hit)
2599 http cache json-schema-traverse@https://registry.npmjs.org/json-schema-traverse/-/json-schema-traverse-0.4.1.tgz 0ms (cache hit)
2600 http cache @humanfs/types@https://registry.npmjs.org/@humanfs/types/-/types-0.15.0.tgz 0ms (cache hit)
2601 http cache fast-json-stable-stringify@https://registry.npmjs.org/fast-json-stable-stringify/-/fast-json-stable-stringify-2.1.0.tgz 0ms (cache hit)
2602 http cache @humanfs/core@https://registry.npmjs.org/@humanfs/core/-/core-0.19.2.tgz 0ms (cache hit)
2603 http cache levn@https://registry.npmjs.org/levn/-/levn-0.4.1.tgz 0ms (cache hit)
2604 http cache @types/json-schema@https://registry.npmjs.org/@types/json-schema/-/json-schema-7.0.15.tgz 0ms (cache hit)
2605 http cache strip-json-comments@https://registry.npmjs.org/strip-json-comments/-/strip-json-comments-3.1.1.tgz 0ms (cache hit)
2606 http cache js-yaml@https://registry.npmjs.org/js-yaml/-/js-yaml-4.1.1.tgz 0ms (cache hit)
2607 http cache @eslint/object-schema@https://registry.npmjs.org/@eslint/object-schema/-/object-schema-2.1.7.tgz 0ms (cache hit)
2608 http cache import-fresh@https://registry.npmjs.org/import-fresh/-/import-fresh-3.3.1.tgz 0ms (cache hit)
2609 http cache natural-compare@https://registry.npmjs.org/natural-compare/-/natural-compare-1.4.0.tgz 0ms (cache hit)
2610 http cache optionator@https://registry.npmjs.org/optionator/-/optionator-0.9.4.tgz 0ms (cache hit)
2611 http cache minimatch@https://registry.npmjs.org/minimatch/-/minimatch-3.1.5.tgz 0ms (cache hit)
2612 http cache lodash.merge@https://registry.npmjs.org/lodash.merge/-/lodash.merge-4.6.2.tgz 0ms (cache hit)
2613 http cache json-stable-stringify-without-jsonify@https://registry.npmjs.org/json-stable-stringify-without-jsonify/-/json-stable-stringify-without-jsonify-1.0.1.tgz 0ms (cache hit)
2614 http cache is-glob@https://registry.npmjs.org/is-glob/-/is-glob-4.0.3.tgz 0ms (cache hit)
2615 http cache imurmurhash@https://registry.npmjs.org/imurmurhash/-/imurmurhash-0.1.4.tgz 0ms (cache hit)
2616 http cache ignore@https://registry.npmjs.org/ignore/-/ignore-5.3.2.tgz 0ms (cache hit)
2617 http cache glob-parent@https://registry.npmjs.org/glob-parent/-/glob-parent-6.0.2.tgz 0ms (cache hit)
2618 http cache find-up@https://registry.npmjs.org/find-up/-/find-up-5.0.0.tgz 0ms (cache hit)
2619 http cache fast-deep-equal@https://registry.npmjs.org/fast-deep-equal/-/fast-deep-equal-3.1.3.tgz 0ms (cache hit)
2620 http cache file-entry-cache@https://registry.npmjs.org/file-entry-cache/-/file-entry-cache-8.0.0.tgz 0ms (cache hit)
2621 http cache esutils@https://registry.npmjs.org/esutils/-/esutils-2.0.3.tgz 0ms (cache hit)
2622 http cache esquery@https://registry.npmjs.org/esquery/-/esquery-1.7.0.tgz 0ms (cache hit)
2623 http cache eslint-visitor-keys@https://registry.npmjs.org/eslint-visitor-keys/-/eslint-visitor-keys-4.2.1.tgz 0ms (cache hit)
2624 http cache eslint-scope@https://registry.npmjs.org/eslint-scope/-/eslint-scope-8.4.0.tgz 0ms (cache hit)
2625 http cache escape-string-regexp@https://registry.npmjs.org/escape-string-regexp/-/escape-string-regexp-4.0.0.tgz 0ms (cache hit)
2626 http cache espree@https://registry.npmjs.org/espree/-/espree-10.4.0.tgz 0ms (cache hit)
2627 http cache cross-spawn@https://registry.npmjs.org/cross-spawn/-/cross-spawn-7.0.6.tgz 0ms (cache hit)
2628 http cache ajv@https://registry.npmjs.org/ajv/-/ajv-6.15.0.tgz 0ms (cache hit)
2629 http cache @types/estree@https://registry.npmjs.org/@types/estree/-/estree-1.0.9.tgz 0ms (cache hit)
2630 http cache @eslint/plugin-kit@https://registry.npmjs.org/@eslint/plugin-kit/-/plugin-kit-0.4.1.tgz 0ms (cache hit)
2631 http cache @eslint/eslintrc@https://registry.npmjs.org/@eslint/eslintrc/-/eslintrc-3.3.5.tgz 0ms (cache hit)
2632 http cache @humanfs/node@https://registry.npmjs.org/@humanfs/node/-/node-0.16.8.tgz 0ms (cache hit)
2633 http cache @humanwhocodes/module-importer@https://registry.npmjs.org/@humanwhocodes/module-importer/-/module-importer-1.0.1.tgz 0ms (cache hit)
2634 http cache @humanwhocodes/retry@https://registry.npmjs.org/@humanwhocodes/retry/-/retry-0.4.3.tgz 0ms (cache hit)
2635 http cache @eslint-community/regexpp@https://registry.npmjs.org/@eslint-community/regexpp/-/regexpp-4.12.2.tgz 0ms (cache hit)
2636 http cache @eslint/config-helpers@https://registry.npmjs.org/@eslint/config-helpers/-/config-helpers-0.4.2.tgz 0ms (cache hit)
2637 http cache ms@https://registry.npmjs.org/ms/-/ms-2.1.3.tgz 0ms (cache hit)
2638 http cache @eslint/core@https://registry.npmjs.org/@eslint/core/-/core-0.17.0.tgz 0ms (cache hit)
2639 http cache @eslint-community/eslint-utils@https://registry.npmjs.org/@eslint-community/eslint-utils/-/eslint-utils-4.9.1.tgz 0ms (cache hit)
2640 http cache @eslint/config-array@https://registry.npmjs.org/@eslint/config-array/-/config-array-0.21.2.tgz 0ms (cache hit)
2641 http cache vary@https://registry.npmjs.org/vary/-/vary-1.1.2.tgz 0ms (cache hit)
2642 http cache object-assign@https://registry.npmjs.org/object-assign/-/object-assign-4.1.1.tgz 0ms (cache hit)
2643 http cache color-convert@https://registry.npmjs.org/color-convert/-/color-convert-2.0.1.tgz 0ms (cache hit)
2644 http cache yargs@https://registry.npmjs.org/yargs/-/yargs-17.7.2.tgz 0ms (cache hit)
2645 http cache color-name@https://registry.npmjs.org/color-name/-/color-name-1.1.4.tgz 0ms (cache hit)
2646 http cache ansi-styles@https://registry.npmjs.org/ansi-styles/-/ansi-styles-4.3.0.tgz 0ms (cache hit)
2647 http cache tree-kill@https://registry.npmjs.org/tree-kill/-/tree-kill-1.2.2.tgz 0ms (cache hit)
2648 http cache shell-quote@https://registry.npmjs.org/shell-quote/-/shell-quote-1.8.3.tgz 0ms (cache hit)
2649 http cache supports-color@https://registry.npmjs.org/supports-color/-/supports-color-8.1.1.tgz 0ms (cache hit)
2650 http cache rxjs@https://registry.npmjs.org/rxjs/-/rxjs-7.8.2.tgz 0ms (cache hit)
2651 http cache update-browserslist-db@https://registry.npmjs.org/update-browserslist-db/-/update-browserslist-db-1.2.3.tgz 0ms (cache hit)
2652 http cache node-releases@https://registry.npmjs.org/node-releases/-/node-releases-2.0.38.tgz 0ms (cache hit)
2653 http cache baseline-browser-mapping@https://registry.npmjs.org/baseline-browser-mapping/-/baseline-browser-mapping-2.10.29.tgz 0ms (cache hit)
2654 http cache proxy-from-env@https://registry.npmjs.org/proxy-from-env/-/proxy-from-env-2.1.0.tgz 0ms (cache hit)
2655 http cache form-data@https://registry.npmjs.org/form-data/-/form-data-4.0.5.tgz 0ms (cache hit)
2656 http cache electron-to-chromium@https://registry.npmjs.org/electron-to-chromium/-/electron-to-chromium-1.5.353.tgz 0ms (cache hit)
2657 http cache fraction.js@https://registry.npmjs.org/fraction.js/-/fraction.js-5.3.4.tgz 0ms (cache hit)
2658 http cache chalk@https://registry.npmjs.org/chalk/-/chalk-4.1.2.tgz 0ms (cache hit)
2659 http cache postcss-value-parser@https://registry.npmjs.org/postcss-value-parser/-/postcss-value-parser-4.2.0.tgz 0ms (cache hit)
2660 http cache @types/babel__traverse@https://registry.npmjs.org/@types/babel__traverse/-/babel__traverse-7.28.0.tgz 0ms (cache hit)
2661 http cache caniuse-lite@https://registry.npmjs.org/caniuse-lite/-/caniuse-lite-1.0.30001792.tgz 0ms (cache hit)
2662 http cache follow-redirects@https://registry.npmjs.org/follow-redirects/-/follow-redirects-1.16.0.tgz 0ms (cache hit)
2663 http cache @types/babel__template@https://registry.npmjs.org/@types/babel__template/-/babel__template-7.4.4.tgz 0ms (cache hit)
2664 http cache @types/babel__generator@https://registry.npmjs.org/@types/babel__generator/-/babel__generator-7.27.0.tgz 0ms (cache hit)
2665 http cache @jridgewell/resolve-uri@https://registry.npmjs.org/@jridgewell/resolve-uri/-/resolve-uri-3.1.2.tgz 0ms (cache hit)
2666 http cache @jridgewell/sourcemap-codec@https://registry.npmjs.org/@jridgewell/sourcemap-codec/-/sourcemap-codec-1.5.5.tgz 0ms (cache hit)
2667 http cache @babel/helper-globals@https://registry.npmjs.org/@babel/helper-globals/-/helper-globals-7.28.0.tgz 0ms (cache hit)
2668 http cache lru-cache@https://registry.npmjs.org/lru-cache/-/lru-cache-5.1.1.tgz 0ms (cache hit)
2669 http cache @babel/helper-string-parser@https://registry.npmjs.org/@babel/helper-string-parser/-/helper-string-parser-7.27.1.tgz 0ms (cache hit)
2670 http cache @babel/helper-plugin-utils@https://registry.npmjs.org/@babel/helper-plugin-utils/-/helper-plugin-utils-7.28.6.tgz 0ms (cache hit)
2671 http cache browserslist@https://registry.npmjs.org/browserslist/-/browserslist-4.28.2.tgz 0ms (cache hit)
2672 http cache @babel/helper-module-imports@https://registry.npmjs.org/@babel/helper-module-imports/-/helper-module-imports-7.28.6.tgz 0ms (cache hit)
2673 http cache jsesc@https://registry.npmjs.org/jsesc/-/jsesc-3.1.0.tgz 0ms (cache hit)
2674 http cache @babel/helper-validator-option@https://registry.npmjs.org/@babel/helper-validator-option/-/helper-validator-option-7.27.1.tgz 0ms (cache hit)
2675 http cache @jridgewell/trace-mapping@https://registry.npmjs.org/@jridgewell/trace-mapping/-/trace-mapping-0.3.31.tgz 0ms (cache hit)
2676 http cache @babel/compat-data@https://registry.npmjs.org/@babel/compat-data/-/compat-data-7.29.3.tgz 0ms (cache hit)
2677 http cache @babel/helper-validator-identifier@https://registry.npmjs.org/@babel/helper-validator-identifier/-/helper-validator-identifier-7.28.5.tgz 0ms (cache hit)
2678 http cache picocolors@https://registry.npmjs.org/picocolors/-/picocolors-1.1.1.tgz 0ms (cache hit)
2679 http cache js-tokens@https://registry.npmjs.org/js-tokens/-/js-tokens-4.0.0.tgz 0ms (cache hit)
2680 http cache @jridgewell/gen-mapping@https://registry.npmjs.org/@jridgewell/gen-mapping/-/gen-mapping-0.3.13.tgz 0ms (cache hit)
2681 http cache semver@https://registry.npmjs.org/semver/-/semver-6.3.1.tgz 0ms (cache hit)
2682 http cache json5@https://registry.npmjs.org/json5/-/json5-2.2.3.tgz 0ms (cache hit)
2683 http cache gensync@https://registry.npmjs.org/gensync/-/gensync-1.0.0-beta.2.tgz 0ms (cache hit)
2684 http cache debug@https://registry.npmjs.org/debug/-/debug-4.4.3.tgz 0ms (cache hit)
2685 http cache @jridgewell/remapping@https://registry.npmjs.org/@jridgewell/remapping/-/remapping-2.3.5.tgz 0ms (cache hit)
2686 http cache convert-source-map@https://registry.npmjs.org/convert-source-map/-/convert-source-map-2.0.0.tgz 0ms (cache hit)
2687 http cache @babel/parser@https://registry.npmjs.org/@babel/parser/-/parser-7.29.3.tgz 0ms (cache hit)
2688 http cache @babel/types@https://registry.npmjs.org/@babel/types/-/types-7.29.0.tgz 0ms (cache hit)
2689 http cache @babel/traverse@https://registry.npmjs.org/@babel/traverse/-/traverse-7.29.0.tgz 0ms (cache hit)
2690 http cache @babel/template@https://registry.npmjs.org/@babel/template/-/template-7.28.6.tgz 0ms (cache hit)
2691 http cache @babel/helper-module-transforms@https://registry.npmjs.org/@babel/helper-module-transforms/-/helper-module-transforms-7.28.6.tgz 0ms (cache hit)
2692 http cache @babel/helpers@https://registry.npmjs.org/@babel/helpers/-/helpers-7.29.2.tgz 0ms (cache hit)
2693 http cache @babel/helper-compilation-targets@https://registry.npmjs.org/@babel/helper-compilation-targets/-/helper-compilation-targets-7.28.6.tgz 0ms (cache hit)
2694 http cache @babel/generator@https://registry.npmjs.org/@babel/generator/-/generator-7.29.1.tgz 0ms (cache hit)
2695 http cache react-refresh@https://registry.npmjs.org/react-refresh/-/react-refresh-0.17.0.tgz 0ms (cache hit)
2696 http cache @babel/code-frame@https://registry.npmjs.org/@babel/code-frame/-/code-frame-7.29.0.tgz 0ms (cache hit)
2697 http cache @rolldown/pluginutils@https://registry.npmjs.org/@rolldown/pluginutils/-/pluginutils-1.0.0-beta.27.tgz 0ms (cache hit)
2698 http cache @types/babel__core@https://registry.npmjs.org/@types/babel__core/-/babel__core-7.20.5.tgz 0ms (cache hit)
2699 http cache @babel/plugin-transform-react-jsx-source@https://registry.npmjs.org/@babel/plugin-transform-react-jsx-source/-/plugin-transform-react-jsx-source-7.27.1.tgz 0ms (cache hit)
2700 http cache @babel/plugin-transform-react-jsx-self@https://registry.npmjs.org/@babel/plugin-transform-react-jsx-self/-/plugin-transform-react-jsx-self-7.27.1.tgz 0ms (cache hit)
2701 http cache @babel/core@https://registry.npmjs.org/@babel/core/-/core-7.29.0.tgz 0ms (cache hit)
2702 http cache csstype@https://registry.npmjs.org/csstype/-/csstype-3.2.3.tgz 0ms (cache hit)
2703 http cache undici-types@https://registry.npmjs.org/undici-types/-/undici-types-6.21.0.tgz 0ms (cache hit)
2704 http cache @types/http-errors@https://registry.npmjs.org/@types/http-errors/-/http-errors-2.0.5.tgz 0ms (cache hit)
2705 http cache @types/range-parser@https://registry.npmjs.org/@types/range-parser/-/range-parser-1.2.7.tgz 0ms (cache hit)
2706 http cache @types/send@https://registry.npmjs.org/@types/send/-/send-1.2.1.tgz 0ms (cache hit)
2707 http cache @types/qs@https://registry.npmjs.org/@types/qs/-/qs-6.15.1.tgz 0ms (cache hit)
2708 http cache @types/connect@https://registry.npmjs.org/@types/connect/-/connect-3.4.38.tgz 0ms (cache hit)
2709 http cache @types/serve-static@https://registry.npmjs.org/@types/serve-static/-/serve-static-2.2.0.tgz 0ms (cache hit)
2710 http cache @types/express-serve-static-core@https://registry.npmjs.org/@types/express-serve-static-core/-/express-serve-static-core-5.1.1.tgz 0ms (cache hit)
2711 http cache @types/body-parser@https://registry.npmjs.org/@types/body-parser/-/body-parser-1.19.6.tgz 0ms (cache hit)
2712 http cache tailwindcss@https://registry.npmjs.org/tailwindcss/-/tailwindcss-3.4.19.tgz 0ms (cache hit)
2713 http cache react-router-dom@https://registry.npmjs.org/react-router-dom/-/react-router-dom-7.15.0.tgz 0ms (cache hit)
2714 http cache react-dom@https://registry.npmjs.org/react-dom/-/react-dom-19.2.6.tgz 0ms (cache hit)
2715 http cache react@https://registry.npmjs.org/react/-/react-19.2.6.tgz 0ms (cache hit)
2716 http cache lucide-react@https://registry.npmjs.org/lucide-react/-/lucide-react-0.511.0.tgz 0ms (cache hit)
2717 http cache axios@https://registry.npmjs.org/axios/-/axios-1.16.0.tgz 0ms (cache hit)
2718 http cache postcss@https://registry.npmjs.org/postcss/-/postcss-8.5.14.tgz 0ms (cache hit)
2719 http cache autoprefixer@https://registry.npmjs.org/autoprefixer/-/autoprefixer-10.5.0.tgz 0ms (cache hit)
2720 http cache vite@https://registry.npmjs.org/vite/-/vite-6.4.2.tgz 0ms (cache hit)
2721 http cache @vitejs/plugin-react@https://registry.npmjs.org/@vitejs/plugin-react/-/plugin-react-4.7.0.tgz 0ms (cache hit)
2722 http cache @types/react-dom@https://registry.npmjs.org/@types/react-dom/-/react-dom-19.2.3.tgz 1ms (cache hit)
2723 http cache @types/react@https://registry.npmjs.org/@types/react/-/react-19.2.14.tgz 0ms (cache hit)
2724 http cache tsx@https://registry.npmjs.org/tsx/-/tsx-4.21.0.tgz 0ms (cache hit)
2725 http cache zod@https://registry.npmjs.org/zod/-/zod-3.25.76.tgz 0ms (cache hit)
2726 http cache helmet@https://registry.npmjs.org/helmet/-/helmet-8.1.0.tgz 0ms (cache hit)
2727 http cache dotenv@https://registry.npmjs.org/dotenv/-/dotenv-16.6.1.tgz 0ms (cache hit)
2728 http cache express@https://registry.npmjs.org/express/-/express-5.2.1.tgz 0ms (cache hit)
2729 http cache cors@https://registry.npmjs.org/cors/-/cors-2.8.6.tgz 0ms (cache hit)
2730 http cache @types/node@https://registry.npmjs.org/@types/node/-/node-22.19.18.tgz 0ms (cache hit)
2731 http cache typescript@https://registry.npmjs.org/typescript/-/typescript-6.0.3.tgz 0ms (cache hit)
2732 http cache @types/express@https://registry.npmjs.org/@types/express/-/express-5.0.6.tgz 0ms (cache hit)
2733 http cache @types/cors@https://registry.npmjs.org/@types/cors/-/cors-2.8.19.tgz 0ms (cache hit)
2734 http cache typescript-eslint@https://registry.npmjs.org/typescript-eslint/-/typescript-eslint-8.59.2.tgz 0ms (cache hit)
2735 http cache prettier@https://registry.npmjs.org/prettier/-/prettier-3.8.3.tgz 0ms (cache hit)
2736 http cache globals@https://registry.npmjs.org/globals/-/globals-16.5.0.tgz 0ms (cache hit)
2737 http cache eslint-config-prettier@https://registry.npmjs.org/eslint-config-prettier/-/eslint-config-prettier-10.1.8.tgz 0ms (cache hit)
2738 http cache @eslint/js@https://registry.npmjs.org/@eslint/js/-/js-9.39.4.tgz 0ms (cache hit)
2739 http cache @types/estree@https://registry.npmjs.org/@types/estree/-/estree-1.0.8.tgz 0ms (cache hit)
2740 http cache eslint@https://registry.npmjs.org/eslint/-/eslint-9.39.4.tgz 0ms (cache hit)
2741 http cache concurrently@https://registry.npmjs.org/concurrently/-/concurrently-9.2.1.tgz 0ms (cache hit)
2742 http cache typescript@https://registry.npmjs.org/typescript/-/typescript-5.9.3.tgz 0ms (cache hit)
2743 http cache typescript@https://registry.npmjs.org/typescript/-/typescript-5.9.3.tgz 0ms (cache hit)
2744 http cache picomatch@https://registry.npmjs.org/picomatch/-/picomatch-4.0.4.tgz 0ms (cache hit)
2745 http cache balanced-match@https://registry.npmjs.org/balanced-match/-/balanced-match-4.0.4.tgz 0ms (cache hit)
2746 http cache eslint-visitor-keys@https://registry.npmjs.org/eslint-visitor-keys/-/eslint-visitor-keys-5.0.1.tgz 0ms (cache hit)
2747 http cache ignore@https://registry.npmjs.org/ignore/-/ignore-7.0.5.tgz 0ms (cache hit)
2748 http cache fdir@https://registry.npmjs.org/fdir/-/fdir-6.5.0.tgz 0ms (cache hit)
2749 http cache glob-parent@https://registry.npmjs.org/glob-parent/-/glob-parent-5.1.2.tgz 0ms (cache hit)
2750 http cache glob-parent@https://registry.npmjs.org/glob-parent/-/glob-parent-5.1.2.tgz 0ms (cache hit)
2751 http cache cookie@https://registry.npmjs.org/cookie/-/cookie-1.1.1.tgz 0ms (cache hit)
2752 http cache globals@https://registry.npmjs.org/globals/-/globals-14.0.0.tgz 0ms (cache hit)
2753 http cache eslint-visitor-keys@https://registry.npmjs.org/eslint-visitor-keys/-/eslint-visitor-keys-3.4.3.tgz 0ms (cache hit)
2754 http cache supports-color@https://registry.npmjs.org/supports-color/-/supports-color-7.2.0.tgz 0ms (cache hit)
2755 http cache mime-db@https://registry.npmjs.org/mime-db/-/mime-db-1.52.0.tgz 0ms (cache hit)
2756 http cache mime-types@https://registry.npmjs.org/mime-types/-/mime-types-2.1.35.tgz 0ms (cache hit)
2757 http cache semver@https://registry.npmjs.org/semver/-/semver-7.8.0.tgz 0ms (cache hit)
2758 http cache brace-expansion@https://registry.npmjs.org/brace-expansion/-/brace-expansion-5.0.6.tgz 0ms (cache hit)
2759 http cache minimatch@https://registry.npmjs.org/minimatch/-/minimatch-10.2.5.tgz 0ms (cache hit)
2760 http cache picomatch@https://registry.npmjs.org/picomatch/-/picomatch-4.0.4.tgz 0ms (cache hit)
2761 http cache esbuild@https://registry.npmjs.org/esbuild/-/esbuild-0.25.12.tgz 0ms (cache hit)
2762 http cache fdir@https://registry.npmjs.org/fdir/-/fdir-6.5.0.tgz 0ms (cache hit)
2763 silly tarball no local data for ansi-regex@https://registry.npmjs.org/ansi-regex/-/ansi-regex-5.0.1.tgz. Extracting by manifest.
2764 http cache @esbuild/win32-x64@https://registry.npmjs.org/@esbuild/win32-x64/-/win32-x64-0.25.12.tgz 0ms (cache hit)
2765 silly tarball no local data for is-fullwidth-code-point@https://registry.npmjs.org/is-fullwidth-code-point/-/is-fullwidth-code-point-3.0.0.tgz. Extracting by manifest.
2766 silly tarball no local data for yargs-parser@https://registry.npmjs.org/yargs-parser/-/yargs-parser-21.1.1.tgz. Extracting by manifest.
2767 silly tarball no local data for wrap-ansi@https://registry.npmjs.org/wrap-ansi/-/wrap-ansi-7.0.0.tgz. Extracting by manifest.
2768 silly tarball no local data for emoji-regex@https://registry.npmjs.org/emoji-regex/-/emoji-regex-8.0.0.tgz. Extracting by manifest.
2769 silly tarball no local data for strip-ansi@https://registry.npmjs.org/strip-ansi/-/strip-ansi-6.0.1.tgz. Extracting by manifest.
2770 silly tarball no local data for require-directory@https://registry.npmjs.org/require-directory/-/require-directory-2.1.1.tgz. Extracting by manifest.
2771 silly tarball no local data for y18n@https://registry.npmjs.org/y18n/-/y18n-5.0.8.tgz. Extracting by manifest.
2772 silly tarball no local data for @rollup/rollup-win32-x64-msvc@https://registry.npmjs.org/@rollup/rollup-win32-x64-msvc/-/rollup-win32-x64-msvc-4.60.3.tgz. Extracting by manifest.
2773 silly tarball no local data for @rollup/rollup-win32-x64-gnu@https://registry.npmjs.org/@rollup/rollup-win32-x64-gnu/-/rollup-win32-x64-gnu-4.60.3.tgz. Extracting by manifest.
2774 silly tarball no local data for isexe@https://registry.npmjs.org/isexe/-/isexe-2.0.0.tgz. Extracting by manifest.
2775 silly tarball no local data for get-caller-file@https://registry.npmjs.org/get-caller-file/-/get-caller-file-2.0.5.tgz. Extracting by manifest.
2776 silly tarball no local data for cliui@https://registry.npmjs.org/cliui/-/cliui-8.0.1.tgz. Extracting by manifest.
2777 silly tarball no local data for punycode@https://registry.npmjs.org/punycode/-/punycode-2.3.1.tgz. Extracting by manifest.
2778 silly tarball no local data for string-width@https://registry.npmjs.org/string-width/-/string-width-4.2.3.tgz. Extracting by manifest.
2779 silly tarball no local data for escalade@https://registry.npmjs.org/escalade/-/escalade-3.2.0.tgz. Extracting by manifest.
2780 silly tarball no local data for ts-api-utils@https://registry.npmjs.org/ts-api-utils/-/ts-api-utils-2.5.0.tgz. Extracting by manifest.
2781 silly tarball no local data for rollup@https://registry.npmjs.org/rollup/-/rollup-4.60.3.tgz. Extracting by manifest.
2782 silly tarball no local data for @typescript-eslint/tsconfig-utils@https://registry.npmjs.org/@typescript-eslint/tsconfig-utils/-/tsconfig-utils-8.59.2.tgz. Extracting by manifest.
2783 silly tarball no local data for @typescript-eslint/types@https://registry.npmjs.org/@typescript-eslint/types/-/types-8.59.2.tgz. Extracting by manifest.
2784 silly tarball no local data for @typescript-eslint/visitor-keys@https://registry.npmjs.org/@typescript-eslint/visitor-keys/-/visitor-keys-8.59.2.tgz. Extracting by manifest.
2785 silly tarball no local data for media-typer@https://registry.npmjs.org/media-typer/-/media-typer-1.1.0.tgz. Extracting by manifest.
2786 silly tarball no local data for @typescript-eslint/project-service@https://registry.npmjs.org/@typescript-eslint/project-service/-/project-service-8.59.2.tgz. Extracting by manifest.
2787 silly tarball no local data for @typescript-eslint/scope-manager@https://registry.npmjs.org/@typescript-eslint/scope-manager/-/scope-manager-8.59.2.tgz. Extracting by manifest.
2788 silly tarball no local data for @typescript-eslint/utils@https://registry.npmjs.org/@typescript-eslint/utils/-/utils-8.59.2.tgz. Extracting by manifest.
2789 silly tarball no local data for @typescript-eslint/type-utils@https://registry.npmjs.org/@typescript-eslint/type-utils/-/type-utils-8.59.2.tgz. Extracting by manifest.
2790 silly tarball no local data for resolve-pkg-maps@https://registry.npmjs.org/resolve-pkg-maps/-/resolve-pkg-maps-1.0.0.tgz. Extracting by manifest.
2791 silly tarball no local data for @typescript-eslint/parser@https://registry.npmjs.org/@typescript-eslint/parser/-/parser-8.59.2.tgz. Extracting by manifest.
2792 silly tarball no local data for @esbuild/win32-x64@https://registry.npmjs.org/@esbuild/win32-x64/-/win32-x64-0.27.7.tgz. Extracting by manifest.
2793 silly tarball no local data for @typescript-eslint/eslint-plugin@https://registry.npmjs.org/@typescript-eslint/eslint-plugin/-/eslint-plugin-8.59.2.tgz. Extracting by manifest.
2794 silly tarball no local data for @typescript-eslint/typescript-estree@https://registry.npmjs.org/@typescript-eslint/typescript-estree/-/typescript-estree-8.59.2.tgz. Extracting by manifest.
2795 silly tarball no local data for get-tsconfig@https://registry.npmjs.org/get-tsconfig/-/get-tsconfig-4.14.0.tgz. Extracting by manifest.
2796 silly tarball no local data for esbuild@https://registry.npmjs.org/esbuild/-/esbuild-0.27.7.tgz. Extracting by manifest.
2797 silly tarball no local data for is-number@https://registry.npmjs.org/is-number/-/is-number-7.0.0.tgz. Extracting by manifest.
2798 silly tarball no local data for thenify-all@https://registry.npmjs.org/thenify-all/-/thenify-all-1.6.0.tgz. Extracting by manifest.
2799 silly tarball no local data for ts-interface-checker@https://registry.npmjs.org/ts-interface-checker/-/ts-interface-checker-0.1.13.tgz. Extracting by manifest.
2800 silly tarball no local data for thenify@https://registry.npmjs.org/thenify/-/thenify-3.3.1.tgz. Extracting by manifest.
2801 silly tarball no local data for tinyglobby@https://registry.npmjs.org/tinyglobby/-/tinyglobby-0.2.16.tgz. Extracting by manifest.
2802 silly tarball no local data for pirates@https://registry.npmjs.org/pirates/-/pirates-4.0.7.tgz. Extracting by manifest.
2803 silly tarball no local data for lines-and-columns@https://registry.npmjs.org/lines-and-columns/-/lines-and-columns-1.2.4.tgz. Extracting by manifest.
2804 silly tarball no local data for commander@https://registry.npmjs.org/commander/-/commander-4.1.1.tgz. Extracting by manifest.
2805 silly tarball no local data for queue-microtask@https://registry.npmjs.org/queue-microtask/-/queue-microtask-1.2.3.tgz. Extracting by manifest.
2806 silly tarball no local data for supports-preserve-symlinks-flag@https://registry.npmjs.org/supports-preserve-symlinks-flag/-/supports-preserve-symlinks-flag-1.0.0.tgz. Extracting by manifest.
2807 silly tarball no local data for any-promise@https://registry.npmjs.org/any-promise/-/any-promise-1.3.0.tgz. Extracting by manifest.
2808 silly tarball no local data for mz@https://registry.npmjs.org/mz/-/mz-2.7.0.tgz. Extracting by manifest.
2809 silly tarball no local data for is-core-module@https://registry.npmjs.org/is-core-module/-/is-core-module-2.16.2.tgz. Extracting by manifest.
2810 silly tarball no local data for path-parse@https://registry.npmjs.org/path-parse/-/path-parse-1.0.7.tgz. Extracting by manifest.
2811 silly tarball no local data for pify@https://registry.npmjs.org/pify/-/pify-2.3.0.tgz. Extracting by manifest.
2812 silly tarball no local data for util-deprecate@https://registry.npmjs.org/util-deprecate/-/util-deprecate-1.0.2.tgz. Extracting by manifest.
2813 silly tarball no local data for cssesc@https://registry.npmjs.org/cssesc/-/cssesc-3.0.0.tgz. Extracting by manifest.
2814 silly tarball no local data for binary-extensions@https://registry.npmjs.org/binary-extensions/-/binary-extensions-2.3.0.tgz. Extracting by manifest.
2815 silly tarball no local data for camelcase-css@https://registry.npmjs.org/camelcase-css/-/camelcase-css-2.0.1.tgz. Extracting by manifest.
2816 silly tarball no local data for @nodelib/fs.scandir@https://registry.npmjs.org/@nodelib/fs.scandir/-/fs.scandir-2.1.5.tgz. Extracting by manifest.
2817 silly tarball no local data for read-cache@https://registry.npmjs.org/read-cache/-/read-cache-1.0.0.tgz. Extracting by manifest.
2818 silly tarball no local data for to-regex-range@https://registry.npmjs.org/to-regex-range/-/to-regex-range-5.0.1.tgz. Extracting by manifest.
2819 silly tarball no local data for reusify@https://registry.npmjs.org/reusify/-/reusify-1.1.0.tgz. Extracting by manifest.
2820 silly tarball no local data for run-parallel@https://registry.npmjs.org/run-parallel/-/run-parallel-1.2.0.tgz. Extracting by manifest.
2821 silly tarball no local data for @nodelib/fs.walk@https://registry.npmjs.org/@nodelib/fs.walk/-/fs.walk-1.2.8.tgz. Extracting by manifest.
2822 silly tarball no local data for merge2@https://registry.npmjs.org/merge2/-/merge2-1.4.1.tgz. Extracting by manifest.
2823 silly tarball no local data for @nodelib/fs.stat@https://registry.npmjs.org/@nodelib/fs.stat/-/fs.stat-2.0.5.tgz. Extracting by manifest.
2824 silly tarball no local data for fastq@https://registry.npmjs.org/fastq/-/fastq-1.20.1.tgz. Extracting by manifest.
2825 silly tarball no local data for fill-range@https://registry.npmjs.org/fill-range/-/fill-range-7.1.1.tgz. Extracting by manifest.
2826 silly tarball no local data for readdirp@https://registry.npmjs.org/readdirp/-/readdirp-3.6.0.tgz. Extracting by manifest.
2827 silly tarball no local data for picomatch@https://registry.npmjs.org/picomatch/-/picomatch-2.3.2.tgz. Extracting by manifest.
2828 silly tarball no local data for braces@https://registry.npmjs.org/braces/-/braces-3.0.3.tgz. Extracting by manifest.
2829 silly tarball no local data for is-binary-path@https://registry.npmjs.org/is-binary-path/-/is-binary-path-2.1.0.tgz. Extracting by manifest.
2830 silly tarball no local data for anymatch@https://registry.npmjs.org/anymatch/-/anymatch-3.1.3.tgz. Extracting by manifest.
2831 silly tarball no local data for sucrase@https://registry.npmjs.org/sucrase/-/sucrase-3.35.1.tgz. Extracting by manifest.
2832 silly tarball no local data for resolve@https://registry.npmjs.org/resolve/-/resolve-1.22.12.tgz. Extracting by manifest.
2833 silly tarball no local data for postcss-selector-parser@https://registry.npmjs.org/postcss-selector-parser/-/postcss-selector-parser-6.1.2.tgz. Extracting by manifest.
2834 silly tarball no local data for postcss-nested@https://registry.npmjs.org/postcss-nested/-/postcss-nested-6.2.0.tgz. Extracting by manifest.
2835 silly tarball no local data for postcss-load-config@https://registry.npmjs.org/postcss-load-config/-/postcss-load-config-6.0.1.tgz. Extracting by manifest.
2836 silly tarball no local data for postcss-js@https://registry.npmjs.org/postcss-js/-/postcss-js-4.1.0.tgz. Extracting by manifest.
2837 silly tarball no local data for postcss-import@https://registry.npmjs.org/postcss-import/-/postcss-import-15.1.0.tgz. Extracting by manifest.
2838 silly tarball no local data for object-hash@https://registry.npmjs.org/object-hash/-/object-hash-3.0.0.tgz. Extracting by manifest.
2839 silly tarball no local data for normalize-path@https://registry.npmjs.org/normalize-path/-/normalize-path-3.0.0.tgz. Extracting by manifest.
2840 silly tarball no local data for jiti@https://registry.npmjs.org/jiti/-/jiti-1.21.7.tgz. Extracting by manifest.
2841 silly tarball no local data for lilconfig@https://registry.npmjs.org/lilconfig/-/lilconfig-3.1.3.tgz. Extracting by manifest.
2842 silly tarball no local data for fast-glob@https://registry.npmjs.org/fast-glob/-/fast-glob-3.3.3.tgz. Extracting by manifest.
2843 silly tarball no local data for dlv@https://registry.npmjs.org/dlv/-/dlv-1.1.3.tgz. Extracting by manifest.
2844 silly tarball no local data for didyoumean@https://registry.npmjs.org/didyoumean/-/didyoumean-1.2.2.tgz. Extracting by manifest.
2845 silly tarball no local data for micromatch@https://registry.npmjs.org/micromatch/-/micromatch-4.0.8.tgz. Extracting by manifest.
2846 silly tarball no local data for @alloc/quick-lru@https://registry.npmjs.org/@alloc/quick-lru/-/quick-lru-5.2.0.tgz. Extracting by manifest.
2847 silly tarball no local data for chokidar@https://registry.npmjs.org/chokidar/-/chokidar-3.6.0.tgz. Extracting by manifest.
2848 silly tarball no local data for arg@https://registry.npmjs.org/arg/-/arg-5.0.2.tgz. Extracting by manifest.
2849 silly tarball no local data for call-bound@https://registry.npmjs.org/call-bound/-/call-bound-1.0.4.tgz. Extracting by manifest.
2850 silly tarball no local data for has-flag@https://registry.npmjs.org/has-flag/-/has-flag-4.0.0.tgz. Extracting by manifest.
2851 silly tarball no local data for side-channel-weakmap@https://registry.npmjs.org/side-channel-weakmap/-/side-channel-weakmap-1.0.2.tgz. Extracting by manifest.
2852 silly tarball no local data for side-channel-map@https://registry.npmjs.org/side-channel-map/-/side-channel-map-1.0.1.tgz. Extracting by manifest.
2853 silly tarball no local data for side-channel-list@https://registry.npmjs.org/side-channel-list/-/side-channel-list-1.0.1.tgz. Extracting by manifest.
2854 silly tarball no local data for shebang-regex@https://registry.npmjs.org/shebang-regex/-/shebang-regex-3.0.0.tgz. Extracting by manifest.
2855 silly tarball no local data for object-inspect@https://registry.npmjs.org/object-inspect/-/object-inspect-1.13.4.tgz. Extracting by manifest.
2856 silly tarball no local data for tslib@https://registry.npmjs.org/tslib/-/tslib-2.8.1.tgz. Extracting by manifest.
2857 silly tarball no local data for path-to-regexp@https://registry.npmjs.org/path-to-regexp/-/path-to-regexp-8.4.2.tgz. Extracting by manifest.
2858 silly tarball no local data for set-cookie-parser@https://registry.npmjs.org/set-cookie-parser/-/set-cookie-parser-2.7.2.tgz. Extracting by manifest.
2859 silly tarball no local data for is-promise@https://registry.npmjs.org/is-promise/-/is-promise-4.0.0.tgz. Extracting by manifest.
2860 silly tarball no local data for unpipe@https://registry.npmjs.org/unpipe/-/unpipe-1.0.0.tgz. Extracting by manifest.
2861 silly tarball no local data for side-channel@https://registry.npmjs.org/side-channel/-/side-channel-1.1.0.tgz. Extracting by manifest.
2862 silly tarball no local data for scheduler@https://registry.npmjs.org/scheduler/-/scheduler-0.27.0.tgz. Extracting by manifest.
2863 silly tarball no local data for react-router@https://registry.npmjs.org/react-router/-/react-router-7.15.0.tgz. Extracting by manifest.
2864 silly tarball no local data for ipaddr.js@https://registry.npmjs.org/ipaddr.js/-/ipaddr.js-1.9.1.tgz. Extracting by manifest.
2865 silly tarball no local data for forwarded@https://registry.npmjs.org/forwarded/-/forwarded-0.2.0.tgz. Extracting by manifest.
2866 silly tarball no local data for source-map-js@https://registry.npmjs.org/source-map-js/-/source-map-js-1.2.1.tgz. Extracting by manifest.
2867 silly tarball no local data for nanoid@https://registry.npmjs.org/nanoid/-/nanoid-3.3.12.tgz. Extracting by manifest.
2868 silly tarball no local data for callsites@https://registry.npmjs.org/callsites/-/callsites-3.1.0.tgz. Extracting by manifest.
2869 silly tarball no local data for yocto-queue@https://registry.npmjs.org/yocto-queue/-/yocto-queue-0.1.0.tgz. Extracting by manifest.
2870 silly tarball no local data for p-limit@https://registry.npmjs.org/p-limit/-/p-limit-3.1.0.tgz. Extracting by manifest.
2871 silly tarball no local data for word-wrap@https://registry.npmjs.org/word-wrap/-/word-wrap-1.2.5.tgz. Extracting by manifest.
2872 silly tarball no local data for deep-is@https://registry.npmjs.org/deep-is/-/deep-is-0.1.4.tgz. Extracting by manifest.
2873 silly tarball no local data for ee-first@https://registry.npmjs.org/ee-first/-/ee-first-1.1.1.tgz. Extracting by manifest.
2874 silly tarball no local data for fast-levenshtein@https://registry.npmjs.org/fast-levenshtein/-/fast-levenshtein-2.0.6.tgz. Extracting by manifest.
2875 silly tarball no local data for wrappy@https://registry.npmjs.org/wrappy/-/wrappy-1.0.2.tgz. Extracting by manifest.
2876 silly tarball no local data for concat-map@https://registry.npmjs.org/concat-map/-/concat-map-0.0.1.tgz. Extracting by manifest.
2877 silly tarball no local data for balanced-match@https://registry.npmjs.org/balanced-match/-/balanced-match-1.0.2.tgz. Extracting by manifest.
2878 silly tarball no local data for mime-db@https://registry.npmjs.org/mime-db/-/mime-db-1.54.0.tgz. Extracting by manifest.
2879 silly tarball no local data for brace-expansion@https://registry.npmjs.org/brace-expansion/-/brace-expansion-1.1.14.tgz. Extracting by manifest.
2880 silly tarball no local data for p-locate@https://registry.npmjs.org/p-locate/-/p-locate-5.0.0.tgz. Extracting by manifest.
2881 silly tarball no local data for yallist@https://registry.npmjs.org/yallist/-/yallist-3.1.1.tgz. Extracting by manifest.
2882 silly tarball no local data for type-check@https://registry.npmjs.org/type-check/-/type-check-0.4.0.tgz. Extracting by manifest.
2883 silly tarball no local data for prelude-ls@https://registry.npmjs.org/prelude-ls/-/prelude-ls-1.2.1.tgz. Extracting by manifest.
2884 silly tarball no local data for json-buffer@https://registry.npmjs.org/json-buffer/-/json-buffer-3.0.1.tgz. Extracting by manifest.
2885 silly tarball no local data for argparse@https://registry.npmjs.org/argparse/-/argparse-2.0.1.tgz. Extracting by manifest.
2886 silly tarball no local data for is-extglob@https://registry.npmjs.org/is-extglob/-/is-extglob-2.1.1.tgz. Extracting by manifest.
2887 silly tarball no local data for parent-module@https://registry.npmjs.org/parent-module/-/parent-module-1.0.1.tgz. Extracting by manifest.
2888 silly tarball no local data for resolve-from@https://registry.npmjs.org/resolve-from/-/resolve-from-4.0.0.tgz. Extracting by manifest.
2889 silly tarball no local data for safer-buffer@https://registry.npmjs.org/safer-buffer/-/safer-buffer-2.1.2.tgz. Extracting by manifest.
2890 silly tarball no local data for setprototypeof@https://registry.npmjs.org/setprototypeof/-/setprototypeof-1.2.0.tgz. Extracting by manifest.
2891 silly tarball no local data for inherits@https://registry.npmjs.org/inherits/-/inherits-2.0.4.tgz. Extracting by manifest.
2892 silly tarball no local data for toidentifier@https://registry.npmjs.org/toidentifier/-/toidentifier-1.0.1.tgz. Extracting by manifest.
2893 silly tarball no local data for dunder-proto@https://registry.npmjs.org/dunder-proto/-/dunder-proto-1.0.1.tgz. Extracting by manifest.
2894 silly tarball no local data for math-intrinsics@https://registry.npmjs.org/math-intrinsics/-/math-intrinsics-1.1.0.tgz. Extracting by manifest.
2895 silly tarball no local data for has-symbols@https://registry.npmjs.org/has-symbols/-/has-symbols-1.1.0.tgz. Extracting by manifest.
2896 silly tarball no local data for gopd@https://registry.npmjs.org/gopd/-/gopd-1.2.0.tgz. Extracting by manifest.
2897 silly tarball no local data for get-proto@https://registry.npmjs.org/get-proto/-/get-proto-1.0.1.tgz. Extracting by manifest.
2898 silly tarball no local data for function-bind@https://registry.npmjs.org/function-bind/-/function-bind-1.1.2.tgz. Extracting by manifest.
2899 silly tarball no local data for es-object-atoms@https://registry.npmjs.org/es-object-atoms/-/es-object-atoms-1.1.1.tgz. Extracting by manifest.
2900 silly tarball no local data for es-define-property@https://registry.npmjs.org/es-define-property/-/es-define-property-1.0.1.tgz. Extracting by manifest.
2901 silly tarball no local data for call-bind-apply-helpers@https://registry.npmjs.org/call-bind-apply-helpers/-/call-bind-apply-helpers-1.0.2.tgz. Extracting by manifest.
2902 silly tarball no local data for has-tostringtag@https://registry.npmjs.org/has-tostringtag/-/has-tostringtag-1.0.2.tgz. Extracting by manifest.
2903 silly tarball no local data for get-intrinsic@https://registry.npmjs.org/get-intrinsic/-/get-intrinsic-1.3.0.tgz. Extracting by manifest.
2904 silly tarball no local data for es-errors@https://registry.npmjs.org/es-errors/-/es-errors-1.3.0.tgz. Extracting by manifest.
2905 silly tarball no local data for delayed-stream@https://registry.npmjs.org/delayed-stream/-/delayed-stream-1.0.0.tgz. Extracting by manifest.
2906 silly tarball no local data for hasown@https://registry.npmjs.org/hasown/-/hasown-2.0.3.tgz. Extracting by manifest.
2907 silly tarball no local data for combined-stream@https://registry.npmjs.org/combined-stream/-/combined-stream-1.0.8.tgz. Extracting by manifest.
2908 silly tarball no local data for es-set-tostringtag@https://registry.npmjs.org/es-set-tostringtag/-/es-set-tostringtag-2.1.0.tgz. Extracting by manifest.
2909 silly tarball no local data for asynckit@https://registry.npmjs.org/asynckit/-/asynckit-0.4.0.tgz. Extracting by manifest.
2910 silly tarball no local data for keyv@https://registry.npmjs.org/keyv/-/keyv-4.5.4.tgz. Extracting by manifest.
2911 silly tarball no local data for flatted@https://registry.npmjs.org/flatted/-/flatted-3.4.2.tgz. Extracting by manifest.
2912 silly tarball no local data for path-exists@https://registry.npmjs.org/path-exists/-/path-exists-4.0.0.tgz. Extracting by manifest.
2913 silly tarball no local data for locate-path@https://registry.npmjs.org/locate-path/-/locate-path-6.0.0.tgz. Extracting by manifest.
2914 silly tarball no local data for flat-cache@https://registry.npmjs.org/flat-cache/-/flat-cache-4.0.1.tgz. Extracting by manifest.
2915 silly tarball no local data for raw-body@https://registry.npmjs.org/raw-body/-/raw-body-3.0.2.tgz. Extracting by manifest.
2916 silly tarball no local data for iconv-lite@https://registry.npmjs.org/iconv-lite/-/iconv-lite-0.7.2.tgz. Extracting by manifest.
2917 silly tarball no local data for bytes@https://registry.npmjs.org/bytes/-/bytes-3.1.2.tgz. Extracting by manifest.
2918 silly tarball no local data for negotiator@https://registry.npmjs.org/negotiator/-/negotiator-1.0.0.tgz. Extracting by manifest.
2919 silly tarball no local data for type-is@https://registry.npmjs.org/type-is/-/type-is-2.0.1.tgz. Extracting by manifest.
2920 silly tarball no local data for statuses@https://registry.npmjs.org/statuses/-/statuses-2.0.2.tgz. Extracting by manifest.
2921 silly tarball no local data for serve-static@https://registry.npmjs.org/serve-static/-/serve-static-2.2.1.tgz. Extracting by manifest.
2922 silly tarball no local data for range-parser@https://registry.npmjs.org/range-parser/-/range-parser-1.2.1.tgz. Extracting by manifest.
2923 silly tarball no local data for send@https://registry.npmjs.org/send/-/send-1.2.1.tgz. Extracting by manifest.
2924 silly tarball no local data for router@https://registry.npmjs.org/router/-/router-2.2.0.tgz. Extracting by manifest.
2925 silly tarball no local data for qs@https://registry.npmjs.org/qs/-/qs-6.15.1.tgz. Extracting by manifest.
2926 silly tarball no local data for proxy-addr@https://registry.npmjs.org/proxy-addr/-/proxy-addr-2.0.7.tgz. Extracting by manifest.
2927 silly tarball no local data for parseurl@https://registry.npmjs.org/parseurl/-/parseurl-1.3.3.tgz. Extracting by manifest.
2928 silly tarball no local data for once@https://registry.npmjs.org/once/-/once-1.4.0.tgz. Extracting by manifest.
2929 silly tarball no local data for on-finished@https://registry.npmjs.org/on-finished/-/on-finished-2.4.1.tgz. Extracting by manifest.
2930 silly tarball no local data for mime-types@https://registry.npmjs.org/mime-types/-/mime-types-3.0.2.tgz. Extracting by manifest.
2931 silly tarball no local data for http-errors@https://registry.npmjs.org/http-errors/-/http-errors-2.0.1.tgz. Extracting by manifest.
2932 silly tarball no local data for merge-descriptors@https://registry.npmjs.org/merge-descriptors/-/merge-descriptors-2.0.0.tgz. Extracting by manifest.
2933 silly tarball no local data for fresh@https://registry.npmjs.org/fresh/-/fresh-2.0.0.tgz. Extracting by manifest.
2934 silly tarball no local data for etag@https://registry.npmjs.org/etag/-/etag-1.8.1.tgz. Extracting by manifest.
2935 silly tarball no local data for finalhandler@https://registry.npmjs.org/finalhandler/-/finalhandler-2.1.1.tgz. Extracting by manifest.
2936 silly tarball no local data for escape-html@https://registry.npmjs.org/escape-html/-/escape-html-1.0.3.tgz. Extracting by manifest.
2937 silly tarball no local data for encodeurl@https://registry.npmjs.org/encodeurl/-/encodeurl-2.0.0.tgz. Extracting by manifest.
2938 silly tarball no local data for depd@https://registry.npmjs.org/depd/-/depd-2.0.0.tgz. Extracting by manifest.
2939 silly tarball no local data for cookie@https://registry.npmjs.org/cookie/-/cookie-0.7.2.tgz. Extracting by manifest.
2940 silly tarball no local data for cookie-signature@https://registry.npmjs.org/cookie-signature/-/cookie-signature-1.2.2.tgz. Extracting by manifest.
2941 silly tarball no local data for content-type@https://registry.npmjs.org/content-type/-/content-type-1.0.5.tgz. Extracting by manifest.
2942 silly tarball no local data for content-disposition@https://registry.npmjs.org/content-disposition/-/content-disposition-1.1.0.tgz. Extracting by manifest.
2943 silly tarball no local data for body-parser@https://registry.npmjs.org/body-parser/-/body-parser-2.2.2.tgz. Extracting by manifest.
2944 silly tarball no local data for accepts@https://registry.npmjs.org/accepts/-/accepts-2.0.0.tgz. Extracting by manifest.
2945 silly tarball no local data for acorn-jsx@https://registry.npmjs.org/acorn-jsx/-/acorn-jsx-5.3.2.tgz. Extracting by manifest.
2946 silly tarball no local data for acorn@https://registry.npmjs.org/acorn/-/acorn-8.16.0.tgz. Extracting by manifest.
2947 silly tarball no local data for estraverse@https://registry.npmjs.org/estraverse/-/estraverse-5.3.0.tgz. Extracting by manifest.
2948 silly tarball no local data for esrecurse@https://registry.npmjs.org/esrecurse/-/esrecurse-4.3.0.tgz. Extracting by manifest.
2949 silly tarball no local data for which@https://registry.npmjs.org/which/-/which-2.0.2.tgz. Extracting by manifest.
2950 silly tarball no local data for shebang-command@https://registry.npmjs.org/shebang-command/-/shebang-command-2.0.0.tgz. Extracting by manifest.
2951 silly tarball no local data for path-key@https://registry.npmjs.org/path-key/-/path-key-3.1.1.tgz. Extracting by manifest.
2952 silly tarball no local data for uri-js@https://registry.npmjs.org/uri-js/-/uri-js-4.4.1.tgz. Extracting by manifest.
2953 silly tarball no local data for json-schema-traverse@https://registry.npmjs.org/json-schema-traverse/-/json-schema-traverse-0.4.1.tgz. Extracting by manifest.
2954 silly tarball no local data for @humanfs/types@https://registry.npmjs.org/@humanfs/types/-/types-0.15.0.tgz. Extracting by manifest.
2955 silly tarball no local data for fast-json-stable-stringify@https://registry.npmjs.org/fast-json-stable-stringify/-/fast-json-stable-stringify-2.1.0.tgz. Extracting by manifest.
2956 silly tarball no local data for @humanfs/core@https://registry.npmjs.org/@humanfs/core/-/core-0.19.2.tgz. Extracting by manifest.
2957 silly tarball no local data for levn@https://registry.npmjs.org/levn/-/levn-0.4.1.tgz. Extracting by manifest.
2958 silly tarball no local data for @types/json-schema@https://registry.npmjs.org/@types/json-schema/-/json-schema-7.0.15.tgz. Extracting by manifest.
2959 silly tarball no local data for strip-json-comments@https://registry.npmjs.org/strip-json-comments/-/strip-json-comments-3.1.1.tgz. Extracting by manifest.
2960 silly tarball no local data for js-yaml@https://registry.npmjs.org/js-yaml/-/js-yaml-4.1.1.tgz. Extracting by manifest.
2961 silly tarball no local data for @eslint/object-schema@https://registry.npmjs.org/@eslint/object-schema/-/object-schema-2.1.7.tgz. Extracting by manifest.
2962 silly tarball no local data for import-fresh@https://registry.npmjs.org/import-fresh/-/import-fresh-3.3.1.tgz. Extracting by manifest.
2963 silly tarball no local data for natural-compare@https://registry.npmjs.org/natural-compare/-/natural-compare-1.4.0.tgz. Extracting by manifest.
2964 silly tarball no local data for optionator@https://registry.npmjs.org/optionator/-/optionator-0.9.4.tgz. Extracting by manifest.
2965 silly tarball no local data for minimatch@https://registry.npmjs.org/minimatch/-/minimatch-3.1.5.tgz. Extracting by manifest.
2966 silly tarball no local data for lodash.merge@https://registry.npmjs.org/lodash.merge/-/lodash.merge-4.6.2.tgz. Extracting by manifest.
2967 silly tarball no local data for json-stable-stringify-without-jsonify@https://registry.npmjs.org/json-stable-stringify-without-jsonify/-/json-stable-stringify-without-jsonify-1.0.1.tgz. Extracting by manifest.
2968 silly tarball no local data for is-glob@https://registry.npmjs.org/is-glob/-/is-glob-4.0.3.tgz. Extracting by manifest.
2969 silly tarball no local data for imurmurhash@https://registry.npmjs.org/imurmurhash/-/imurmurhash-0.1.4.tgz. Extracting by manifest.
2970 silly tarball no local data for ignore@https://registry.npmjs.org/ignore/-/ignore-5.3.2.tgz. Extracting by manifest.
2971 silly tarball no local data for glob-parent@https://registry.npmjs.org/glob-parent/-/glob-parent-6.0.2.tgz. Extracting by manifest.
2972 silly tarball no local data for find-up@https://registry.npmjs.org/find-up/-/find-up-5.0.0.tgz. Extracting by manifest.
2973 silly tarball no local data for fast-deep-equal@https://registry.npmjs.org/fast-deep-equal/-/fast-deep-equal-3.1.3.tgz. Extracting by manifest.
2974 silly tarball no local data for file-entry-cache@https://registry.npmjs.org/file-entry-cache/-/file-entry-cache-8.0.0.tgz. Extracting by manifest.
2975 silly tarball no local data for esutils@https://registry.npmjs.org/esutils/-/esutils-2.0.3.tgz. Extracting by manifest.
2976 silly tarball no local data for esquery@https://registry.npmjs.org/esquery/-/esquery-1.7.0.tgz. Extracting by manifest.
2977 silly tarball no local data for eslint-visitor-keys@https://registry.npmjs.org/eslint-visitor-keys/-/eslint-visitor-keys-4.2.1.tgz. Extracting by manifest.
2978 silly tarball no local data for eslint-scope@https://registry.npmjs.org/eslint-scope/-/eslint-scope-8.4.0.tgz. Extracting by manifest.
2979 silly tarball no local data for escape-string-regexp@https://registry.npmjs.org/escape-string-regexp/-/escape-string-regexp-4.0.0.tgz. Extracting by manifest.
2980 silly tarball no local data for espree@https://registry.npmjs.org/espree/-/espree-10.4.0.tgz. Extracting by manifest.
2981 silly tarball no local data for cross-spawn@https://registry.npmjs.org/cross-spawn/-/cross-spawn-7.0.6.tgz. Extracting by manifest.
2982 silly tarball no local data for ajv@https://registry.npmjs.org/ajv/-/ajv-6.15.0.tgz. Extracting by manifest.
2983 silly tarball no local data for @types/estree@https://registry.npmjs.org/@types/estree/-/estree-1.0.9.tgz. Extracting by manifest.
2984 silly tarball no local data for @eslint/plugin-kit@https://registry.npmjs.org/@eslint/plugin-kit/-/plugin-kit-0.4.1.tgz. Extracting by manifest.
2985 silly tarball no local data for @eslint/eslintrc@https://registry.npmjs.org/@eslint/eslintrc/-/eslintrc-3.3.5.tgz. Extracting by manifest.
2986 silly tarball no local data for @humanfs/node@https://registry.npmjs.org/@humanfs/node/-/node-0.16.8.tgz. Extracting by manifest.
2987 silly tarball no local data for @humanwhocodes/module-importer@https://registry.npmjs.org/@humanwhocodes/module-importer/-/module-importer-1.0.1.tgz. Extracting by manifest.
2988 silly tarball no local data for @humanwhocodes/retry@https://registry.npmjs.org/@humanwhocodes/retry/-/retry-0.4.3.tgz. Extracting by manifest.
2989 silly tarball no local data for @eslint-community/regexpp@https://registry.npmjs.org/@eslint-community/regexpp/-/regexpp-4.12.2.tgz. Extracting by manifest.
2990 silly tarball no local data for @eslint/config-helpers@https://registry.npmjs.org/@eslint/config-helpers/-/config-helpers-0.4.2.tgz. Extracting by manifest.
2991 silly tarball no local data for ms@https://registry.npmjs.org/ms/-/ms-2.1.3.tgz. Extracting by manifest.
2992 silly tarball no local data for @eslint/core@https://registry.npmjs.org/@eslint/core/-/core-0.17.0.tgz. Extracting by manifest.
2993 silly tarball no local data for @eslint-community/eslint-utils@https://registry.npmjs.org/@eslint-community/eslint-utils/-/eslint-utils-4.9.1.tgz. Extracting by manifest.
2994 silly tarball no local data for @eslint/config-array@https://registry.npmjs.org/@eslint/config-array/-/config-array-0.21.2.tgz. Extracting by manifest.
2995 silly tarball no local data for vary@https://registry.npmjs.org/vary/-/vary-1.1.2.tgz. Extracting by manifest.
2996 silly tarball no local data for object-assign@https://registry.npmjs.org/object-assign/-/object-assign-4.1.1.tgz. Extracting by manifest.
2997 silly tarball no local data for color-convert@https://registry.npmjs.org/color-convert/-/color-convert-2.0.1.tgz. Extracting by manifest.
2998 silly tarball no local data for yargs@https://registry.npmjs.org/yargs/-/yargs-17.7.2.tgz. Extracting by manifest.
2999 silly tarball no local data for color-name@https://registry.npmjs.org/color-name/-/color-name-1.1.4.tgz. Extracting by manifest.
3000 silly tarball no local data for ansi-styles@https://registry.npmjs.org/ansi-styles/-/ansi-styles-4.3.0.tgz. Extracting by manifest.
3001 silly tarball no local data for tree-kill@https://registry.npmjs.org/tree-kill/-/tree-kill-1.2.2.tgz. Extracting by manifest.
3002 silly tarball no local data for shell-quote@https://registry.npmjs.org/shell-quote/-/shell-quote-1.8.3.tgz. Extracting by manifest.
3003 silly tarball no local data for supports-color@https://registry.npmjs.org/supports-color/-/supports-color-8.1.1.tgz. Extracting by manifest.
3004 silly tarball no local data for rxjs@https://registry.npmjs.org/rxjs/-/rxjs-7.8.2.tgz. Extracting by manifest.
3005 silly tarball no local data for update-browserslist-db@https://registry.npmjs.org/update-browserslist-db/-/update-browserslist-db-1.2.3.tgz. Extracting by manifest.
3006 silly tarball no local data for node-releases@https://registry.npmjs.org/node-releases/-/node-releases-2.0.38.tgz. Extracting by manifest.
3007 silly tarball no local data for baseline-browser-mapping@https://registry.npmjs.org/baseline-browser-mapping/-/baseline-browser-mapping-2.10.29.tgz. Extracting by manifest.
3008 silly tarball no local data for proxy-from-env@https://registry.npmjs.org/proxy-from-env/-/proxy-from-env-2.1.0.tgz. Extracting by manifest.
3009 silly tarball no local data for form-data@https://registry.npmjs.org/form-data/-/form-data-4.0.5.tgz. Extracting by manifest.
3010 silly tarball no local data for electron-to-chromium@https://registry.npmjs.org/electron-to-chromium/-/electron-to-chromium-1.5.353.tgz. Extracting by manifest.
3011 silly tarball no local data for fraction.js@https://registry.npmjs.org/fraction.js/-/fraction.js-5.3.4.tgz. Extracting by manifest.
3012 silly tarball no local data for chalk@https://registry.npmjs.org/chalk/-/chalk-4.1.2.tgz. Extracting by manifest.
3013 silly tarball no local data for postcss-value-parser@https://registry.npmjs.org/postcss-value-parser/-/postcss-value-parser-4.2.0.tgz. Extracting by manifest.
3014 silly tarball no local data for @types/babel__traverse@https://registry.npmjs.org/@types/babel__traverse/-/babel__traverse-7.28.0.tgz. Extracting by manifest.
3015 silly tarball no local data for caniuse-lite@https://registry.npmjs.org/caniuse-lite/-/caniuse-lite-1.0.30001792.tgz. Extracting by manifest.
3016 silly tarball no local data for follow-redirects@https://registry.npmjs.org/follow-redirects/-/follow-redirects-1.16.0.tgz. Extracting by manifest.
3017 silly tarball no local data for @types/babel__template@https://registry.npmjs.org/@types/babel__template/-/babel__template-7.4.4.tgz. Extracting by manifest.
3018 silly tarball no local data for @types/babel__generator@https://registry.npmjs.org/@types/babel__generator/-/babel__generator-7.27.0.tgz. Extracting by manifest.
3019 silly tarball no local data for @jridgewell/resolve-uri@https://registry.npmjs.org/@jridgewell/resolve-uri/-/resolve-uri-3.1.2.tgz. Extracting by manifest.
3020 silly tarball no local data for @jridgewell/sourcemap-codec@https://registry.npmjs.org/@jridgewell/sourcemap-codec/-/sourcemap-codec-1.5.5.tgz. Extracting by manifest.
3021 silly tarball no local data for @babel/helper-globals@https://registry.npmjs.org/@babel/helper-globals/-/helper-globals-7.28.0.tgz. Extracting by manifest.
3022 silly tarball no local data for lru-cache@https://registry.npmjs.org/lru-cache/-/lru-cache-5.1.1.tgz. Extracting by manifest.
3023 silly tarball no local data for @babel/helper-string-parser@https://registry.npmjs.org/@babel/helper-string-parser/-/helper-string-parser-7.27.1.tgz. Extracting by manifest.
3024 silly tarball no local data for @babel/helper-plugin-utils@https://registry.npmjs.org/@babel/helper-plugin-utils/-/helper-plugin-utils-7.28.6.tgz. Extracting by manifest.
3025 silly tarball no local data for browserslist@https://registry.npmjs.org/browserslist/-/browserslist-4.28.2.tgz. Extracting by manifest.
3026 silly tarball no local data for @babel/helper-module-imports@https://registry.npmjs.org/@babel/helper-module-imports/-/helper-module-imports-7.28.6.tgz. Extracting by manifest.
3027 silly tarball no local data for jsesc@https://registry.npmjs.org/jsesc/-/jsesc-3.1.0.tgz. Extracting by manifest.
3028 silly tarball no local data for @babel/helper-validator-option@https://registry.npmjs.org/@babel/helper-validator-option/-/helper-validator-option-7.27.1.tgz. Extracting by manifest.
3029 silly tarball no local data for @jridgewell/trace-mapping@https://registry.npmjs.org/@jridgewell/trace-mapping/-/trace-mapping-0.3.31.tgz. Extracting by manifest.
3030 silly tarball no local data for @babel/compat-data@https://registry.npmjs.org/@babel/compat-data/-/compat-data-7.29.3.tgz. Extracting by manifest.
3031 silly tarball no local data for @babel/helper-validator-identifier@https://registry.npmjs.org/@babel/helper-validator-identifier/-/helper-validator-identifier-7.28.5.tgz. Extracting by manifest.
3032 silly tarball no local data for picocolors@https://registry.npmjs.org/picocolors/-/picocolors-1.1.1.tgz. Extracting by manifest.
3033 silly tarball no local data for js-tokens@https://registry.npmjs.org/js-tokens/-/js-tokens-4.0.0.tgz. Extracting by manifest.
3034 silly tarball no local data for @jridgewell/gen-mapping@https://registry.npmjs.org/@jridgewell/gen-mapping/-/gen-mapping-0.3.13.tgz. Extracting by manifest.
3035 silly tarball no local data for semver@https://registry.npmjs.org/semver/-/semver-6.3.1.tgz. Extracting by manifest.
3036 silly tarball no local data for json5@https://registry.npmjs.org/json5/-/json5-2.2.3.tgz. Extracting by manifest.
3037 silly tarball no local data for gensync@https://registry.npmjs.org/gensync/-/gensync-1.0.0-beta.2.tgz. Extracting by manifest.
3038 silly tarball no local data for debug@https://registry.npmjs.org/debug/-/debug-4.4.3.tgz. Extracting by manifest.
3039 silly tarball no local data for @jridgewell/remapping@https://registry.npmjs.org/@jridgewell/remapping/-/remapping-2.3.5.tgz. Extracting by manifest.
3040 silly tarball no local data for convert-source-map@https://registry.npmjs.org/convert-source-map/-/convert-source-map-2.0.0.tgz. Extracting by manifest.
3041 silly tarball no local data for @babel/parser@https://registry.npmjs.org/@babel/parser/-/parser-7.29.3.tgz. Extracting by manifest.
3042 silly tarball no local data for @babel/types@https://registry.npmjs.org/@babel/types/-/types-7.29.0.tgz. Extracting by manifest.
3043 silly tarball no local data for @babel/traverse@https://registry.npmjs.org/@babel/traverse/-/traverse-7.29.0.tgz. Extracting by manifest.
3044 silly tarball no local data for @babel/template@https://registry.npmjs.org/@babel/template/-/template-7.28.6.tgz. Extracting by manifest.
3045 silly tarball no local data for @babel/helper-module-transforms@https://registry.npmjs.org/@babel/helper-module-transforms/-/helper-module-transforms-7.28.6.tgz. Extracting by manifest.
3046 silly tarball no local data for @babel/helpers@https://registry.npmjs.org/@babel/helpers/-/helpers-7.29.2.tgz. Extracting by manifest.
3047 silly tarball no local data for @babel/helper-compilation-targets@https://registry.npmjs.org/@babel/helper-compilation-targets/-/helper-compilation-targets-7.28.6.tgz. Extracting by manifest.
3048 silly tarball no local data for @babel/generator@https://registry.npmjs.org/@babel/generator/-/generator-7.29.1.tgz. Extracting by manifest.
3049 silly tarball no local data for react-refresh@https://registry.npmjs.org/react-refresh/-/react-refresh-0.17.0.tgz. Extracting by manifest.
3050 silly tarball no local data for @babel/code-frame@https://registry.npmjs.org/@babel/code-frame/-/code-frame-7.29.0.tgz. Extracting by manifest.
3051 silly tarball no local data for @rolldown/pluginutils@https://registry.npmjs.org/@rolldown/pluginutils/-/pluginutils-1.0.0-beta.27.tgz. Extracting by manifest.
3052 silly tarball no local data for @types/babel__core@https://registry.npmjs.org/@types/babel__core/-/babel__core-7.20.5.tgz. Extracting by manifest.
3053 silly tarball no local data for @babel/plugin-transform-react-jsx-source@https://registry.npmjs.org/@babel/plugin-transform-react-jsx-source/-/plugin-transform-react-jsx-source-7.27.1.tgz. Extracting by manifest.
3054 silly tarball no local data for @babel/plugin-transform-react-jsx-self@https://registry.npmjs.org/@babel/plugin-transform-react-jsx-self/-/plugin-transform-react-jsx-self-7.27.1.tgz. Extracting by manifest.
3055 silly tarball no local data for @babel/core@https://registry.npmjs.org/@babel/core/-/core-7.29.0.tgz. Extracting by manifest.
3056 silly tarball no local data for csstype@https://registry.npmjs.org/csstype/-/csstype-3.2.3.tgz. Extracting by manifest.
3057 silly tarball no local data for undici-types@https://registry.npmjs.org/undici-types/-/undici-types-6.21.0.tgz. Extracting by manifest.
3058 silly tarball no local data for @types/http-errors@https://registry.npmjs.org/@types/http-errors/-/http-errors-2.0.5.tgz. Extracting by manifest.
3059 silly tarball no local data for @types/range-parser@https://registry.npmjs.org/@types/range-parser/-/range-parser-1.2.7.tgz. Extracting by manifest.
3060 silly tarball no local data for @types/send@https://registry.npmjs.org/@types/send/-/send-1.2.1.tgz. Extracting by manifest.
3061 silly tarball no local data for @types/qs@https://registry.npmjs.org/@types/qs/-/qs-6.15.1.tgz. Extracting by manifest.
3062 silly tarball no local data for @types/connect@https://registry.npmjs.org/@types/connect/-/connect-3.4.38.tgz. Extracting by manifest.
3063 silly tarball no local data for @types/serve-static@https://registry.npmjs.org/@types/serve-static/-/serve-static-2.2.0.tgz. Extracting by manifest.
3064 silly tarball no local data for @types/express-serve-static-core@https://registry.npmjs.org/@types/express-serve-static-core/-/express-serve-static-core-5.1.1.tgz. Extracting by manifest.
3065 silly tarball no local data for @types/body-parser@https://registry.npmjs.org/@types/body-parser/-/body-parser-1.19.6.tgz. Extracting by manifest.
3066 silly tarball no local data for tailwindcss@https://registry.npmjs.org/tailwindcss/-/tailwindcss-3.4.19.tgz. Extracting by manifest.
3067 silly tarball no local data for react-router-dom@https://registry.npmjs.org/react-router-dom/-/react-router-dom-7.15.0.tgz. Extracting by manifest.
3068 silly tarball no local data for react-dom@https://registry.npmjs.org/react-dom/-/react-dom-19.2.6.tgz. Extracting by manifest.
3069 silly tarball no local data for react@https://registry.npmjs.org/react/-/react-19.2.6.tgz. Extracting by manifest.
3070 silly tarball no local data for lucide-react@https://registry.npmjs.org/lucide-react/-/lucide-react-0.511.0.tgz. Extracting by manifest.
3071 silly tarball no local data for axios@https://registry.npmjs.org/axios/-/axios-1.16.0.tgz. Extracting by manifest.
3072 silly tarball no local data for postcss@https://registry.npmjs.org/postcss/-/postcss-8.5.14.tgz. Extracting by manifest.
3073 silly tarball no local data for autoprefixer@https://registry.npmjs.org/autoprefixer/-/autoprefixer-10.5.0.tgz. Extracting by manifest.
3074 silly tarball no local data for vite@https://registry.npmjs.org/vite/-/vite-6.4.2.tgz. Extracting by manifest.
3075 silly tarball no local data for @vitejs/plugin-react@https://registry.npmjs.org/@vitejs/plugin-react/-/plugin-react-4.7.0.tgz. Extracting by manifest.
3076 silly tarball no local data for @types/react-dom@https://registry.npmjs.org/@types/react-dom/-/react-dom-19.2.3.tgz. Extracting by manifest.
3077 silly tarball no local data for @types/react@https://registry.npmjs.org/@types/react/-/react-19.2.14.tgz. Extracting by manifest.
3078 silly tarball no local data for tsx@https://registry.npmjs.org/tsx/-/tsx-4.21.0.tgz. Extracting by manifest.
3079 silly tarball no local data for zod@https://registry.npmjs.org/zod/-/zod-3.25.76.tgz. Extracting by manifest.
3080 silly tarball no local data for helmet@https://registry.npmjs.org/helmet/-/helmet-8.1.0.tgz. Extracting by manifest.
3081 silly tarball no local data for dotenv@https://registry.npmjs.org/dotenv/-/dotenv-16.6.1.tgz. Extracting by manifest.
3082 silly tarball no local data for express@https://registry.npmjs.org/express/-/express-5.2.1.tgz. Extracting by manifest.
3083 silly tarball no local data for cors@https://registry.npmjs.org/cors/-/cors-2.8.6.tgz. Extracting by manifest.
3084 silly tarball no local data for @types/node@https://registry.npmjs.org/@types/node/-/node-22.19.18.tgz. Extracting by manifest.
3085 silly tarball no local data for typescript@https://registry.npmjs.org/typescript/-/typescript-6.0.3.tgz. Extracting by manifest.
3086 silly tarball no local data for @types/express@https://registry.npmjs.org/@types/express/-/express-5.0.6.tgz. Extracting by manifest.
3087 silly tarball no local data for @types/cors@https://registry.npmjs.org/@types/cors/-/cors-2.8.19.tgz. Extracting by manifest.
3088 silly tarball no local data for typescript-eslint@https://registry.npmjs.org/typescript-eslint/-/typescript-eslint-8.59.2.tgz. Extracting by manifest.
3089 silly tarball no local data for prettier@https://registry.npmjs.org/prettier/-/prettier-3.8.3.tgz. Extracting by manifest.
3090 silly tarball no local data for globals@https://registry.npmjs.org/globals/-/globals-16.5.0.tgz. Extracting by manifest.
3091 silly tarball no local data for eslint-config-prettier@https://registry.npmjs.org/eslint-config-prettier/-/eslint-config-prettier-10.1.8.tgz. Extracting by manifest.
3092 silly tarball no local data for @eslint/js@https://registry.npmjs.org/@eslint/js/-/js-9.39.4.tgz. Extracting by manifest.
3093 silly tarball no local data for @types/estree@https://registry.npmjs.org/@types/estree/-/estree-1.0.8.tgz. Extracting by manifest.
3094 silly tarball no local data for eslint@https://registry.npmjs.org/eslint/-/eslint-9.39.4.tgz. Extracting by manifest.
3095 silly tarball no local data for concurrently@https://registry.npmjs.org/concurrently/-/concurrently-9.2.1.tgz. Extracting by manifest.
3096 silly tarball no local data for typescript@https://registry.npmjs.org/typescript/-/typescript-5.9.3.tgz. Extracting by manifest.
3097 silly tarball no local data for typescript@https://registry.npmjs.org/typescript/-/typescript-5.9.3.tgz. Extracting by manifest.
3098 silly tarball no local data for picomatch@https://registry.npmjs.org/picomatch/-/picomatch-4.0.4.tgz. Extracting by manifest.
3099 silly tarball no local data for balanced-match@https://registry.npmjs.org/balanced-match/-/balanced-match-4.0.4.tgz. Extracting by manifest.
3100 silly tarball no local data for eslint-visitor-keys@https://registry.npmjs.org/eslint-visitor-keys/-/eslint-visitor-keys-5.0.1.tgz. Extracting by manifest.
3101 silly tarball no local data for ignore@https://registry.npmjs.org/ignore/-/ignore-7.0.5.tgz. Extracting by manifest.
3102 silly tarball no local data for fdir@https://registry.npmjs.org/fdir/-/fdir-6.5.0.tgz. Extracting by manifest.
3103 silly tarball no local data for glob-parent@https://registry.npmjs.org/glob-parent/-/glob-parent-5.1.2.tgz. Extracting by manifest.
3104 silly tarball no local data for glob-parent@https://registry.npmjs.org/glob-parent/-/glob-parent-5.1.2.tgz. Extracting by manifest.
3105 silly tarball no local data for cookie@https://registry.npmjs.org/cookie/-/cookie-1.1.1.tgz. Extracting by manifest.
3106 silly tarball no local data for globals@https://registry.npmjs.org/globals/-/globals-14.0.0.tgz. Extracting by manifest.
3107 silly tarball no local data for eslint-visitor-keys@https://registry.npmjs.org/eslint-visitor-keys/-/eslint-visitor-keys-3.4.3.tgz. Extracting by manifest.
3108 silly tarball no local data for supports-color@https://registry.npmjs.org/supports-color/-/supports-color-7.2.0.tgz. Extracting by manifest.
3109 silly tarball no local data for mime-db@https://registry.npmjs.org/mime-db/-/mime-db-1.52.0.tgz. Extracting by manifest.
3110 silly tarball no local data for mime-types@https://registry.npmjs.org/mime-types/-/mime-types-2.1.35.tgz. Extracting by manifest.
3111 silly tarball no local data for semver@https://registry.npmjs.org/semver/-/semver-7.8.0.tgz. Extracting by manifest.
3112 silly tarball no local data for brace-expansion@https://registry.npmjs.org/brace-expansion/-/brace-expansion-5.0.6.tgz. Extracting by manifest.
3113 silly tarball no local data for minimatch@https://registry.npmjs.org/minimatch/-/minimatch-10.2.5.tgz. Extracting by manifest.
3114 silly tarball no local data for picomatch@https://registry.npmjs.org/picomatch/-/picomatch-4.0.4.tgz. Extracting by manifest.
3115 silly tarball no local data for esbuild@https://registry.npmjs.org/esbuild/-/esbuild-0.25.12.tgz. Extracting by manifest.
3116 silly tarball no local data for fdir@https://registry.npmjs.org/fdir/-/fdir-6.5.0.tgz. Extracting by manifest.
3117 silly tarball no local data for @esbuild/win32-x64@https://registry.npmjs.org/@esbuild/win32-x64/-/win32-x64-0.25.12.tgz. Extracting by manifest.
3118 http fetch POST 200 https://registry.npmjs.org/-/npm/v1/security/advisories/bulk 364ms
3119 silly audit report {}
3120 http fetch GET 200 https://registry.npmjs.org/ansi-regex/-/ansi-regex-5.0.1.tgz 260ms (cache miss)
3121 http fetch GET 200 https://registry.npmjs.org/emoji-regex/-/emoji-regex-8.0.0.tgz 259ms (cache miss)
3122 http fetch GET 200 https://registry.npmjs.org/is-fullwidth-code-point/-/is-fullwidth-code-point-3.0.0.tgz 260ms (cache miss)
3123 http fetch GET 200 https://registry.npmjs.org/strip-ansi/-/strip-ansi-6.0.1.tgz 258ms (cache miss)
3124 http fetch GET 200 https://registry.npmjs.org/punycode/-/punycode-2.3.1.tgz 256ms (cache miss)
3125 http fetch GET 200 https://registry.npmjs.org/require-directory/-/require-directory-2.1.1.tgz 259ms (cache miss)
3126 http fetch GET 200 https://registry.npmjs.org/isexe/-/isexe-2.0.0.tgz 257ms (cache miss)
3127 http fetch GET 200 https://registry.npmjs.org/get-caller-file/-/get-caller-file-2.0.5.tgz 257ms (cache miss)
3128 http fetch GET 200 https://registry.npmjs.org/cliui/-/cliui-8.0.1.tgz 258ms (cache miss)
3129 http fetch GET 200 https://registry.npmjs.org/y18n/-/y18n-5.0.8.tgz 260ms (cache miss)
3130 http fetch GET 200 https://registry.npmjs.org/wrap-ansi/-/wrap-ansi-7.0.0.tgz 267ms (cache miss)
3131 http fetch GET 200 https://registry.npmjs.org/string-width/-/string-width-4.2.3.tgz 266ms (cache miss)
3132 http fetch GET 200 https://registry.npmjs.org/escalade/-/escalade-3.2.0.tgz 268ms (cache miss)
3133 http fetch GET 200 https://registry.npmjs.org/media-typer/-/media-typer-1.1.0.tgz 285ms (cache miss)
3134 http fetch GET 200 https://registry.npmjs.org/@typescript-eslint/tsconfig-utils/-/tsconfig-utils-8.59.2.tgz 289ms (cache miss)
3135 http fetch GET 200 https://registry.npmjs.org/@typescript-eslint/visitor-keys/-/visitor-keys-8.59.2.tgz 289ms (cache miss)
3136 http fetch GET 200 https://registry.npmjs.org/resolve-pkg-maps/-/resolve-pkg-maps-1.0.0.tgz 293ms (cache miss)
3137 http fetch GET 200 https://registry.npmjs.org/@typescript-eslint/project-service/-/project-service-8.59.2.tgz 303ms (cache miss)
3138 http fetch GET 200 https://registry.npmjs.org/@typescript-eslint/parser/-/parser-8.59.2.tgz 303ms (cache miss)
3139 http fetch GET 200 https://registry.npmjs.org/yargs-parser/-/yargs-parser-21.1.1.tgz 335ms (cache miss)
3140 http fetch GET 200 https://registry.npmjs.org/ts-api-utils/-/ts-api-utils-2.5.0.tgz 340ms (cache miss)
3141 http fetch GET 200 https://registry.npmjs.org/thenify-all/-/thenify-all-1.6.0.tgz 351ms (cache miss)
3142 http fetch GET 200 https://registry.npmjs.org/is-number/-/is-number-7.0.0.tgz 351ms (cache miss)
3143 http fetch GET 200 https://registry.npmjs.org/thenify/-/thenify-3.3.1.tgz 355ms (cache miss)
3144 http fetch GET 200 https://registry.npmjs.org/@typescript-eslint/types/-/types-8.59.2.tgz 364ms (cache miss)
3145 http fetch GET 200 https://registry.npmjs.org/get-tsconfig/-/get-tsconfig-4.14.0.tgz 360ms (cache miss)
3146 http fetch GET 200 https://registry.npmjs.org/lines-and-columns/-/lines-and-columns-1.2.4.tgz 378ms (cache miss)
3147 http fetch GET 200 https://registry.npmjs.org/queue-microtask/-/queue-microtask-1.2.3.tgz 393ms (cache miss)
3148 http fetch GET 200 https://registry.npmjs.org/supports-preserve-symlinks-flag/-/supports-preserve-symlinks-flag-1.0.0.tgz 404ms (cache miss)
3149 http fetch GET 200 https://registry.npmjs.org/@typescript-eslint/type-utils/-/type-utils-8.59.2.tgz 424ms (cache miss)
3150 http fetch GET 200 https://registry.npmjs.org/any-promise/-/any-promise-1.3.0.tgz 447ms (cache miss)
3151 http fetch GET 200 https://registry.npmjs.org/mz/-/mz-2.7.0.tgz 485ms (cache miss)
3152 http fetch GET 200 https://registry.npmjs.org/commander/-/commander-4.1.1.tgz 487ms (cache miss)
3153 http fetch GET 200 https://registry.npmjs.org/esbuild/-/esbuild-0.27.7.tgz 495ms (cache miss)
3154 http fetch GET 200 https://registry.npmjs.org/@typescript-eslint/utils/-/utils-8.59.2.tgz 500ms (cache miss)
3155 http fetch GET 200 https://registry.npmjs.org/ts-interface-checker/-/ts-interface-checker-0.1.13.tgz 516ms (cache miss)
3156 http fetch GET 200 https://registry.npmjs.org/is-core-module/-/is-core-module-2.16.2.tgz 561ms (cache miss)
3157 http fetch GET 200 https://registry.npmjs.org/path-parse/-/path-parse-1.0.7.tgz 580ms (cache miss)
3158 http fetch GET 200 https://registry.npmjs.org/pify/-/pify-2.3.0.tgz 613ms (cache miss)
3159 http fetch GET 200 https://registry.npmjs.org/cssesc/-/cssesc-3.0.0.tgz 618ms (cache miss)
3160 http fetch GET 200 https://registry.npmjs.org/util-deprecate/-/util-deprecate-1.0.2.tgz 620ms (cache miss)
3161 http fetch GET 200 https://registry.npmjs.org/camelcase-css/-/camelcase-css-2.0.1.tgz 621ms (cache miss)
3162 http fetch GET 200 https://registry.npmjs.org/binary-extensions/-/binary-extensions-2.3.0.tgz 624ms (cache miss)
3163 http fetch GET 200 https://registry.npmjs.org/@rollup/rollup-win32-x64-msvc/-/rollup-win32-x64-msvc-4.60.3.tgz 660ms (cache miss)
3164 http fetch GET 200 https://registry.npmjs.org/pirates/-/pirates-4.0.7.tgz 655ms (cache miss)
3165 http fetch GET 200 https://registry.npmjs.org/to-regex-range/-/to-regex-range-5.0.1.tgz 650ms (cache miss)
3166 http fetch GET 200 https://registry.npmjs.org/read-cache/-/read-cache-1.0.0.tgz 651ms (cache miss)
3167 http fetch GET 200 https://registry.npmjs.org/rollup/-/rollup-4.60.3.tgz 670ms (cache miss)
3168 http fetch GET 200 https://registry.npmjs.org/@rollup/rollup-win32-x64-gnu/-/rollup-win32-x64-gnu-4.60.3.tgz 675ms (cache miss)
3169 http fetch GET 200 https://registry.npmjs.org/run-parallel/-/run-parallel-1.2.0.tgz 657ms (cache miss)
3170 http fetch GET 200 https://registry.npmjs.org/merge2/-/merge2-1.4.1.tgz 657ms (cache miss)
3171 http fetch GET 200 https://registry.npmjs.org/tinyglobby/-/tinyglobby-0.2.16.tgz 667ms (cache miss)
3172 http fetch GET 200 https://registry.npmjs.org/@typescript-eslint/typescript-estree/-/typescript-estree-8.59.2.tgz 670ms (cache miss)
3173 http fetch GET 200 https://registry.npmjs.org/@nodelib/fs.walk/-/fs.walk-1.2.8.tgz 672ms (cache miss)
3174 http fetch GET 200 https://registry.npmjs.org/fill-range/-/fill-range-7.1.1.tgz 671ms (cache miss)
3175 http fetch GET 200 https://registry.npmjs.org/reusify/-/reusify-1.1.0.tgz 678ms (cache miss)
3176 http fetch GET 200 https://registry.npmjs.org/readdirp/-/readdirp-3.6.0.tgz 688ms (cache miss)
3177 http fetch GET 200 https://registry.npmjs.org/@nodelib/fs.scandir/-/fs.scandir-2.1.5.tgz 704ms (cache miss)
3178 http fetch GET 200 https://registry.npmjs.org/fastq/-/fastq-1.20.1.tgz 705ms (cache miss)
3179 http fetch GET 200 https://registry.npmjs.org/braces/-/braces-3.0.3.tgz 707ms (cache miss)
3180 http fetch GET 200 https://registry.npmjs.org/is-binary-path/-/is-binary-path-2.1.0.tgz 707ms (cache miss)
3181 http fetch GET 200 https://registry.npmjs.org/anymatch/-/anymatch-3.1.3.tgz 716ms (cache miss)
3182 http fetch GET 200 https://registry.npmjs.org/picomatch/-/picomatch-2.3.2.tgz 730ms (cache miss)
3183 http fetch GET 200 https://registry.npmjs.org/@nodelib/fs.stat/-/fs.stat-2.0.5.tgz 733ms (cache miss)
3184 http fetch GET 200 https://registry.npmjs.org/postcss-nested/-/postcss-nested-6.2.0.tgz 729ms (cache miss)
3185 http fetch GET 200 https://registry.npmjs.org/postcss-load-config/-/postcss-load-config-6.0.1.tgz 740ms (cache miss)
3186 http fetch GET 200 https://registry.npmjs.org/postcss-js/-/postcss-js-4.1.0.tgz 740ms (cache miss)
3187 http fetch GET 200 https://registry.npmjs.org/normalize-path/-/normalize-path-3.0.0.tgz 747ms (cache miss)
3188 http fetch GET 200 https://registry.npmjs.org/lilconfig/-/lilconfig-3.1.3.tgz 748ms (cache miss)
3189 http fetch GET 200 https://registry.npmjs.org/object-hash/-/object-hash-3.0.0.tgz 754ms (cache miss)
3190 http fetch GET 200 https://registry.npmjs.org/postcss-import/-/postcss-import-15.1.0.tgz 771ms (cache miss)
3191 http fetch GET 200 https://registry.npmjs.org/dlv/-/dlv-1.1.3.tgz 786ms (cache miss)
3192 http fetch GET 200 https://registry.npmjs.org/call-bound/-/call-bound-1.0.4.tgz 792ms (cache miss)
3193 http fetch GET 200 https://registry.npmjs.org/arg/-/arg-5.0.2.tgz 798ms (cache miss)
3194 http fetch GET 200 https://registry.npmjs.org/didyoumean/-/didyoumean-1.2.2.tgz 800ms (cache miss)
3195 http fetch GET 200 https://registry.npmjs.org/micromatch/-/micromatch-4.0.8.tgz 804ms (cache miss)
3196 http fetch GET 200 https://registry.npmjs.org/@alloc/quick-lru/-/quick-lru-5.2.0.tgz 806ms (cache miss)
3197 http fetch GET 200 https://registry.npmjs.org/has-flag/-/has-flag-4.0.0.tgz 808ms (cache miss)
3198 http fetch GET 200 https://registry.npmjs.org/side-channel-list/-/side-channel-list-1.0.1.tgz 807ms (cache miss)
3199 http fetch GET 200 https://registry.npmjs.org/side-channel-weakmap/-/side-channel-weakmap-1.0.2.tgz 809ms (cache miss)
3200 http fetch GET 200 https://registry.npmjs.org/side-channel-map/-/side-channel-map-1.0.1.tgz 812ms (cache miss)
3201 http fetch GET 200 https://registry.npmjs.org/shebang-regex/-/shebang-regex-3.0.0.tgz 814ms (cache miss)
3202 http fetch GET 200 https://registry.npmjs.org/chokidar/-/chokidar-3.6.0.tgz 828ms (cache miss)
3203 http fetch GET 200 https://registry.npmjs.org/unpipe/-/unpipe-1.0.0.tgz 829ms (cache miss)
3204 http fetch GET 200 https://registry.npmjs.org/ipaddr.js/-/ipaddr.js-1.9.1.tgz 842ms (cache miss)
3205 http fetch GET 200 https://registry.npmjs.org/is-promise/-/is-promise-4.0.0.tgz 847ms (cache miss)
3206 http fetch GET 200 https://registry.npmjs.org/set-cookie-parser/-/set-cookie-parser-2.7.2.tgz 864ms (cache miss)
3207 http fetch GET 200 https://registry.npmjs.org/scheduler/-/scheduler-0.27.0.tgz 864ms (cache miss)
3208 http fetch GET 200 https://registry.npmjs.org/side-channel/-/side-channel-1.1.0.tgz 872ms (cache miss)
3209 http fetch GET 200 https://registry.npmjs.org/path-to-regexp/-/path-to-regexp-8.4.2.tgz 879ms (cache miss)
3210 http fetch GET 200 https://registry.npmjs.org/tslib/-/tslib-2.8.1.tgz 889ms (cache miss)
3211 http fetch GET 200 https://registry.npmjs.org/postcss-selector-parser/-/postcss-selector-parser-6.1.2.tgz 907ms (cache miss)
3212 http fetch GET 200 https://registry.npmjs.org/forwarded/-/forwarded-0.2.0.tgz 901ms (cache miss)
3213 http fetch GET 200 https://registry.npmjs.org/nanoid/-/nanoid-3.3.12.tgz 911ms (cache miss)
3214 http fetch GET 200 https://registry.npmjs.org/callsites/-/callsites-3.1.0.tgz 915ms (cache miss)
3215 http fetch GET 200 https://registry.npmjs.org/p-limit/-/p-limit-3.1.0.tgz 926ms (cache miss)
3216 http fetch GET 200 https://registry.npmjs.org/yocto-queue/-/yocto-queue-0.1.0.tgz 929ms (cache miss)
3217 http fetch GET 200 https://registry.npmjs.org/word-wrap/-/word-wrap-1.2.5.tgz 934ms (cache miss)
3218 http fetch GET 200 https://registry.npmjs.org/ee-first/-/ee-first-1.1.1.tgz 936ms (cache miss)
3219 http fetch GET 200 https://registry.npmjs.org/deep-is/-/deep-is-0.1.4.tgz 936ms (cache miss)
3220 http fetch GET 200 https://registry.npmjs.org/fast-levenshtein/-/fast-levenshtein-2.0.6.tgz 937ms (cache miss)
3221 http fetch GET 200 https://registry.npmjs.org/wrappy/-/wrappy-1.0.2.tgz 937ms (cache miss)
3222 http fetch GET 200 https://registry.npmjs.org/object-inspect/-/object-inspect-1.13.4.tgz 984ms (cache miss)
3223 http fetch GET 200 https://registry.npmjs.org/json-buffer/-/json-buffer-3.0.1.tgz 977ms (cache miss)
3224 http fetch GET 200 https://registry.npmjs.org/type-check/-/type-check-0.4.0.tgz 978ms (cache miss)
3225 http fetch GET 200 https://registry.npmjs.org/brace-expansion/-/brace-expansion-1.1.14.tgz 981ms (cache miss)
3226 http fetch GET 200 https://registry.npmjs.org/parent-module/-/parent-module-1.0.1.tgz 978ms (cache miss)
3227 http fetch GET 200 https://registry.npmjs.org/is-extglob/-/is-extglob-2.1.1.tgz 979ms (cache miss)
3228 http fetch GET 200 https://registry.npmjs.org/p-locate/-/p-locate-5.0.0.tgz 982ms (cache miss)
3229 http fetch GET 200 https://registry.npmjs.org/balanced-match/-/balanced-match-1.0.2.tgz 984ms (cache miss)
3230 http fetch GET 200 https://registry.npmjs.org/concat-map/-/concat-map-0.0.1.tgz 986ms (cache miss)
3231 http fetch GET 200 https://registry.npmjs.org/yallist/-/yallist-3.1.1.tgz 985ms (cache miss)
3232 http fetch GET 200 https://registry.npmjs.org/prelude-ls/-/prelude-ls-1.2.1.tgz 987ms (cache miss)
3233 http fetch GET 200 https://registry.npmjs.org/jiti/-/jiti-1.21.7.tgz 1038ms (cache miss)
3234 http fetch GET 200 https://registry.npmjs.org/setprototypeof/-/setprototypeof-1.2.0.tgz 1053ms (cache miss)
3235 http fetch GET 200 https://registry.npmjs.org/toidentifier/-/toidentifier-1.0.1.tgz 1056ms (cache miss)
3236 http fetch GET 200 https://registry.npmjs.org/safer-buffer/-/safer-buffer-2.1.2.tgz 1057ms (cache miss)
3237 http fetch GET 200 https://registry.npmjs.org/resolve-from/-/resolve-from-4.0.0.tgz 1059ms (cache miss)
3238 http fetch GET 200 https://registry.npmjs.org/inherits/-/inherits-2.0.4.tgz 1057ms (cache miss)
3239 http fetch GET 200 https://registry.npmjs.org/gopd/-/gopd-1.2.0.tgz 1056ms (cache miss)
3240 http fetch GET 200 https://registry.npmjs.org/math-intrinsics/-/math-intrinsics-1.1.0.tgz 1057ms (cache miss)
3241 http fetch GET 200 https://registry.npmjs.org/function-bind/-/function-bind-1.1.2.tgz 1056ms (cache miss)
3242 http fetch GET 200 https://registry.npmjs.org/has-symbols/-/has-symbols-1.1.0.tgz 1057ms (cache miss)
3243 http fetch GET 200 https://registry.npmjs.org/es-object-atoms/-/es-object-atoms-1.1.1.tgz 1057ms (cache miss)
3244 http fetch GET 200 https://registry.npmjs.org/get-proto/-/get-proto-1.0.1.tgz 1057ms (cache miss)
3245 http fetch GET 200 https://registry.npmjs.org/has-tostringtag/-/has-tostringtag-1.0.2.tgz 1056ms (cache miss)
3246 http fetch GET 200 https://registry.npmjs.org/mime-db/-/mime-db-1.54.0.tgz 1065ms (cache miss)
3247 http fetch GET 200 https://registry.npmjs.org/es-define-property/-/es-define-property-1.0.1.tgz 1057ms (cache miss)
3248 http fetch GET 200 https://registry.npmjs.org/dunder-proto/-/dunder-proto-1.0.1.tgz 1060ms (cache miss)
3249 http fetch GET 200 https://registry.npmjs.org/call-bind-apply-helpers/-/call-bind-apply-helpers-1.0.2.tgz 1061ms (cache miss)
3250 http fetch GET 200 https://registry.npmjs.org/es-errors/-/es-errors-1.3.0.tgz 1062ms (cache miss)
3251 http fetch GET 200 https://registry.npmjs.org/delayed-stream/-/delayed-stream-1.0.0.tgz 1063ms (cache miss)
3252 http fetch GET 200 https://registry.npmjs.org/hasown/-/hasown-2.0.3.tgz 1073ms (cache miss)
3253 http fetch GET 200 https://registry.npmjs.org/argparse/-/argparse-2.0.1.tgz 1087ms (cache miss)
3254 http fetch GET 200 https://registry.npmjs.org/combined-stream/-/combined-stream-1.0.8.tgz 1080ms (cache miss)
3255 http fetch GET 200 https://registry.npmjs.org/es-set-tostringtag/-/es-set-tostringtag-2.1.0.tgz 1080ms (cache miss)
3256 http fetch GET 200 https://registry.npmjs.org/path-exists/-/path-exists-4.0.0.tgz 1085ms (cache miss)
3257 http fetch GET 200 https://registry.npmjs.org/keyv/-/keyv-4.5.4.tgz 1089ms (cache miss)
3258 http fetch GET 200 https://registry.npmjs.org/bytes/-/bytes-3.1.2.tgz 1100ms (cache miss)
3259 http fetch GET 200 https://registry.npmjs.org/raw-body/-/raw-body-3.0.2.tgz 1116ms (cache miss)
3260 http fetch GET 200 https://registry.npmjs.org/flat-cache/-/flat-cache-4.0.1.tgz 1116ms (cache miss)
3261 http fetch GET 200 https://registry.npmjs.org/locate-path/-/locate-path-6.0.0.tgz 1119ms (cache miss)
3262 http fetch GET 200 https://registry.npmjs.org/type-is/-/type-is-2.0.1.tgz 1125ms (cache miss)
3263 http fetch GET 200 https://registry.npmjs.org/statuses/-/statuses-2.0.2.tgz 1125ms (cache miss)
3264 http fetch GET 200 https://registry.npmjs.org/range-parser/-/range-parser-1.2.1.tgz 1124ms (cache miss)
3265 http fetch GET 200 https://registry.npmjs.org/serve-static/-/serve-static-2.2.1.tgz 1127ms (cache miss)
3266 http fetch GET 200 https://registry.npmjs.org/get-intrinsic/-/get-intrinsic-1.3.0.tgz 1139ms (cache miss)
3267 http fetch GET 200 https://registry.npmjs.org/send/-/send-1.2.1.tgz 1141ms (cache miss)
3268 http fetch GET 200 https://registry.npmjs.org/router/-/router-2.2.0.tgz 1145ms (cache miss)
3269 http fetch GET 200 https://registry.npmjs.org/source-map-js/-/source-map-js-1.2.1.tgz 1167ms (cache miss)
3270 http fetch GET 200 https://registry.npmjs.org/parseurl/-/parseurl-1.3.3.tgz 1147ms (cache miss)
3271 http fetch GET 200 https://registry.npmjs.org/once/-/once-1.4.0.tgz 1148ms (cache miss)
3272 http fetch GET 200 https://registry.npmjs.org/proxy-addr/-/proxy-addr-2.0.7.tgz 1153ms (cache miss)
3273 http fetch GET 200 https://registry.npmjs.org/on-finished/-/on-finished-2.4.1.tgz 1152ms (cache miss)
3274 http fetch GET 200 https://registry.npmjs.org/fresh/-/fresh-2.0.0.tgz 1150ms (cache miss)
3275 http fetch GET 200 https://registry.npmjs.org/mime-types/-/mime-types-3.0.2.tgz 1152ms (cache miss)
3276 http fetch GET 200 https://registry.npmjs.org/merge-descriptors/-/merge-descriptors-2.0.0.tgz 1153ms (cache miss)
3277 http fetch GET 200 https://registry.npmjs.org/http-errors/-/http-errors-2.0.1.tgz 1156ms (cache miss)
3278 http fetch GET 200 https://registry.npmjs.org/escape-html/-/escape-html-1.0.3.tgz 1156ms (cache miss)
3279 http fetch GET 200 https://registry.npmjs.org/etag/-/etag-1.8.1.tgz 1162ms (cache miss)
3280 http fetch GET 200 https://registry.npmjs.org/finalhandler/-/finalhandler-2.1.1.tgz 1166ms (cache miss)
3281 http fetch GET 200 https://registry.npmjs.org/encodeurl/-/encodeurl-2.0.0.tgz 1166ms (cache miss)
3282 http fetch GET 200 https://registry.npmjs.org/depd/-/depd-2.0.0.tgz 1170ms (cache miss)
3283 http fetch GET 200 https://registry.npmjs.org/cookie-signature/-/cookie-signature-1.2.2.tgz 1174ms (cache miss)
3284 http fetch GET 200 https://registry.npmjs.org/cookie/-/cookie-0.7.2.tgz 1177ms (cache miss)
3285 http fetch GET 200 https://registry.npmjs.org/content-disposition/-/content-disposition-1.1.0.tgz 1176ms (cache miss)
3286 http fetch GET 200 https://registry.npmjs.org/content-type/-/content-type-1.0.5.tgz 1179ms (cache miss)
3287 http fetch GET 200 https://registry.npmjs.org/accepts/-/accepts-2.0.0.tgz 1177ms (cache miss)
3288 http fetch GET 200 https://registry.npmjs.org/negotiator/-/negotiator-1.0.0.tgz 1198ms (cache miss)
3289 http fetch GET 200 https://registry.npmjs.org/esrecurse/-/esrecurse-4.3.0.tgz 1188ms (cache miss)
3290 http fetch GET 200 https://registry.npmjs.org/shebang-command/-/shebang-command-2.0.0.tgz 1189ms (cache miss)
3291 http fetch GET 200 https://registry.npmjs.org/json-schema-traverse/-/json-schema-traverse-0.4.1.tgz 1195ms (cache miss)
3292 http fetch GET 200 https://registry.npmjs.org/acorn-jsx/-/acorn-jsx-5.3.2.tgz 1198ms (cache miss)
3293 http fetch GET 200 https://registry.npmjs.org/estraverse/-/estraverse-5.3.0.tgz 1197ms (cache miss)
3294 http fetch GET 200 https://registry.npmjs.org/path-key/-/path-key-3.1.1.tgz 1199ms (cache miss)
3295 http fetch GET 200 https://registry.npmjs.org/which/-/which-2.0.2.tgz 1206ms (cache miss)
3296 http fetch GET 200 https://registry.npmjs.org/fast-json-stable-stringify/-/fast-json-stable-stringify-2.1.0.tgz 1205ms (cache miss)
3297 http fetch GET 200 https://registry.npmjs.org/levn/-/levn-0.4.1.tgz 1205ms (cache miss)
3298 http fetch GET 200 https://registry.npmjs.org/strip-json-comments/-/strip-json-comments-3.1.1.tgz 1206ms (cache miss)
3299 http fetch GET 200 https://registry.npmjs.org/body-parser/-/body-parser-2.2.2.tgz 1213ms (cache miss)
3300 http fetch GET 200 https://registry.npmjs.org/@humanfs/types/-/types-0.15.0.tgz 1213ms (cache miss)
3301 http fetch GET 200 https://registry.npmjs.org/import-fresh/-/import-fresh-3.3.1.tgz 1211ms (cache miss)
3302 http fetch GET 200 https://registry.npmjs.org/natural-compare/-/natural-compare-1.4.0.tgz 1218ms (cache miss)
3303 http fetch GET 200 https://registry.npmjs.org/@types/json-schema/-/json-schema-7.0.15.tgz 1224ms (cache miss)
3304 http fetch GET 200 https://registry.npmjs.org/flatted/-/flatted-3.4.2.tgz 1248ms (cache miss)
3305 http fetch GET 200 https://registry.npmjs.org/@eslint/object-schema/-/object-schema-2.1.7.tgz 1231ms (cache miss)
3306 http fetch GET 200 https://registry.npmjs.org/optionator/-/optionator-0.9.4.tgz 1240ms (cache miss)
3307 http fetch GET 200 https://registry.npmjs.org/is-glob/-/is-glob-4.0.3.tgz 1244ms (cache miss)
3308 http fetch GET 200 https://registry.npmjs.org/lodash.merge/-/lodash.merge-4.6.2.tgz 1246ms (cache miss)
3309 http fetch GET 200 https://registry.npmjs.org/minimatch/-/minimatch-3.1.5.tgz 1247ms (cache miss)
3310 http fetch GET 200 https://registry.npmjs.org/find-up/-/find-up-5.0.0.tgz 1246ms (cache miss)
3311 http fetch GET 200 https://registry.npmjs.org/imurmurhash/-/imurmurhash-0.1.4.tgz 1248ms (cache miss)
3312 http fetch GET 200 https://registry.npmjs.org/glob-parent/-/glob-parent-6.0.2.tgz 1247ms (cache miss)
3313 http fetch GET 200 https://registry.npmjs.org/fast-deep-equal/-/fast-deep-equal-3.1.3.tgz 1248ms (cache miss)
3314 http fetch GET 200 https://registry.npmjs.org/json-stable-stringify-without-jsonify/-/json-stable-stringify-without-jsonify-1.0.1.tgz 1255ms (cache miss)
3315 http fetch GET 200 https://registry.npmjs.org/file-entry-cache/-/file-entry-cache-8.0.0.tgz 1262ms (cache miss)
3316 http fetch GET 200 https://registry.npmjs.org/ignore/-/ignore-5.3.2.tgz 1266ms (cache miss)
3317 http fetch GET 200 https://registry.npmjs.org/esutils/-/esutils-2.0.3.tgz 1268ms (cache miss)
3318 http fetch GET 200 https://registry.npmjs.org/asynckit/-/asynckit-0.4.0.tgz 1293ms (cache miss)
3319 http fetch GET 200 https://registry.npmjs.org/cross-spawn/-/cross-spawn-7.0.6.tgz 1279ms (cache miss)
3320 http fetch GET 200 https://registry.npmjs.org/@types/estree/-/estree-1.0.9.tgz 1292ms (cache miss)
3321 http fetch GET 200 https://registry.npmjs.org/escape-string-regexp/-/escape-string-regexp-4.0.0.tgz 1300ms (cache miss)
3322 http fetch GET 200 https://registry.npmjs.org/@humanfs/core/-/core-0.19.2.tgz 1309ms (cache miss)
3323 http fetch GET 200 https://registry.npmjs.org/@humanwhocodes/module-importer/-/module-importer-1.0.1.tgz 1299ms (cache miss)
3324 http fetch GET 200 https://registry.npmjs.org/ms/-/ms-2.1.3.tgz 1307ms (cache miss)
3325 http fetch GET 200 https://registry.npmjs.org/eslint-visitor-keys/-/eslint-visitor-keys-4.2.1.tgz 1321ms (cache miss)
3326 http fetch GET 200 https://registry.npmjs.org/@eslint/config-helpers/-/config-helpers-0.4.2.tgz 1323ms (cache miss)
3327 http fetch GET 200 https://registry.npmjs.org/acorn/-/acorn-8.16.0.tgz 1340ms (cache miss)
3328 http fetch GET 200 https://registry.npmjs.org/fast-glob/-/fast-glob-3.3.3.tgz 1379ms (cache miss)
3329 http fetch GET 200 https://registry.npmjs.org/qs/-/qs-6.15.1.tgz 1353ms (cache miss)
3330 http fetch GET 200 https://registry.npmjs.org/vary/-/vary-1.1.2.tgz 1336ms (cache miss)
3331 http fetch GET 200 https://registry.npmjs.org/espree/-/espree-10.4.0.tgz 1345ms (cache miss)
3332 http fetch GET 200 https://registry.npmjs.org/@humanfs/node/-/node-0.16.8.tgz 1346ms (cache miss)
3333 http fetch GET 200 https://registry.npmjs.org/object-assign/-/object-assign-4.1.1.tgz 1347ms (cache miss)
3334 http fetch GET 200 https://registry.npmjs.org/@eslint/core/-/core-0.17.0.tgz 1350ms (cache miss)
3335 http fetch GET 200 https://registry.npmjs.org/@humanwhocodes/retry/-/retry-0.4.3.tgz 1362ms (cache miss)
3336 http fetch GET 200 https://registry.npmjs.org/color-convert/-/color-convert-2.0.1.tgz 1360ms (cache miss)
3337 http fetch GET 200 https://registry.npmjs.org/color-name/-/color-name-1.1.4.tgz 1361ms (cache miss)
3338 http fetch GET 200 https://registry.npmjs.org/tree-kill/-/tree-kill-1.2.2.tgz 1367ms (cache miss)
3339 http fetch GET 200 https://registry.npmjs.org/ansi-styles/-/ansi-styles-4.3.0.tgz 1379ms (cache miss)
3340 http fetch GET 200 https://registry.npmjs.org/shell-quote/-/shell-quote-1.8.3.tgz 1386ms (cache miss)
3341 http fetch GET 200 https://registry.npmjs.org/@eslint/plugin-kit/-/plugin-kit-0.4.1.tgz 1396ms (cache miss)
3342 http fetch GET 200 https://registry.npmjs.org/eslint-scope/-/eslint-scope-8.4.0.tgz 1406ms (cache miss)
3343 http fetch GET 200 https://registry.npmjs.org/@eslint-community/regexpp/-/regexpp-4.12.2.tgz 1409ms (cache miss)
3344 http fetch GET 200 https://registry.npmjs.org/node-releases/-/node-releases-2.0.38.tgz 1406ms (cache miss)
3345 http fetch GET 200 https://registry.npmjs.org/supports-color/-/supports-color-8.1.1.tgz 1409ms (cache miss)
3346 http fetch GET 200 https://registry.npmjs.org/proxy-from-env/-/proxy-from-env-2.1.0.tgz 1410ms (cache miss)
3347 http fetch GET 200 https://registry.npmjs.org/postcss-value-parser/-/postcss-value-parser-4.2.0.tgz 1414ms (cache miss)
3348 http fetch GET 200 https://registry.npmjs.org/update-browserslist-db/-/update-browserslist-db-1.2.3.tgz 1431ms (cache miss)
3349 http fetch GET 200 https://registry.npmjs.org/@eslint-community/eslint-utils/-/eslint-utils-4.9.1.tgz 1442ms (cache miss)
3350 http fetch GET 200 https://registry.npmjs.org/chalk/-/chalk-4.1.2.tgz 1438ms (cache miss)
3351 http fetch GET 200 https://registry.npmjs.org/iconv-lite/-/iconv-lite-0.7.2.tgz 1476ms (cache miss)
3352 http fetch GET 200 https://registry.npmjs.org/@types/babel__traverse/-/babel__traverse-7.28.0.tgz 1441ms (cache miss)
3353 http fetch GET 200 https://registry.npmjs.org/form-data/-/form-data-4.0.5.tgz 1447ms (cache miss)
3354 http fetch GET 200 https://registry.npmjs.org/@types/babel__template/-/babel__template-7.4.4.tgz 1447ms (cache miss)
3355 http fetch GET 200 https://registry.npmjs.org/@types/babel__generator/-/babel__generator-7.27.0.tgz 1453ms (cache miss)
3356 http fetch GET 200 https://registry.npmjs.org/lru-cache/-/lru-cache-5.1.1.tgz 1455ms (cache miss)
3357 http fetch GET 200 https://registry.npmjs.org/follow-redirects/-/follow-redirects-1.16.0.tgz 1458ms (cache miss)
3358 http fetch GET 200 https://registry.npmjs.org/@babel/helper-globals/-/helper-globals-7.28.0.tgz 1458ms (cache miss)
3359 http fetch GET 200 https://registry.npmjs.org/baseline-browser-mapping/-/baseline-browser-mapping-2.10.29.tgz 1466ms (cache miss)
3360 http fetch GET 200 https://registry.npmjs.org/@babel/helper-plugin-utils/-/helper-plugin-utils-7.28.6.tgz 1467ms (cache miss)
3361 http fetch GET 200 https://registry.npmjs.org/@babel/helper-string-parser/-/helper-string-parser-7.27.1.tgz 1471ms (cache miss)
3362 http fetch GET 200 https://registry.npmjs.org/esquery/-/esquery-1.7.0.tgz 1497ms (cache miss)
3363 http fetch GET 200 https://registry.npmjs.org/@jridgewell/resolve-uri/-/resolve-uri-3.1.2.tgz 1483ms (cache miss)
3364 http fetch GET 200 https://registry.npmjs.org/electron-to-chromium/-/electron-to-chromium-1.5.353.tgz 1489ms (cache miss)
3365 http fetch GET 200 https://registry.npmjs.org/@babel/helper-module-imports/-/helper-module-imports-7.28.6.tgz 1490ms (cache miss)
3366 http fetch GET 200 https://registry.npmjs.org/@babel/helper-validator-option/-/helper-validator-option-7.27.1.tgz 1495ms (cache miss)
3367 http fetch GET 200 https://registry.npmjs.org/jsesc/-/jsesc-3.1.0.tgz 1499ms (cache miss)
3368 http fetch GET 200 https://registry.npmjs.org/picocolors/-/picocolors-1.1.1.tgz 1504ms (cache miss)
3369 http fetch GET 200 https://registry.npmjs.org/js-tokens/-/js-tokens-4.0.0.tgz 1508ms (cache miss)
3370 http fetch GET 200 https://registry.npmjs.org/browserslist/-/browserslist-4.28.2.tgz 1513ms (cache miss)
3371 http fetch GET 200 https://registry.npmjs.org/@babel/compat-data/-/compat-data-7.29.3.tgz 1519ms (cache miss)
3372 http fetch GET 200 https://registry.npmjs.org/fraction.js/-/fraction.js-5.3.4.tgz 1546ms (cache miss)
3373 http fetch GET 200 https://registry.npmjs.org/@eslint/config-array/-/config-array-0.21.2.tgz 1554ms (cache miss)
3374 http fetch GET 200 https://registry.npmjs.org/semver/-/semver-6.3.1.tgz 1545ms (cache miss)
3375 http fetch GET 200 https://registry.npmjs.org/js-yaml/-/js-yaml-4.1.1.tgz 1577ms (cache miss)
3376 http fetch GET 200 https://registry.npmjs.org/gensync/-/gensync-1.0.0-beta.2.tgz 1549ms (cache miss)
3377 http fetch GET 200 https://registry.npmjs.org/convert-source-map/-/convert-source-map-2.0.0.tgz 1549ms (cache miss)
3378 http fetch GET 200 https://registry.npmjs.org/@babel/helper-validator-identifier/-/helper-validator-identifier-7.28.5.tgz 1554ms (cache miss)
3379 http fetch GET 200 https://registry.npmjs.org/debug/-/debug-4.4.3.tgz 1564ms (cache miss)
3380 http fetch GET 200 https://registry.npmjs.org/@eslint/eslintrc/-/eslintrc-3.3.5.tgz 1631ms (cache miss)
3381 http fetch GET 200 https://registry.npmjs.org/@jridgewell/sourcemap-codec/-/sourcemap-codec-1.5.5.tgz 1621ms (cache miss)
3382 http fetch GET 200 https://registry.npmjs.org/json5/-/json5-2.2.3.tgz 1650ms (cache miss)
3383 http fetch GET 200 https://registry.npmjs.org/@rolldown/pluginutils/-/pluginutils-1.0.0-beta.27.tgz 1654ms (cache miss)
3384 http fetch GET 200 https://registry.npmjs.org/@babel/plugin-transform-react-jsx-self/-/plugin-transform-react-jsx-self-7.27.1.tgz 1653ms (cache miss)
3385 http fetch GET 200 https://registry.npmjs.org/@babel/helper-module-transforms/-/helper-module-transforms-7.28.6.tgz 1662ms (cache miss)
3386 http fetch GET 200 https://registry.npmjs.org/resolve/-/resolve-1.22.12.tgz 1742ms (cache miss)
3387 http fetch GET 200 https://registry.npmjs.org/@babel/template/-/template-7.28.6.tgz 1667ms (cache miss)
3388 http fetch GET 200 https://registry.npmjs.org/@babel/helper-compilation-targets/-/helper-compilation-targets-7.28.6.tgz 1667ms (cache miss)
3389 http fetch GET 200 https://registry.npmjs.org/@types/babel__core/-/babel__core-7.20.5.tgz 1669ms (cache miss)
3390 http fetch GET 200 https://registry.npmjs.org/uri-js/-/uri-js-4.4.1.tgz 1732ms (cache miss)
3391 http fetch GET 200 https://registry.npmjs.org/@jridgewell/gen-mapping/-/gen-mapping-0.3.13.tgz 1711ms (cache miss)
3392 http fetch GET 200 https://registry.npmjs.org/@babel/code-frame/-/code-frame-7.29.0.tgz 1708ms (cache miss)
3393 http fetch GET 200 https://registry.npmjs.org/@types/http-errors/-/http-errors-2.0.5.tgz 1711ms (cache miss)
3394 http fetch GET 200 https://registry.npmjs.org/@jridgewell/remapping/-/remapping-2.3.5.tgz 1720ms (cache miss)
3395 http fetch GET 200 https://registry.npmjs.org/@types/range-parser/-/range-parser-1.2.7.tgz 1724ms (cache miss)
3396 http fetch GET 200 https://registry.npmjs.org/@types/send/-/send-1.2.1.tgz 1725ms (cache miss)
3397 http fetch GET 200 https://registry.npmjs.org/react-refresh/-/react-refresh-0.17.0.tgz 1731ms (cache miss)
3398 http fetch GET 200 https://registry.npmjs.org/@types/connect/-/connect-3.4.38.tgz 1734ms (cache miss)
3399 http fetch GET 200 https://registry.npmjs.org/@types/qs/-/qs-6.15.1.tgz 1743ms (cache miss)
3400 http fetch GET 200 https://registry.npmjs.org/csstype/-/csstype-3.2.3.tgz 1749ms (cache miss)
3401 http fetch GET 200 https://registry.npmjs.org/@babel/plugin-transform-react-jsx-source/-/plugin-transform-react-jsx-source-7.27.1.tgz 1753ms (cache miss)
3402 http fetch GET 200 https://registry.npmjs.org/@types/body-parser/-/body-parser-1.19.6.tgz 1754ms (cache miss)
3403 http fetch GET 200 https://registry.npmjs.org/react-router-dom/-/react-router-dom-7.15.0.tgz 1758ms (cache miss)
3404 http fetch GET 200 https://registry.npmjs.org/@types/express-serve-static-core/-/express-serve-static-core-5.1.1.tgz 1760ms (cache miss)
3405 http fetch GET 200 https://registry.npmjs.org/@babel/parser/-/parser-7.29.3.tgz 1789ms (cache miss)
3406 http fetch GET 200 https://registry.npmjs.org/@types/react-dom/-/react-dom-19.2.3.tgz 1808ms (cache miss)
3407 http fetch GET 200 https://registry.npmjs.org/yargs/-/yargs-17.7.2.tgz 1844ms (cache miss)
3408 http fetch GET 200 https://registry.npmjs.org/@jridgewell/trace-mapping/-/trace-mapping-0.3.31.tgz 1834ms (cache miss)
3409 http fetch GET 200 https://registry.npmjs.org/@types/serve-static/-/serve-static-2.2.0.tgz 1860ms (cache miss)
3410 http fetch GET 200 https://registry.npmjs.org/undici-types/-/undici-types-6.21.0.tgz 1872ms (cache miss)
3411 http fetch GET 200 https://registry.npmjs.org/react/-/react-19.2.6.tgz 1888ms (cache miss)
3412 http fetch GET 200 https://registry.npmjs.org/helmet/-/helmet-8.1.0.tgz 1913ms (cache miss)
3413 http fetch GET 200 https://registry.npmjs.org/@babel/generator/-/generator-7.29.1.tgz 1954ms (cache miss)
3414 http fetch GET 200 https://registry.npmjs.org/react-router/-/react-router-7.15.0.tgz 2029ms (cache miss)
3415 http fetch GET 200 https://registry.npmjs.org/dotenv/-/dotenv-16.6.1.tgz 1959ms (cache miss)
3416 http fetch GET 200 https://registry.npmjs.org/@types/react/-/react-19.2.14.tgz 1977ms (cache miss)
3417 http fetch GET 200 https://registry.npmjs.org/ajv/-/ajv-6.15.0.tgz 2039ms (cache miss)
3418 http fetch GET 200 https://registry.npmjs.org/@babel/traverse/-/traverse-7.29.0.tgz 2028ms (cache miss)
3419 http fetch GET 200 https://registry.npmjs.org/postcss/-/postcss-8.5.14.tgz 2019ms (cache miss)
3420 http fetch GET 200 https://registry.npmjs.org/express/-/express-5.2.1.tgz 2022ms (cache miss)
3421 http fetch GET 200 https://registry.npmjs.org/cors/-/cors-2.8.6.tgz 2045ms (cache miss)
3422 http fetch GET 200 https://registry.npmjs.org/@types/express/-/express-5.0.6.tgz 2046ms (cache miss)
3423 http fetch GET 200 https://registry.npmjs.org/@types/cors/-/cors-2.8.19.tgz 2087ms (cache miss)
3424 http fetch GET 200 https://registry.npmjs.org/typescript-eslint/-/typescript-eslint-8.59.2.tgz 2089ms (cache miss)
3425 http fetch GET 200 https://registry.npmjs.org/@typescript-eslint/scope-manager/-/scope-manager-8.59.2.tgz 2250ms (cache miss)
3426 http fetch GET 200 https://registry.npmjs.org/eslint-config-prettier/-/eslint-config-prettier-10.1.8.tgz 2151ms (cache miss)
3427 http fetch GET 200 https://registry.npmjs.org/@eslint/js/-/js-9.39.4.tgz 2161ms (cache miss)
3428 http fetch GET 200 https://registry.npmjs.org/@vitejs/plugin-react/-/plugin-react-4.7.0.tgz 2167ms (cache miss)
3429 http fetch GET 200 https://registry.npmjs.org/@types/estree/-/estree-1.0.8.tgz 2181ms (cache miss)
3430 http fetch GET 200 https://registry.npmjs.org/autoprefixer/-/autoprefixer-10.5.0.tgz 2205ms (cache miss)
3431 http fetch GET 200 https://registry.npmjs.org/balanced-match/-/balanced-match-4.0.4.tgz 2220ms (cache miss)
3432 http fetch GET 200 https://registry.npmjs.org/picomatch/-/picomatch-4.0.4.tgz 2250ms (cache miss)
3433 http fetch GET 200 https://registry.npmjs.org/vite/-/vite-6.4.2.tgz 2278ms (cache miss)
3434 http fetch GET 200 https://registry.npmjs.org/@esbuild/win32-x64/-/win32-x64-0.27.7.tgz 2454ms (cache miss)
3435 http fetch GET 200 https://registry.npmjs.org/ignore/-/ignore-7.0.5.tgz 2370ms (cache miss)
3436 http fetch GET 200 https://registry.npmjs.org/@types/node/-/node-22.19.18.tgz 2378ms (cache miss)
3437 http fetch GET 200 https://registry.npmjs.org/sucrase/-/sucrase-3.35.1.tgz 2480ms (cache miss)
3438 http fetch GET 200 https://registry.npmjs.org/@babel/core/-/core-7.29.0.tgz 2409ms (cache miss)
3439 http fetch GET 200 https://registry.npmjs.org/fdir/-/fdir-6.5.0.tgz 2393ms (cache miss)
3440 http fetch GET 200 https://registry.npmjs.org/glob-parent/-/glob-parent-5.1.2.tgz 2393ms (cache miss)
3441 http fetch GET 200 https://registry.npmjs.org/glob-parent/-/glob-parent-5.1.2.tgz 2397ms (cache miss)
3442 http fetch GET 200 https://registry.npmjs.org/globals/-/globals-16.5.0.tgz 2409ms (cache miss)
3443 http fetch GET 200 https://registry.npmjs.org/eslint-visitor-keys/-/eslint-visitor-keys-3.4.3.tgz 2449ms (cache miss)
3444 http fetch GET 200 https://registry.npmjs.org/supports-color/-/supports-color-7.2.0.tgz 2468ms (cache miss)
3445 http fetch GET 200 https://registry.npmjs.org/globals/-/globals-14.0.0.tgz 2486ms (cache miss)
3446 http fetch GET 200 https://registry.npmjs.org/mime-types/-/mime-types-2.1.35.tgz 2505ms (cache miss)
3447 http fetch GET 200 https://registry.npmjs.org/cookie/-/cookie-1.1.1.tgz 2508ms (cache miss)
3448 http fetch GET 200 https://registry.npmjs.org/axios/-/axios-1.16.0.tgz 2551ms (cache miss)
3449 http fetch GET 200 https://registry.npmjs.org/tsx/-/tsx-4.21.0.tgz 2550ms (cache miss)
3450 http fetch GET 200 https://registry.npmjs.org/brace-expansion/-/brace-expansion-5.0.6.tgz 2553ms (cache miss)
3451 http fetch GET 200 https://registry.npmjs.org/fdir/-/fdir-6.5.0.tgz 2556ms (cache miss)
3452 http fetch GET 200 https://registry.npmjs.org/picomatch/-/picomatch-4.0.4.tgz 2558ms (cache miss)
3453 http fetch GET 200 https://registry.npmjs.org/eslint-visitor-keys/-/eslint-visitor-keys-5.0.1.tgz 2627ms (cache miss)
3454 http fetch GET 200 https://registry.npmjs.org/esbuild/-/esbuild-0.25.12.tgz 2656ms (cache miss)
3455 http fetch GET 200 https://registry.npmjs.org/mime-db/-/mime-db-1.52.0.tgz 2704ms (cache miss)
3456 http fetch GET 200 https://registry.npmjs.org/react-dom/-/react-dom-19.2.6.tgz 2766ms (cache miss)
3457 http fetch GET 200 https://registry.npmjs.org/semver/-/semver-7.8.0.tgz 2763ms (cache miss)
3458 http fetch GET 200 https://registry.npmjs.org/@babel/types/-/types-7.29.0.tgz 2826ms (cache miss)
3459 http fetch GET 200 https://registry.npmjs.org/minimatch/-/minimatch-10.2.5.tgz 2827ms (cache miss)
3460 http fetch GET 200 https://registry.npmjs.org/concurrently/-/concurrently-9.2.1.tgz 2864ms (cache miss)
3461 http fetch GET 200 https://registry.npmjs.org/@typescript-eslint/eslint-plugin/-/eslint-plugin-8.59.2.tgz 3078ms (cache miss)
3462 http fetch GET 200 https://registry.npmjs.org/@babel/helpers/-/helpers-7.29.2.tgz 3002ms (cache miss)
3463 http fetch GET 200 https://registry.npmjs.org/tailwindcss/-/tailwindcss-3.4.19.tgz 3080ms (cache miss)
3464 http fetch GET 200 https://registry.npmjs.org/eslint/-/eslint-9.39.4.tgz 3621ms (cache miss)
3465 http fetch GET 200 https://registry.npmjs.org/@esbuild/win32-x64/-/win32-x64-0.25.12.tgz 3734ms (cache miss)
3466 http fetch GET 200 https://registry.npmjs.org/typescript/-/typescript-5.9.3.tgz 3766ms (cache miss)
3467 http fetch GET 200 https://registry.npmjs.org/zod/-/zod-3.25.76.tgz 3920ms (cache miss)
3468 http fetch GET 200 https://registry.npmjs.org/caniuse-lite/-/caniuse-lite-1.0.30001792.tgz 4120ms (cache miss)
3469 http fetch GET 200 https://registry.npmjs.org/typescript/-/typescript-5.9.3.tgz 4521ms (cache miss)
3470 http fetch GET 200 https://registry.npmjs.org/typescript/-/typescript-6.0.3.tgz 4676ms (cache miss)
3471 http fetch GET 200 https://registry.npmjs.org/prettier/-/prettier-3.8.3.tgz 5002ms (cache miss)
3472 http fetch GET 200 https://registry.npmjs.org/rxjs/-/rxjs-7.8.2.tgz 6779ms (cache miss)
3473 http fetch GET 200 https://registry.npmjs.org/lucide-react/-/lucide-react-0.511.0.tgz 8724ms (cache miss)
3474 info run esbuild@0.27.7 postinstall node_modules/esbuild node install.js
3475 info run esbuild@0.25.12 postinstall node_modules/vite/node_modules/esbuild node install.js
3476 info run esbuild@0.27.7 postinstall { code: 0, signal: null }
3477 info run esbuild@0.25.12 postinstall { code: 0, signal: null }
3478 silly ADD apps/frontend/node_modules/typescript
3479 silly ADD apps/backend/node_modules/typescript
3480 silly ADD node_modules/ansi-regex
3481 silly ADD node_modules/is-fullwidth-code-point
3482 silly ADD node_modules/emoji-regex
3483 silly ADD node_modules/wrap-ansi
3484 silly ADD node_modules/strip-ansi
3485 silly ADD node_modules/yargs-parser
3486 silly ADD node_modules/y18n
3487 silly ADD node_modules/string-width
3488 silly ADD node_modules/require-directory
3489 silly ADD node_modules/get-caller-file
3490 silly ADD node_modules/cliui
3491 silly ADD node_modules/isexe
3492 silly ADD node_modules/@rollup/rollup-win32-x64-msvc
3493 silly ADD node_modules/@rollup/rollup-win32-x64-gnu
3494 silly ADD node_modules/rollup
3495 silly ADD node_modules/rollup/node_modules/@types/estree
3496 silly ADD node_modules/punycode
3497 silly ADD node_modules/escalade
3498 silly ADD node_modules/@typescript-eslint/tsconfig-utils
3499 silly ADD node_modules/@typescript-eslint/project-service
3500 silly ADD node_modules/@typescript-eslint/types
3501 silly ADD node_modules/ts-api-utils
3502 silly ADD node_modules/@typescript-eslint/visitor-keys
3503 silly ADD node_modules/@typescript-eslint/visitor-keys/node_modules/eslint-visitor-keys
3504 silly ADD node_modules/@typescript-eslint/type-utils
3505 silly ADD node_modules/@typescript-eslint/scope-manager
3506 silly ADD node_modules/@typescript-eslint/utils
3507 silly ADD node_modules/@typescript-eslint/typescript-estree
3508 silly ADD node_modules/@typescript-eslint/typescript-estree/node_modules/balanced-match
3509 silly ADD node_modules/@typescript-eslint/typescript-estree/node_modules/brace-expansion
3510 silly ADD node_modules/@typescript-eslint/typescript-estree/node_modules/semver
3511 silly ADD node_modules/@typescript-eslint/typescript-estree/node_modules/minimatch
3512 silly ADD node_modules/@typescript-eslint/parser
3513 silly ADD node_modules/@typescript-eslint/eslint-plugin
3514 silly ADD node_modules/@typescript-eslint/eslint-plugin/node_modules/ignore
3515 silly ADD node_modules/media-typer
3516 silly ADD node_modules/resolve-pkg-maps
3517 silly ADD node_modules/@esbuild/win32-x64
3518 silly ADD node_modules/get-tsconfig
3519 silly ADD node_modules/esbuild
3520 silly ADD node_modules/is-number
3521 silly ADD node_modules/thenify
3522 silly ADD node_modules/thenify-all
3523 silly ADD node_modules/any-promise
3524 silly ADD node_modules/ts-interface-checker
3525 silly ADD node_modules/tinyglobby
3526 silly ADD node_modules/tinyglobby/node_modules/picomatch
3527 silly ADD node_modules/tinyglobby/node_modules/fdir
3528 silly ADD node_modules/pirates
3529 silly ADD node_modules/mz
3530 silly ADD node_modules/lines-and-columns
3531 silly ADD node_modules/commander
3532 silly ADD node_modules/queue-microtask
3533 silly ADD node_modules/supports-preserve-symlinks-flag
3534 silly ADD node_modules/path-parse
3535 silly ADD node_modules/is-core-module
3536 silly ADD node_modules/pify
3537 silly ADD node_modules/util-deprecate
3538 silly ADD node_modules/cssesc
3539 silly ADD node_modules/camelcase-css
3540 silly ADD node_modules/read-cache
3541 silly ADD node_modules/binary-extensions
3542 silly ADD node_modules/to-regex-range
3543 silly ADD node_modules/reusify
3544 silly ADD node_modules/run-parallel
3545 silly ADD node_modules/fastq
3546 silly ADD node_modules/@nodelib/fs.scandir
3547 silly ADD node_modules/merge2
3548 silly ADD node_modules/@nodelib/fs.walk
3549 silly ADD node_modules/@nodelib/fs.stat
3550 silly ADD node_modules/fill-range
3551 silly ADD node_modules/picomatch
3552 silly ADD node_modules/readdirp
3553 silly ADD node_modules/is-binary-path
3554 silly ADD node_modules/braces
3555 silly ADD node_modules/anymatch
3556 silly ADD node_modules/sucrase
3557 silly ADD node_modules/resolve
3558 silly ADD node_modules/postcss-selector-parser
3559 silly ADD node_modules/postcss-nested
3560 silly ADD node_modules/postcss-load-config
3561 silly ADD node_modules/postcss-js
3562 silly ADD node_modules/postcss-import
3563 silly ADD node_modules/object-hash
3564 silly ADD node_modules/normalize-path
3565 silly ADD node_modules/micromatch
3566 silly ADD node_modules/lilconfig
3567 silly ADD node_modules/jiti
3568 silly ADD node_modules/fast-glob
3569 silly ADD node_modules/fast-glob/node_modules/glob-parent
3570 silly ADD node_modules/dlv
3571 silly ADD node_modules/didyoumean
3572 silly ADD node_modules/chokidar
3573 silly ADD node_modules/chokidar/node_modules/glob-parent
3574 silly ADD node_modules/arg
3575 silly ADD node_modules/@alloc/quick-lru
3576 silly ADD node_modules/has-flag
3577 silly ADD node_modules/call-bound
3578 silly ADD node_modules/side-channel-weakmap
3579 silly ADD node_modules/side-channel-map
3580 silly ADD node_modules/side-channel-list
3581 silly ADD node_modules/object-inspect
3582 silly ADD node_modules/shebang-regex
3583 silly ADD node_modules/tslib
3584 silly ADD node_modules/path-to-regexp
3585 silly ADD node_modules/is-promise
3586 silly ADD node_modules/set-cookie-parser
3587 silly ADD node_modules/react-router
3588 silly ADD node_modules/react-router/node_modules/cookie
3589 silly ADD node_modules/scheduler
3590 silly ADD node_modules/unpipe
3591 silly ADD node_modules/side-channel
3592 silly ADD node_modules/ipaddr.js
3593 silly ADD node_modules/forwarded
3594 silly ADD node_modules/source-map-js
3595 silly ADD node_modules/nanoid
3596 silly ADD node_modules/callsites
3597 silly ADD node_modules/yocto-queue
3598 silly ADD node_modules/p-limit
3599 silly ADD node_modules/word-wrap
3600 silly ADD node_modules/fast-levenshtein
3601 silly ADD node_modules/deep-is
3602 silly ADD node_modules/wrappy
3603 silly ADD node_modules/ee-first
3604 silly ADD node_modules/concat-map
3605 silly ADD node_modules/balanced-match
3606 silly ADD node_modules/brace-expansion
3607 silly ADD node_modules/mime-db
3608 silly ADD node_modules/yallist
3609 silly ADD node_modules/p-locate
3610 silly ADD node_modules/type-check
3611 silly ADD node_modules/prelude-ls
3612 silly ADD node_modules/json-buffer
3613 silly ADD node_modules/argparse
3614 silly ADD node_modules/is-extglob
3615 silly ADD node_modules/resolve-from
3616 silly ADD node_modules/parent-module
3617 silly ADD node_modules/safer-buffer
3618 silly ADD node_modules/toidentifier
3619 silly ADD node_modules/setprototypeof
3620 silly ADD node_modules/inherits
3621 silly ADD node_modules/dunder-proto
3622 silly ADD node_modules/math-intrinsics
3623 silly ADD node_modules/has-symbols
3624 silly ADD node_modules/gopd
3625 silly ADD node_modules/get-proto
3626 silly ADD node_modules/function-bind
3627 silly ADD node_modules/es-object-atoms
3628 silly ADD node_modules/es-define-property
3629 silly ADD node_modules/call-bind-apply-helpers
3630 silly ADD node_modules/has-tostringtag
3631 silly ADD node_modules/get-intrinsic
3632 silly ADD node_modules/es-errors
3633 silly ADD node_modules/delayed-stream
3634 silly ADD node_modules/hasown
3635 silly ADD node_modules/es-set-tostringtag
3636 silly ADD node_modules/combined-stream
3637 silly ADD node_modules/asynckit
3638 silly ADD node_modules/keyv
3639 silly ADD node_modules/flatted
3640 silly ADD node_modules/path-exists
3641 silly ADD node_modules/locate-path
3642 silly ADD node_modules/flat-cache
3643 silly ADD node_modules/raw-body
3644 silly ADD node_modules/iconv-lite
3645 silly ADD node_modules/bytes
3646 silly ADD node_modules/negotiator
3647 silly ADD node_modules/type-is
3648 silly ADD node_modules/statuses
3649 silly ADD node_modules/serve-static
3650 silly ADD node_modules/send
3651 silly ADD node_modules/router
3652 silly ADD node_modules/range-parser
3653 silly ADD node_modules/qs
3654 silly ADD node_modules/proxy-addr
3655 silly ADD node_modules/parseurl
3656 silly ADD node_modules/once
3657 silly ADD node_modules/on-finished
3658 silly ADD node_modules/mime-types
3659 silly ADD node_modules/merge-descriptors
3660 silly ADD node_modules/http-errors
3661 silly ADD node_modules/fresh
3662 silly ADD node_modules/finalhandler
3663 silly ADD node_modules/etag
3664 silly ADD node_modules/escape-html
3665 silly ADD node_modules/encodeurl
3666 silly ADD node_modules/depd
3667 silly ADD node_modules/cookie-signature
3668 silly ADD node_modules/cookie
3669 silly ADD node_modules/content-type
3670 silly ADD node_modules/content-disposition
3671 silly ADD node_modules/body-parser
3672 silly ADD node_modules/accepts
3673 silly ADD node_modules/acorn-jsx
3674 silly ADD node_modules/acorn
3675 silly ADD node_modules/estraverse
3676 silly ADD node_modules/esrecurse
3677 silly ADD node_modules/which
3678 silly ADD node_modules/shebang-command
3679 silly ADD node_modules/path-key
3680 silly ADD node_modules/uri-js
3681 silly ADD node_modules/json-schema-traverse
3682 silly ADD node_modules/fast-json-stable-stringify
3683 silly ADD node_modules/@humanfs/types
3684 silly ADD node_modules/@humanfs/core
3685 silly ADD node_modules/levn
3686 silly ADD node_modules/strip-json-comments
3687 silly ADD node_modules/js-yaml
3688 silly ADD node_modules/import-fresh
3689 silly ADD node_modules/@types/json-schema
3690 silly ADD node_modules/@eslint/object-schema
3691 silly ADD node_modules/optionator
3692 silly ADD node_modules/natural-compare
3693 silly ADD node_modules/minimatch
3694 silly ADD node_modules/lodash.merge
3695 silly ADD node_modules/json-stable-stringify-without-jsonify
3696 silly ADD node_modules/is-glob
3697 silly ADD node_modules/imurmurhash
3698 silly ADD node_modules/ignore
3699 silly ADD node_modules/glob-parent
3700 silly ADD node_modules/find-up
3701 silly ADD node_modules/file-entry-cache
3702 silly ADD node_modules/fast-deep-equal
3703 silly ADD node_modules/esutils
3704 silly ADD node_modules/esquery
3705 silly ADD node_modules/espree
3706 silly ADD node_modules/eslint-visitor-keys
3707 silly ADD node_modules/eslint-scope
3708 silly ADD node_modules/escape-string-regexp
3709 silly ADD node_modules/cross-spawn
3710 silly ADD node_modules/ajv
3711 silly ADD node_modules/@types/estree
3712 silly ADD node_modules/@humanwhocodes/retry
3713 silly ADD node_modules/@humanwhocodes/module-importer
3714 silly ADD node_modules/@humanfs/node
3715 silly ADD node_modules/@eslint/plugin-kit
3716 silly ADD node_modules/@eslint/eslintrc
3717 silly ADD node_modules/@eslint/eslintrc/node_modules/globals
3718 silly ADD node_modules/@eslint/core
3719 silly ADD node_modules/@eslint/config-helpers
3720 silly ADD node_modules/@eslint/config-array
3721 silly ADD node_modules/@eslint-community/regexpp
3722 silly ADD node_modules/@eslint-community/eslint-utils
3723 silly ADD node_modules/@eslint-community/eslint-utils/node_modules/eslint-visitor-keys
3724 silly ADD node_modules/ms
3725 silly ADD node_modules/vary
3726 silly ADD node_modules/object-assign
3727 silly ADD node_modules/color-name
3728 silly ADD node_modules/color-convert
3729 silly ADD node_modules/ansi-styles
3730 silly ADD node_modules/yargs
3731 silly ADD node_modules/tree-kill
3732 silly ADD node_modules/supports-color
3733 silly ADD node_modules/shell-quote
3734 silly ADD node_modules/rxjs
3735 silly ADD node_modules/chalk
3736 silly ADD node_modules/chalk/node_modules/supports-color
3737 silly ADD node_modules/update-browserslist-db
3738 silly ADD node_modules/node-releases
3739 silly ADD node_modules/electron-to-chromium
3740 silly ADD node_modules/baseline-browser-mapping
3741 silly ADD node_modules/proxy-from-env
3742 silly ADD node_modules/form-data
3743 silly ADD node_modules/form-data/node_modules/mime-db
3744 silly ADD node_modules/form-data/node_modules/mime-types
3745 silly ADD node_modules/follow-redirects
3746 silly ADD node_modules/postcss-value-parser
3747 silly ADD node_modules/fraction.js
3748 silly ADD node_modules/caniuse-lite
3749 silly ADD node_modules/@types/babel__traverse
3750 silly ADD node_modules/@types/babel__template
3751 silly ADD node_modules/@types/babel__generator
3752 silly ADD node_modules/@jridgewell/resolve-uri
3753 silly ADD node_modules/@jridgewell/sourcemap-codec
3754 silly ADD node_modules/@babel/helper-string-parser
3755 silly ADD node_modules/@babel/helper-globals
3756 silly ADD node_modules/@babel/helper-plugin-utils
3757 silly ADD node_modules/@babel/helper-module-imports
3758 silly ADD node_modules/lru-cache
3759 silly ADD node_modules/browserslist
3760 silly ADD node_modules/@babel/helper-validator-option
3761 silly ADD node_modules/@babel/compat-data
3762 silly ADD node_modules/jsesc
3763 silly ADD node_modules/@jridgewell/trace-mapping
3764 silly ADD node_modules/@jridgewell/gen-mapping
3765 silly ADD node_modules/picocolors
3766 silly ADD node_modules/js-tokens
3767 silly ADD node_modules/@babel/helper-validator-identifier
3768 silly ADD node_modules/semver
3769 silly ADD node_modules/json5
3770 silly ADD node_modules/gensync
3771 silly ADD node_modules/debug
3772 silly ADD node_modules/convert-source-map
3773 silly ADD node_modules/@jridgewell/remapping
3774 silly ADD node_modules/@babel/types
3775 silly ADD node_modules/@babel/traverse
3776 silly ADD node_modules/@babel/template
3777 silly ADD node_modules/@babel/parser
3778 silly ADD node_modules/@babel/helpers
3779 silly ADD node_modules/@babel/helper-module-transforms
3780 silly ADD node_modules/@babel/helper-compilation-targets
3781 silly ADD node_modules/@babel/generator
3782 silly ADD node_modules/@babel/code-frame
3783 silly ADD node_modules/react-refresh
3784 silly ADD node_modules/@types/babel__core
3785 silly ADD node_modules/@rolldown/pluginutils
3786 silly ADD node_modules/@babel/plugin-transform-react-jsx-source
3787 silly ADD node_modules/@babel/plugin-transform-react-jsx-self
3788 silly ADD node_modules/@babel/core
3789 silly ADD node_modules/@types/http-errors
3790 silly ADD node_modules/csstype
3791 silly ADD node_modules/undici-types
3792 silly ADD node_modules/@types/send
3793 silly ADD node_modules/@types/range-parser
3794 silly ADD node_modules/@types/qs
3795 silly ADD node_modules/@types/connect
3796 silly ADD node_modules/@types/serve-static
3797 silly ADD node_modules/@types/express-serve-static-core
3798 silly ADD node_modules/@types/body-parser
3799 silly ADD node_modules/tailwindcss
3800 silly ADD node_modules/react-router-dom
3801 silly ADD node_modules/react-dom
3802 silly ADD node_modules/react
3803 silly ADD node_modules/lucide-react
3804 silly ADD node_modules/axios
3805 silly ADD node_modules/postcss
3806 silly ADD node_modules/autoprefixer
3807 silly ADD node_modules/vite
3808 silly ADD node_modules/vite/node_modules/@esbuild/win32-x64
3809 silly ADD node_modules/vite/node_modules/picomatch
3810 silly ADD node_modules/vite/node_modules/fdir
3811 silly ADD node_modules/vite/node_modules/esbuild
3812 silly ADD node_modules/@vitejs/plugin-react
3813 silly ADD node_modules/@types/react-dom
3814 silly ADD node_modules/@types/react
3815 silly ADD node_modules/zod
3816 silly ADD node_modules/tsx
3817 silly ADD node_modules/helmet
3818 silly ADD node_modules/express
3819 silly ADD node_modules/dotenv
3820 silly ADD node_modules/cors
3821 silly ADD node_modules/@types/node
3822 silly ADD node_modules/@types/express
3823 silly ADD node_modules/@types/cors
3824 silly ADD node_modules/typescript
3825 silly ADD node_modules/typescript-eslint
3826 silly ADD node_modules/prettier
3827 silly ADD node_modules/globals
3828 silly ADD node_modules/eslint-config-prettier
3829 silly ADD node_modules/eslint
3830 silly ADD node_modules/concurrently
3831 silly ADD node_modules/@eslint/js
3832 silly ADD node_modules/@erp/frontend
3833 silly ADD node_modules/@erp/backend
3834 verbose cwd C:\Users\Stephen\Documents\New project
3835 verbose os Windows_NT 10.0.26200
3836 verbose node v24.14.0
3837 verbose npm  v11.9.0
3838 notice
3838 notice New minor version of npm available! 11.9.0 -> 11.14.1
3838 notice Changelog: https://github.com/npm/cli/releases/tag/v11.14.1
3838 notice To update run: npm install -g npm@11.14.1
3838 notice  { force: true, Symbol(proc-log.meta): true }
3839 verbose exit 0
3840 info ok
